customer_id,customer_segment,customer_country,customer_state,customer_city
366,Corporate,Puerto Rico,PR,Caguas
400,Corporate,Puerto Rico,PR,Caguas
1007,Corporate,Puerto Rico,PR,Caguas
3277,Corporate,Puerto Rico,PR,Caguas
7667,Corporate,Puerto Rico,PR,Caguas
5881,Corporate,Puerto Rico,PR,Caguas
625,Corporate,Puerto Rico,PR,Caguas
9659,Corporate,Puerto Rico,PR,Caguas
8075,Corporate,Puerto Rico,PR,Caguas
11946,Corporate,Puerto Rico,PR,Caguas
3136,Corporate,Puerto Rico,PR,Caguas
13492,Corporate,Puerto Rico,PR,Caguas
3425,Corporate,Puerto Rico,PR,Caguas
3263,Corporate,Puerto Rico,PR,Caguas
15108,Corporate,Puerto Rico,PR,Caguas
8796,Corporate,Puerto Rico,PR,Caguas
13566,Corporate,Puerto Rico,PR,Caguas
740,Corporate,Puerto Rico,PR,Caguas
11045,Corporate,Puerto Rico,PR,Caguas
7898,Corporate,Puerto Rico,PR,Caguas
4382,Corporate,Puerto Rico,PR,Caguas
2384,Corporate,Puerto Rico,PR,Caguas
12726,Corporate,Puerto Rico,PR,Caguas
12579,Corporate,Puerto Rico,PR,Caguas
12552,Corporate,Puerto Rico,PR,Caguas
11354,Corporate,Puerto Rico,PR,Caguas
918,Corporate,Puerto Rico,PR,Caguas
11076,Corporate,Puerto Rico,PR,Caguas
3488,Corporate,Puerto Rico,PR,Caguas
11978,Corporate,Puerto Rico,PR,Caguas
9967,Corporate,Puerto Rico,PR,Caguas
4342,Corporate,Puerto Rico,PR,Caguas
17461,Corporate,Puerto Rico,PR,Caguas
10161,Corporate,Puerto Rico,PR,Caguas
9446,Corporate,Puerto Rico,PR,Caguas
8157,Corporate,Puerto Rico,PR,Manati
15488,Corporate,Puerto Rico,PR,Caguas
5759,Corporate,Puerto Rico,PR,Caguas
17713,Corporate,Puerto Rico,PR,Caguas
20652,Corporate,Puerto Rico,PR,Caguas
3366,Corporate,Puerto Rico,PR,Caguas
4283,Corporate,Puerto Rico,PR,Caguas
17878,Corporate,Puerto Rico,PR,Caguas
7049,Corporate,Puerto Rico,PR,Caguas
16360,Corporate,Puerto Rico,PR,Caguas
10255,Corporate,Puerto Rico,PR,Caguas
2020,Corporate,Puerto Rico,PR,Caguas
9941,Corporate,Puerto Rico,PR,Caguas
8201,Consumer,Puerto Rico,PR,Caguas
5453,Consumer,Puerto Rico,PR,Caguas
39,Consumer,Puerto Rico,PR,Caguas
3675,Consumer,Puerto Rico,PR,Caguas
6466,Consumer,Puerto Rico,PR,Caguas
9785,Consumer,Puerto Rico,PR,Caguas
7360,Consumer,Puerto Rico,PR,Caguas
3111,Consumer,Puerto Rico,PR,Caguas
9905,Consumer,Puerto Rico,PR,Caguas
2168,Consumer,Puerto Rico,PR,Caguas
11129,Consumer,Puerto Rico,PR,Caguas
13766,Consumer,Puerto Rico,PR,Caguas
10903,Consumer,Puerto Rico,PR,San Juan
3447,Consumer,Puerto Rico,PR,Caguas
2680,Consumer,Puerto Rico,PR,Caguas
11800,Consumer,Puerto Rico,PR,Caguas
2415,Consumer,Puerto Rico,PR,Caguas
10675,Consumer,Puerto Rico,PR,Caguas
6020,Consumer,Puerto Rico,PR,Caguas
1560,Consumer,Puerto Rico,PR,Caguas
316,Consumer,Puerto Rico,PR,Caguas
2609,Consumer,Puerto Rico,PR,Caguas
2521,Consumer,Puerto Rico,PR,Caguas
17918,Consumer,Puerto Rico,PR,Caguas
12298,Consumer,Puerto Rico,PR,Caguas
17970,Consumer,Puerto Rico,PR,Caguas
2134,Consumer,Puerto Rico,PR,Caguas
20049,Consumer,Puerto Rico,PR,Caguas
3363,Consumer,Puerto Rico,PR,Caguas
559,Consumer,Puerto Rico,PR,Caguas
113,Consumer,Puerto Rico,PR,Caguas
6985,Consumer,Puerto Rico,PR,Caguas
722,Consumer,Puerto Rico,PR,Caguas
10852,Consumer,Puerto Rico,PR,Caguas
9429,Consumer,Puerto Rico,PR,Caguas
2092,Consumer,Puerto Rico,PR,Caguas
1158,Consumer,Puerto Rico,PR,Caguas
10015,Consumer,Puerto Rico,PR,Caguas
5574,Consumer,Puerto Rico,PR,Caguas
6368,Consumer,Puerto Rico,PR,Caguas
6401,Consumer,Puerto Rico,PR,Caguas
9372,Consumer,Puerto Rico,PR,Caguas
9920,Consumer,Puerto Rico,PR,Caguas
12021,Consumer,Puerto Rico,PR,Caguas
1243,Consumer,Puerto Rico,PR,Caguas
8864,Consumer,Puerto Rico,PR,Caguas
14711,Consumer,Puerto Rico,PR,Caguas
10294,Consumer,Puerto Rico,PR,Caguas
4838,Consumer,Puerto Rico,PR,Caguas
6039,Consumer,Puerto Rico,PR,Caguas
2518,Consumer,Puerto Rico,PR,Caguas
8433,Consumer,Puerto Rico,PR,Ponce
9335,Consumer,Puerto Rico,PR,Caguas
6937,Consumer,Puerto Rico,PR,Caguas
287,Consumer,Puerto Rico,PR,Caguas
3540,Consumer,Puerto Rico,PR,Caguas
3532,Consumer,Puerto Rico,PR,Caguas
8976,Consumer,Puerto Rico,PR,Caguas
7901,Consumer,Puerto Rico,PR,Caguas
9398,Consumer,Puerto Rico,PR,Caguas
9140,Consumer,Puerto Rico,PR,Caguas
3186,Consumer,Puerto Rico,PR,Caguas
2866,Consumer,Puerto Rico,PR,Caguas
12829,Consumer,Puerto Rico,PR,Caguas
12411,Consumer,Puerto Rico,PR,Caguas
3618,Consumer,Puerto Rico,PR,Caguas
11644,Consumer,Puerto Rico,PR,Caguas
8432,Consumer,Puerto Rico,PR,Caguas
1193,Consumer,Puerto Rico,PR,Caguas
6687,Consumer,Puerto Rico,PR,Caguas
6799,Consumer,Puerto Rico,PR,Caguas
1514,Consumer,Puerto Rico,PR,Caguas
2616,Consumer,Puerto Rico,PR,Caguas
720,Consumer,Puerto Rico,PR,Caguas
4063,Consumer,Puerto Rico,PR,Caguas
1090,Consumer,Puerto Rico,PR,Caguas
6468,Consumer,Puerto Rico,PR,Caguas
4920,Consumer,Puerto Rico,PR,Caguas
10910,Consumer,Puerto Rico,PR,Caguas
1820,Consumer,Puerto Rico,PR,Caguas
1580,Consumer,Puerto Rico,PR,Caguas
9248,Consumer,Puerto Rico,PR,Caguas
15638,Consumer,Puerto Rico,PR,Caguas
12033,Consumer,Puerto Rico,PR,Caguas
9782,Consumer,United States,CA,San Jose
6470,Consumer,United States,MA,Revere
6402,Consumer,United States,NY,Jamaica
7366,Consumer,United States,SC,Columbia
1997,Consumer,United States,CA,Hanford
8052,Consumer,United States,CA,La Mesa
746,Consumer,United States,CA,Santa Ana
6585,Consumer,United States,CA,San Diego
11246,Consumer,United States,MI,Howell
12414,Consumer,United States,IL,Chicago
10954,Consumer,United States,NV,Las Vegas
6140,Consumer,United States,NJ,Union
10014,Consumer,United States,CO,Greeley
11047,Consumer,United States,IL,Chicago
2724,Consumer,United States,CA,Los Angeles
11523,Consumer,United States,FL,Tampa
4044,Consumer,United States,TX,Plano
4308,Consumer,United States,NJ,Irvington
9523,Consumer,United States,CA,Sun Valley
2345,Consumer,United States,NY,New York
9104,Consumer,United States,NC,Apex
9485,Consumer,United States,CA,El Cajon
1775,Consumer,United States,VA,Virginia Beach
6095,Consumer,United States,MA,Revere
45,Consumer,United States,CO,Denver
3763,Consumer,United States,MI,Warren
12098,Consumer,United States,CA,San Jose
11861,Consumer,United States,MN,Saint Paul
12012,Consumer,United States,CA,Antioch
2921,Consumer,United States,IL,Chicago
11328,Consumer,United States,CA,Los Angeles
11899,Consumer,United States,MI,Mount Pleasant
4345,Consumer,United States,CA,Granada Hills
7006,Consumer,United States,VA,Arlington
9618,Consumer,United States,FL,Brandon
3026,Consumer,United States,GA,Augusta
7298,Consumer,United States,IL,Oak Lawn
9692,Consumer,United States,TX,Laredo
10810,Consumer,United States,NJ,North Bergen
7201,Consumer,United States,FL,Opa Locka
2792,Consumer,United States,MA,Plymouth
747,Consumer,United States,CA,Paramount
386,Consumer,United States,TX,Richmond
2041,Consumer,United States,MN,Saint Paul
6626,Consumer,United States,CA,Ontario
7219,Consumer,United States,MI,Detroit
9466,Consumer,United States,TN,Memphis
11875,Consumer,United States,NJ,Princeton
9343,Consumer,United States,KS,Salina
8792,Consumer,United States,CA,Hayward
566,Consumer,United States,OH,Dayton
11044,Consumer,United States,TN,Memphis
3078,Consumer,United States,NV,Las Vegas
9154,Consumer,United States,MI,Detroit
11741,Consumer,United States,MI,Roseville
7567,Consumer,United States,OR,Roseburg
11716,Consumer,United States,UT,Bountiful
10760,Consumer,United States,OR,Oregon City
6034,Consumer,United States,CA,San Diego
507,Consumer,United States,CA,Simi Valley
8709,Consumer,United States,CA,Alameda
5285,Consumer,United States,UT,Clearfield
3090,Consumer,United States,CT,Middletown
9705,Consumer,United States,DC,Washington
6021,Consumer,United States,CA,Bellflower
8188,Consumer,United States,NV,Las Vegas
1749,Consumer,United States,OH,Cincinnati
2486,Consumer,United States,PA,Philadelphia
12269,Consumer,United States,WA,Seattle
12201,Consumer,United States,MA,Dorchester Center
3527,Consumer,United States,CA,Hesperia
7293,Consumer,United States,SC,Lancaster
11381,Consumer,United States,NY,Bronx
1545,Consumer,United States,CA,Fontana
1015,Consumer,United States,IL,Glenview
10160,Consumer,United States,FL,Apopka
10839,Consumer,United States,MI,Detroit
11661,Consumer,United States,IL,Moline
9559,Consumer,United States,TX,Dallas
11686,Consumer,United States,CA,Carlsbad
9239,Consumer,United States,FL,Hollywood
4883,Consumer,United States,MD,Baltimore
558,Consumer,United States,PA,Carlisle
1300,Consumer,United States,TX,Mission
3181,Consumer,United States,TX,Del Rio
9341,Consumer,United States,IL,Chicago
3444,Consumer,United States,CA,Los Angeles
10228,Consumer,United States,NY,Bay Shore
8512,Consumer,United States,NY,Bronx
10395,Consumer,United States,NY,Troy
12180,Consumer,United States,OH,Zanesville
973,Consumer,United States,OH,Cleveland
2116,Consumer,United States,NJ,New Brunswick
3788,Consumer,United States,TN,Memphis
6758,Consumer,United States,CA,Santa Ana
4892,Consumer,United States,MI,Canton
7621,Consumer,United States,TX,College Station
7439,Consumer,United States,PA,York
11260,Consumer,United States,FL,Fort Lauderdale
794,Consumer,United States,FL,Orlando
3964,Consumer,United States,NY,Brooklyn
99,Consumer,United States,NV,Las Vegas
11407,Consumer,United States,OH,Marion
3404,Consumer,United States,TX,College Station
3726,Consumer,United States,CA,Simi Valley
340,Consumer,United States,TX,Denton
5974,Consumer,United States,TX,Mcallen
757,Consumer,United States,AZ,Tempe
10263,Consumer,United States,MD,Germantown
5725,Consumer,United States,NY,Brooklyn
3539,Consumer,United States,DC,Washington
9917,Consumer,United States,FL,Miami
8330,Consumer,United States,IL,Mchenry
6177,Consumer,United States,MI,Detroit
10869,Consumer,United States,NY,Brooklyn
12226,Consumer,United States,NY,Staten Island
6801,Consumer,Puerto Rico,PR,Caguas
12177,Consumer,United States,NY,Bronx
11532,Corporate,Puerto Rico,PR,Caguas
4159,Consumer,United States,TX,Laredo
8605,Home Office,Puerto Rico,PR,Caguas
9893,Consumer,Puerto Rico,PR,Caguas
484,Consumer,United States,MD,Hyattsville
9364,Home Office,United States,NY,Jamaica
5688,Corporate,Puerto Rico,PR,Caguas
12265,Corporate,United States,CA,Sacramento
4331,Home Office,Puerto Rico,PR,Humacao
8622,Corporate,United States,FL,Pompano Beach
3931,Consumer,United States,IL,Chicago
3179,Consumer,Puerto Rico,PR,Caguas
7675,Corporate,United States,TX,Laredo
12348,Home Office,United States,NY,Rochester
8564,Home Office,United States,TX,Irving
5332,Corporate,Puerto Rico,PR,Caguas
1940,Corporate,United States,NM,Albuquerque
6552,Consumer,Puerto Rico,PR,Caguas
374,Home Office,United States,AZ,Mesa
12396,Corporate,Puerto Rico,PR,Caguas
3577,Home Office,United States,IL,Chicago
991,Home Office,Puerto Rico,PR,Caguas
5622,Home Office,Puerto Rico,PR,Caguas
6139,Consumer,Puerto Rico,PR,Caguas
2159,Corporate,United States,TX,North Richland Hills
282,Home Office,Puerto Rico,PR,Caguas
11286,Corporate,United States,CA,Porterville
3167,Consumer,Puerto Rico,PR,Caguas
4138,Corporate,Puerto Rico,PR,Caguas
4478,Corporate,United States,UT,West Jordan
3275,Corporate,United States,CA,Fremont
7428,Home Office,Puerto Rico,PR,Caguas
8949,Consumer,Puerto Rico,PR,Caguas
10026,Corporate,United States,TX,Mcallen
11983,Consumer,United States,IL,Chicago
12096,Consumer,Puerto Rico,PR,Caguas
4885,Corporate,United States,IL,Oak Lawn
10259,Home Office,United States,VA,Virginia Beach
4298,Corporate,United States,CA,Ontario
1947,Consumer,United States,AR,Conway
9233,Corporate,United States,IL,Des Plaines
10275,Corporate,United States,NY,Forest Hills
4795,Consumer,United States,ND,Fargo
10126,Corporate,United States,CA,San Diego
4202,Corporate,United States,MD,Catonsville
11679,Home Office,United States,CA,San Pablo
3068,Consumer,United States,PA,Lansdale
6858,Corporate,United States,FL,Hialeah
1692,Corporate,Puerto Rico,PR,Mayaguez
1495,Consumer,Puerto Rico,PR,Caguas
8381,Home Office,United States,IL,Lockport
8389,Consumer,United States,NJ,Perth Amboy
6557,Corporate,United States,AZ,Tempe
4237,Consumer,United States,OH,Strongsville
4064,Consumer,United States,RI,Pawtucket
1236,Home Office,United States,NC,Chapel Hill
2881,Home Office,Puerto Rico,PR,Caguas
7143,Home Office,United States,NY,Brooklyn
6775,Consumer,Puerto Rico,PR,Mayaguez
4359,Consumer,United States,NY,Brooklyn
5243,Consumer,Puerto Rico,PR,Caguas
10650,Corporate,United States,WA,Redmond
6848,Consumer,United States,AZ,Phoenix
2576,Corporate,Puerto Rico,PR,Caguas
2676,Corporate,United States,PA,Bensalem
3439,Consumer,Puerto Rico,PR,Caguas
1882,Home Office,United States,NY,Bronx
8458,Corporate,United States,NC,Apex
9848,Consumer,Puerto Rico,PR,Caguas
11200,Consumer,United States,MO,Saint Peters
1063,Consumer,United States,TX,Dallas
6458,Consumer,United States,OH,Reynoldsburg
2307,Consumer,United States,GA,Atlanta
147,Home Office,United States,PA,Hanover
6148,Consumer,United States,CA,Los Angeles
5025,Corporate,United States,NY,Bronx
9971,Corporate,United States,MI,Detroit
7100,Consumer,United States,KS,Wichita
2824,Home Office,Puerto Rico,PR,Caguas
8754,Consumer,United States,NY,South Richmond Hill
7713,Consumer,United States,IL,Chicago
2333,Consumer,United States,MA,Malden
9867,Consumer,United States,AZ,Phoenix
20365,Consumer,United States,CA,San Francisco
7038,Consumer,United States,PA,Lancaster
18517,Consumer,United States,OH,Findlay
1368,Consumer,United States,FL,Miami
6796,Consumer,United States,NC,Lenoir
2534,Consumer,United States,PA,Morrisville
7405,Consumer,United States,CA,Mission Viejo
12433,Consumer,United States,NY,Levittown
4750,Consumer,United States,WV,Martinsburg
16355,Consumer,United States,CA,Fontana
17232,Consumer,United States,TX,Mesquite
18219,Consumer,United States,GA,Atlanta
19211,Consumer,United States,CA,Ventura
4654,Consumer,United States,CA,Oakland
18876,Consumer,United States,CA,Ontario
17338,Consumer,United States,TX,Austin
10846,Consumer,United States,CA,Canoga Park
7000,Consumer,United States,IN,Indianapolis
3858,Consumer,United States,OH,Newark
15589,Consumer,United States,TX,Grand Prairie
4956,Consumer,United States,TX,Austin
15639,Consumer,United States,NY,Rego Park
15674,Consumer,United States,NY,Brooklyn
755,Consumer,United States,AZ,Tucson
18961,Consumer,United States,IL,Chicago
16234,Consumer,United States,NJ,Toms River
17841,Consumer,United States,IL,Tinley Park
15288,Consumer,United States,NC,Lenoir
10022,Consumer,United States,MO,O Fallon
15419,Consumer,United States,OH,Chillicothe
9380,Consumer,United States,CA,South El Monte
9747,Consumer,United States,NY,Endicott
11768,Consumer,United States,FL,Miami
10188,Consumer,United States,CA,Palo Alto
5241,Consumer,United States,MD,Germantown
7504,Consumer,United States,GA,Lithonia
4195,Consumer,United States,TX,Dallas
299,Consumer,United States,MI,Troy
5225,Consumer,United States,MA,Peabody
5291,Consumer,United States,NY,Brooklyn
5986,Consumer,United States,TX,Dallas
9200,Consumer,United States,NY,Brooklyn
1105,Consumer,United States,MI,Wyandotte
962,Consumer,United States,MO,Saint Peters
8124,Consumer,United States,AZ,Glendale
12253,Consumer,United States,PA,Carlisle
3072,Consumer,United States,VA,Hampton
11002,Consumer,United States,IL,Bolingbrook
183,Consumer,United States,CA,Hayward
2530,Consumer,United States,MA,Peabody
3766,Consumer,United States,CA,Garden Grove
307,Consumer,United States,MD,Baltimore
1753,Consumer,United States,IL,Pekin
9987,Consumer,United States,CA,Lodi
4458,Consumer,United States,NY,Tonawanda
7422,Consumer,United States,CA,San Jose
6716,Consumer,United States,TN,Cordova
3842,Consumer,United States,IL,Palatine
4180,Consumer,United States,NY,Brooklyn
5103,Consumer,United States,CA,Simi Valley
7053,Consumer,United States,MI,Saginaw
7403,Consumer,United States,HI,Honolulu
2614,Consumer,United States,GA,Lawrenceville
7690,Consumer,United States,CA,Los Angeles
9623,Consumer,United States,TX,Austin
5554,Consumer,United States,NM,Rio Rancho
6380,Consumer,United States,IL,Chicago
2494,Consumer,United States,OH,Reynoldsburg
12313,Corporate,United States,AZ,Chandler
10904,Home Office,Puerto Rico,PR,Caguas
8210,Consumer,United States,CA,Los Angeles
4663,Corporate,United States,GA,Columbus
10588,Home Office,Puerto Rico,PR,Caguas
10075,Home Office,United States,CA,Azusa
9275,Consumer,Puerto Rico,PR,Caguas
2423,Home Office,Puerto Rico,PR,Caguas
5668,Consumer,Puerto Rico,PR,Caguas
11288,Home Office,Puerto Rico,PR,Caguas
6261,Corporate,United States,CA,Corona
6645,Consumer,Puerto Rico,PR,Caguas
9674,Corporate,United States,MI,Taylor
1915,Consumer,United States,FL,Hialeah
8781,Home Office,United States,FL,Miami
8056,Consumer,United States,TX,Pharr
8706,Home Office,United States,FL,Brandon
7683,Consumer,United States,NY,Newburgh
12015,Corporate,Puerto Rico,PR,Caguas
10298,Home Office,United States,NY,Bronx
7244,Home Office,United States,TX,College Station
6059,Consumer,Puerto Rico,PR,Caguas
4141,Home Office,Puerto Rico,PR,Caguas
11476,Home Office,United States,CA,Sunnyvale
11905,Consumer,Puerto Rico,PR,Caguas
8684,Consumer,Puerto Rico,PR,Caguas
7036,Corporate,United States,NC,Sanford
2428,Home Office,United States,CA,Carmichael
11837,Consumer,United States,CA,Norwalk
5082,Corporate,Puerto Rico,PR,Caguas
9513,Corporate,United States,CO,Denver
428,Consumer,United States,CA,Spring Valley
7209,Consumer,Puerto Rico,PR,Caguas
3706,Corporate,United States,OH,Columbus
11226,Corporate,United States,PA,Philadelphia
11424,Home Office,Puerto Rico,PR,Mayaguez
10551,Consumer,United States,AZ,Tucson
6556,Home Office,United States,CA,Fontana
2979,Consumer,Puerto Rico,PR,Caguas
12328,Consumer,United States,AZ,Tempe
9187,Home Office,Puerto Rico,PR,Caguas
9480,Consumer,United States,CA,Sacramento
4504,Consumer,Puerto Rico,PR,Caguas
3620,Corporate,United States,CO,Aurora
4632,Home Office,United States,VA,Virginia Beach
2112,Home Office,United States,VA,Virginia Beach
4865,Corporate,United States,NJ,Bridgeton
4859,Corporate,Puerto Rico,PR,Caguas
783,Corporate,United States,CO,Broomfield
10740,Consumer,Puerto Rico,PR,Caguas
6914,Corporate,United States,CA,San Diego
5991,Consumer,United States,VA,Arlington
258,Corporate,United States,PA,Philadelphia
1536,Home Office,United States,CA,Fountain Valley
11892,Corporate,United States,CA,Lodi
7210,Consumer,United States,NY,New York
7393,Home Office,Puerto Rico,PR,Caguas
3061,Home Office,United States,CA,Los Angeles
12032,Consumer,United States,CA,Spring Valley
2984,Corporate,Puerto Rico,PR,Caguas
1661,Corporate,Puerto Rico,PR,Caguas
9116,Home Office,Puerto Rico,PR,Caguas
5417,Home Office,Puerto Rico,PR,Caguas
19,Home Office,Puerto Rico,PR,Caguas
17250,Home Office,Puerto Rico,PR,Caguas
4459,Home Office,Puerto Rico,PR,Caguas
5590,Home Office,Puerto Rico,PR,Caguas
14893,Home Office,Puerto Rico,PR,Caguas
14740,Home Office,Puerto Rico,PR,Caguas
14900,Home Office,Puerto Rico,PR,Caguas
19253,Home Office,Puerto Rico,PR,Caguas
11848,Home Office,Puerto Rico,PR,Caguas
8015,Home Office,Puerto Rico,PR,Caguas
19849,Home Office,Puerto Rico,PR,Caguas
10837,Home Office,Puerto Rico,PR,Caguas
9013,Home Office,Puerto Rico,PR,Caguas
931,Home Office,Puerto Rico,PR,Caguas
6233,Home Office,Puerto Rico,PR,Caguas
5633,Home Office,Puerto Rico,PR,Caguas
73,Home Office,Puerto Rico,PR,Caguas
2032,Home Office,Puerto Rico,PR,Caguas
3899,Home Office,Puerto Rico,PR,Caguas
13884,Home Office,Puerto Rico,PR,Caguas
357,Home Office,Puerto Rico,PR,Caguas
8219,Home Office,Puerto Rico,PR,Caguas
11782,Home Office,Puerto Rico,PR,Carolina
2258,Home Office,Puerto Rico,PR,Caguas
7627,Home Office,United States,PA,York
5573,Corporate,United States,OH,Cleveland
3554,Corporate,United States,CA,Los Angeles
9180,Consumer,Puerto Rico,PR,Caguas
6885,Consumer,United States,CA,Cypress
9197,Consumer,Puerto Rico,PR,Caguas
12094,Corporate,United States,NY,Brooklyn
4157,Corporate,United States,CA,Garden Grove
11389,Corporate,United States,MO,Saint Louis
7304,Consumer,Puerto Rico,PR,Caguas
5839,Consumer,United States,OR,Bend
2435,Consumer,Puerto Rico,PR,Caguas
9743,Home Office,United States,CA,San Francisco
406,Corporate,United States,NC,Asheboro
5674,Corporate,United States,HI,Ewa Beach
8451,Corporate,United States,TX,Houston
114,Home Office,United States,CA,Bellflower
12325,Home Office,United States,MD,Baltimore
3503,Corporate,United States,PA,Philadelphia
7521,Consumer,United States,PA,York
10795,Home Office,Puerto Rico,PR,Caguas
6819,Home Office,United States,NC,Greensboro
7676,Consumer,Puerto Rico,PR,Caguas
902,Consumer,United States,MI,Dearborn
3369,Consumer,United States,NY,Rome
4648,Consumer,United States,NJ,Jersey City
2667,Corporate,United States,CA,Sun Valley
1310,Corporate,United States,IN,Indianapolis
335,Consumer,Puerto Rico,PR,Caguas
12254,Consumer,Puerto Rico,PR,Caguas
8369,Corporate,United States,CA,Garden Grove
7927,Consumer,Puerto Rico,PR,Caguas
7414,Consumer,United States,TX,Laredo
7254,Consumer,Puerto Rico,PR,Caguas
2920,Corporate,Puerto Rico,PR,Caguas
5239,Consumer,United States,CA,San Diego
10365,Corporate,United States,CA,Winnetka
3960,Consumer,Puerto Rico,PR,Caguas
3075,Corporate,United States,IL,Algonquin
5861,Consumer,United States,IL,Des Plaines
7031,Consumer,Puerto Rico,PR,Caguas
5557,Home Office,United States,CA,Lake Forest
8642,Corporate,United States,IL,Chicago
500,Consumer,United States,IN,Michigan City
9112,Corporate,United States,NY,Bay Shore
4583,Consumer,United States,NC,Sanford
10635,Consumer,Puerto Rico,PR,Caguas
3326,Corporate,United States,IL,Elmhurst
4316,Corporate,United States,IN,Indianapolis
6353,Corporate,United States,GA,Decatur
9030,Home Office,United States,CA,Ontario
7842,Corporate,United States,TN,Murfreesboro
6842,Corporate,United States,CA,San Diego
2454,Corporate,United States,CA,Santa Clara
3654,Home Office,Puerto Rico,PR,Caguas
2873,Consumer,Puerto Rico,PR,Caguas
5328,Consumer,Puerto Rico,PR,Caguas
1653,Corporate,Puerto Rico,PR,Caguas
10600,Consumer,Puerto Rico,PR,Caguas
5081,Home Office,United States,OR,Oregon City
3437,Home Office,Puerto Rico,PR,Caguas
8817,Home Office,United States,CA,Winnetka
8603,Home Office,United States,IN,Indianapolis
8204,Corporate,United States,NY,Bronx
1005,Home Office,United States,NY,Brooklyn
1451,Home Office,United States,FL,Pompano Beach
8222,Consumer,Puerto Rico,PR,Caguas
3484,Corporate,United States,NY,Bay Shore
4367,Home Office,United States,MO,Springfield
11698,Corporate,United States,IL,Chicago Heights
10254,Corporate,United States,CA,Fremont
1461,Consumer,Puerto Rico,PR,Caguas
2455,Corporate,United States,IL,Carol Stream
2845,Consumer,United States,CO,Aurora
2359,Home Office,United States,PA,Philadelphia
5400,Corporate,United States,CT,Enfield
8313,Corporate,United States,CA,Spring Valley
9152,Consumer,United States,UT,Salt Lake City
1311,Corporate,United States,PA,West Chester
3589,Corporate,Puerto Rico,PR,Caguas
3863,Corporate,United States,TN,Nashville
4403,Corporate,United States,ND,Bismarck
9511,Corporate,United States,IL,Harvey
8383,Consumer,Puerto Rico,PR,Caguas
7541,Corporate,United States,FL,Pompano Beach
1410,Consumer,United States,CA,Santa Ana
4709,Consumer,Puerto Rico,PR,Caguas
8262,Corporate,United States,NJ,West Orange
4830,Corporate,United States,PA,Philadelphia
611,Consumer,United States,CA,El Cajon
4387,Consumer,Puerto Rico,PR,Rio Grande
12258,Consumer,Puerto Rico,PR,Caguas
6427,Home Office,United States,NJ,Union
7566,Consumer,Puerto Rico,PR,Caguas
1061,Corporate,United States,GA,Norcross
8777,Consumer,United States,WA,Kent
7279,Consumer,United States,OH,Massillon
1128,Corporate,Puerto Rico,PR,Caguas
5045,Corporate,United States,TN,Antioch
5735,Consumer,Puerto Rico,PR,Caguas
2239,Home Office,United States,MD,Silver Spring
8973,Consumer,Puerto Rico,PR,Caguas
10788,Consumer,Puerto Rico,PR,Caguas
984,Consumer,United States,IL,Chicago
3419,Consumer,United States,NY,Flushing
10775,Consumer,Puerto Rico,PR,Caguas
6646,Consumer,United States,WI,Madison
7934,Home Office,United States,CA,Davis
6094,Consumer,Puerto Rico,PR,Caguas
11652,Home Office,United States,CA,Los Angeles
2047,Consumer,United States,CA,Tracy
3562,Home Office,United States,VA,Annandale
11345,Consumer,United States,ND,Fargo
5955,Corporate,Puerto Rico,PR,Carolina
6422,Corporate,United States,CA,Ontario
5546,Corporate,Puerto Rico,PR,Caguas
11717,Consumer,Puerto Rico,PR,Caguas
7140,Corporate,United States,CA,San Jose
9115,Home Office,United States,NY,New York
9577,Consumer,United States,TN,Columbia
6870,Home Office,United States,CA,San Diego
2119,Consumer,Puerto Rico,PR,Caguas
13224,Home Office,Puerto Rico,PR,Caguas
13599,Home Office,Puerto Rico,PR,Caguas
13652,Home Office,Puerto Rico,PR,Caguas
5188,Home Office,Puerto Rico,PR,Toa Baja
12733,Home Office,Puerto Rico,PR,Caguas
4031,Home Office,Puerto Rico,PR,Caguas
10389,Home Office,Puerto Rico,PR,Caguas
1710,Home Office,Puerto Rico,PR,Caguas
16423,Home Office,Puerto Rico,PR,Caguas
19041,Home Office,Puerto Rico,PR,Caguas
15896,Home Office,Puerto Rico,PR,Caguas
5961,Home Office,Puerto Rico,PR,Caguas
20738,Home Office,Puerto Rico,PR,Caguas
11026,Home Office,Puerto Rico,PR,Caguas
17618,Home Office,Puerto Rico,PR,Caguas
17058,Home Office,Puerto Rico,PR,Caguas
6762,Home Office,Puerto Rico,PR,Caguas
13551,Home Office,Puerto Rico,PR,Caguas
15694,Home Office,Puerto Rico,PR,Caguas
3189,Corporate,United States,GA,Atlanta
762,Consumer,Puerto Rico,PR,Caguas
6565,Home Office,United States,GA,Powder Springs
7481,Corporate,Puerto Rico,PR,Caguas
3452,Consumer,United States,FL,Hialeah
7772,Consumer,United States,NY,Bronx
1144,Corporate,United States,NY,Brooklyn
11548,Consumer,Puerto Rico,PR,Caguas
11030,Consumer,United States,FL,Fort Lauderdale
6433,Corporate,United States,NJ,Irvington
12376,Corporate,United States,CA,San Francisco
2748,Corporate,United States,VA,Henrico
7350,Corporate,United States,UT,Salt Lake City
6779,Corporate,United States,CA,Pacoima
11304,Corporate,United States,CA,Santa Cruz
6600,Consumer,United States,CA,Escondido
7155,Home Office,United States,MA,Lawrence
4085,Corporate,United States,CA,Panorama City
8581,Home Office,United States,GA,Atlanta
4067,Consumer,United States,OH,Massillon
10005,Consumer,United States,UT,Clearfield
1036,Consumer,United States,FL,Miami
1631,Consumer,Puerto Rico,PR,Caguas
8873,Corporate,Puerto Rico,PR,Caguas
8829,Corporate,United States,NY,Woodside
10030,Corporate,Puerto Rico,PR,Caguas
4678,Corporate,United States,CA,La Mirada
609,Consumer,Puerto Rico,PR,Caguas
1911,Corporate,United States,NC,Fayetteville
2313,Consumer,United States,AZ,Scottsdale
6189,Corporate,United States,CA,Long Beach
5853,Corporate,Puerto Rico,PR,Caguas
9984,Consumer,Puerto Rico,PR,Caguas
6792,Consumer,Puerto Rico,PR,Caguas
4436,Consumer,Puerto Rico,PR,Caguas
11173,Corporate,United States,CT,Enfield
7184,Consumer,Puerto Rico,PR,Caguas
16259,Consumer,Puerto Rico,PR,Caguas
18609,Consumer,Puerto Rico,PR,Caguas
17220,Consumer,Puerto Rico,PR,Caguas
7012,Consumer,Puerto Rico,PR,Caguas
3789,Consumer,Puerto Rico,PR,Caguas
10314,Consumer,Puerto Rico,PR,Caguas
6481,Consumer,Puerto Rico,PR,Cayey
7806,Consumer,Puerto Rico,PR,Caguas
2040,Consumer,Puerto Rico,PR,Caguas
9266,Consumer,Puerto Rico,PR,Caguas
4948,Consumer,Puerto Rico,PR,Caguas
2529,Consumer,Puerto Rico,PR,Caguas
13147,Consumer,Puerto Rico,PR,Caguas
1787,Consumer,Puerto Rico,PR,Caguas
5459,Consumer,Puerto Rico,PR,Caguas
10119,Consumer,Puerto Rico,PR,Caguas
4240,Consumer,Puerto Rico,PR,Caguas
333,Consumer,Puerto Rico,PR,Caguas
12844,Consumer,Puerto Rico,PR,Caguas
12897,Consumer,Puerto Rico,PR,Caguas
2053,Consumer,Puerto Rico,PR,Caguas
18844,Consumer,Puerto Rico,PR,Caguas
5160,Consumer,Puerto Rico,PR,Caguas
14588,Consumer,Puerto Rico,PR,Caguas
10353,Consumer,Puerto Rico,PR,Caguas
12967,Consumer,Puerto Rico,PR,Caguas
13868,Consumer,Puerto Rico,PR,Caguas
5649,Consumer,Puerto Rico,PR,Caguas
16346,Consumer,Puerto Rico,PR,Caguas
9815,Consumer,Puerto Rico,PR,Caguas
14952,Consumer,Puerto Rico,PR,Caguas
13103,Consumer,Puerto Rico,PR,Caguas
13900,Consumer,Puerto Rico,PR,Caguas
14937,Consumer,Puerto Rico,PR,Caguas
12163,Consumer,Puerto Rico,PR,Caguas
15730,Consumer,Puerto Rico,PR,Caguas
18045,Consumer,Puerto Rico,PR,Rio Grande
20640,Consumer,Puerto Rico,PR,Caguas
18664,Consumer,Puerto Rico,PR,Caguas
15343,Consumer,Puerto Rico,PR,Caguas
15274,Consumer,Puerto Rico,PR,Caguas
20434,Consumer,Puerto Rico,PR,Caguas
17475,Consumer,Puerto Rico,PR,Caguas
16167,Consumer,Puerto Rico,PR,Caguas
19885,Consumer,Puerto Rico,PR,Caguas
7494,Consumer,Puerto Rico,PR,Caguas
10972,Consumer,Puerto Rico,PR,Caguas
10605,Consumer,Puerto Rico,PR,Caguas
2955,Consumer,Puerto Rico,PR,Caguas
7045,Consumer,Puerto Rico,PR,Caguas
9803,Consumer,Puerto Rico,PR,Caguas
5345,Home Office,United States,NY,Newburgh
12914,Home Office,United States,IL,Plainfield
13864,Home Office,United States,KY,Frankfort
8251,Home Office,United States,MI,Jackson
9951,Home Office,United States,CA,Clovis
5680,Home Office,United States,CA,Pomona
11994,Home Office,United States,WI,Madison
11990,Home Office,United States,FL,Hialeah
18859,Home Office,United States,TX,El Paso
8898,Home Office,United States,CA,Montebello
1935,Home Office,United States,GA,Alpharetta
10543,Home Office,United States,OH,Cleveland
7861,Home Office,United States,CA,Compton
20666,Home Office,United States,TX,El Paso
15557,Home Office,United States,CA,Los Angeles
19973,Home Office,United States,CA,San Ramon
16102,Home Office,United States,NJ,Princeton
8256,Home Office,United States,AZ,Phoenix
5177,Home Office,United States,CA,Encinitas
11949,Home Office,United States,LA,Opelousas
11841,Home Office,United States,SC,Lancaster
11613,Home Office,United States,CA,Sacramento
6276,Home Office,United States,IL,Chicago
17355,Home Office,United States,CA,Antioch
20032,Home Office,United States,TX,Austin
20009,Home Office,United States,NY,Brooklyn
17199,Home Office,United States,CA,San Marcos
14353,Home Office,United States,CA,Moreno Valley
14771,Home Office,United States,CA,Riverside
5129,Home Office,United States,TX,Houston
15774,Home Office,United States,MA,Taunton
17838,Home Office,United States,TN,Memphis
16185,Home Office,United States,CA,San Bernardino
16105,Home Office,United States,CA,San Bernardino
13030,Home Office,United States,WA,Lynnwood
14397,Home Office,United States,OH,Cleveland
6176,Home Office,United States,NY,Brooklyn
5061,Home Office,United States,IL,Chicago
3108,Home Office,United States,TX,Houston
17898,Home Office,United States,GA,Atlanta
16422,Home Office,United States,HI,Ewa Beach
20619,Home Office,United States,CO,Littleton
15465,Home Office,United States,CA,Winnetka
15429,Home Office,United States,GA,Atlanta
5056,Home Office,United States,TX,San Benito
15206,Home Office,United States,CA,Fremont
6823,Home Office,United States,IL,Chicago
11105,Home Office,United States,TX,Houston
15055,Home Office,United States,MI,Warren
13434,Home Office,United States,CA,Anaheim
16576,Home Office,United States,OH,Hamilton
13934,Home Office,United States,TX,Houston
5742,Home Office,United States,OR,Bend
16130,Home Office,United States,MI,Dearborn
20373,Home Office,United States,NJ,Piscataway
15921,Home Office,United States,CA,San Bernardino
8966,Home Office,United States,TX,Fort Worth
12070,Home Office,United States,NY,Endicott
9292,Home Office,United States,TX,San Marcos
13144,Home Office,United States,AZ,Phoenix
13051,Home Office,United States,TX,El Paso
20492,Home Office,United States,TX,El Paso
16239,Home Office,United States,CA,San Francisco
16156,Home Office,United States,CA,Los Angeles
1678,Home Office,United States,PA,West Chester
18149,Consumer,Puerto Rico,PR,Caguas
15336,Consumer,Puerto Rico,PR,Caguas
17884,Consumer,Puerto Rico,PR,Caguas
13853,Consumer,Puerto Rico,PR,Caguas
15949,Consumer,Puerto Rico,PR,Caguas
14902,Consumer,Puerto Rico,PR,Caguas
15722,Consumer,Puerto Rico,PR,Caguas
17339,Consumer,Puerto Rico,PR,Caguas
17374,Consumer,Puerto Rico,PR,Caguas
18711,Consumer,Puerto Rico,PR,Caguas
14265,Consumer,Puerto Rico,PR,Caguas
745,Consumer,Puerto Rico,PR,Caguas
12958,Consumer,Puerto Rico,PR,Caguas
11587,Consumer,Puerto Rico,PR,Caguas
16497,Consumer,Puerto Rico,PR,Caguas
19216,Consumer,Puerto Rico,PR,Caguas
16319,Consumer,Puerto Rico,PR,Caguas
9254,Consumer,Puerto Rico,PR,Caguas
13956,Consumer,Puerto Rico,PR,Caguas
15943,Consumer,Puerto Rico,PR,Caguas
17529,Consumer,Puerto Rico,PR,Caguas
3432,Corporate,United States,NY,Rego Park
3993,Corporate,United States,FL,Valrico
4661,Consumer,United States,TX,Weslaco
10817,Consumer,United States,FL,Miami
1405,Corporate,United States,OH,Strongsville
654,Corporate,United States,FL,Orange Park
9007,Consumer,United States,IL,Chicago
17206,Home Office,Puerto Rico,PR,Caguas
2556,Corporate,Puerto Rico,PR,Caguas
2836,Corporate,United States,NC,Chapel Hill
7302,Corporate,United States,NY,Brooklyn
3822,Corporate,United States,UT,West Jordan
7240,Corporate,United States,NY,Brooklyn
19475,Consumer,Puerto Rico,PR,Caguas
19452,Home Office,Puerto Rico,PR,Caguas
14604,Consumer,Puerto Rico,PR,Caguas
13461,Consumer,Puerto Rico,PR,Caguas
14510,Consumer,Puerto Rico,PR,Caguas
14562,Consumer,Puerto Rico,PR,Caguas
7347,Corporate,United States,NY,Huntington Station
19445,Corporate,Puerto Rico,PR,Caguas
19384,Home Office,Puerto Rico,PR,Caguas
19357,Corporate,Puerto Rico,PR,Caguas
10827,Consumer,United States,CA,Ventura
1180,Corporate,United States,MI,Wyandotte
6707,Corporate,United States,VA,Norfolk
1801,Corporate,United States,CO,Englewood
19327,Corporate,Puerto Rico,PR,Caguas
19293,Corporate,Puerto Rico,PR,Caguas
16756,Consumer,Puerto Rico,PR,Caguas
16714,Consumer,United States,LA,Opelousas
16690,Corporate,United States,NY,South Richmond Hill
16689,Consumer,Puerto Rico,PR,Caguas
16682,Corporate,Puerto Rico,PR,Caguas
16663,Corporate,Puerto Rico,PR,Caguas
16652,Corporate,United States,TX,Dallas
3104,Home Office,Puerto Rico,PR,Caguas
2324,Home Office,Puerto Rico,PR,Caguas
15026,Consumer,Puerto Rico,PR,Caguas
12416,Consumer,United States,NY,Bronx
12000,Consumer,United States,CA,Oceanside
20722,Corporate,United States,NJ,Morristown
15971,Corporate,United States,CA,Encinitas
12055,Corporate,United States,FL,Orlando
4329,Corporate,United States,NY,Lindenhurst
16635,Home Office,United States,CA,Hayward
1725,Corporate,United States,NY,Brooklyn
11921,Corporate,United States,NJ,Newark
8922,Corporate,United States,IL,Chicago
12708,Home Office,Puerto Rico,PR,Caguas
16460,Consumer,Puerto Rico,PR,Caguas
18881,Consumer,Puerto Rico,PR,Caguas
18429,Consumer,Puerto Rico,PR,Caguas
7662,Corporate,Puerto Rico,PR,Caguas
9900,Corporate,Puerto Rico,PR,Caguas
17597,Corporate,Puerto Rico,PR,Caguas
13620,Corporate,Puerto Rico,PR,Caguas
36,Corporate,Puerto Rico,PR,Caguas
16328,Corporate,United States,IL,Waukegan
15262,Corporate,United States,CA,San Ramon
10870,Corporate,United States,VA,Chesapeake
8513,Consumer,United States,LA,New Orleans
9396,Consumer,United States,CA,Salinas
12046,Corporate,United States,AZ,Mesa
9318,Corporate,United States,VA,Virginia Beach
9157,Corporate,United States,WA,Federal Way
6662,Consumer,United States,NY,Troy
3840,Consumer,United States,CA,Salinas
20495,Consumer,United States,AZ,Tucson
12187,Consumer,United States,NC,Fayetteville
17572,Consumer,United States,TN,Memphis
17077,Consumer,United States,CA,Tracy
10179,Consumer,United States,NJ,Jersey City
11276,Home Office,Puerto Rico,PR,Caguas
8315,Home Office,Puerto Rico,PR,Caguas
18626,Consumer,Puerto Rico,PR,Caguas
17803,Consumer,Puerto Rico,PR,Caguas
19054,Corporate,Puerto Rico,PR,Caguas
1867,Corporate,Puerto Rico,PR,Caguas
12011,Corporate,Puerto Rico,PR,Caguas
11416,Corporate,Puerto Rico,PR,Caguas
3487,Corporate,United States,OH,Findlay
2145,Corporate,United States,AZ,Tempe
1127,Corporate,United States,IL,Chicago
418,Consumer,United States,CA,Gardena
12787,Consumer,United States,CA,Stockton
224,Corporate,United States,WV,Wheeling
3159,Corporate,United States,OH,Cleveland
11879,Home Office,Puerto Rico,PR,Caguas
18871,Home Office,Puerto Rico,PR,Caguas
15022,Home Office,Puerto Rico,PR,Caguas
13168,Home Office,Puerto Rico,PR,Caguas
15076,Home Office,Puerto Rico,PR,Caguas
13494,Home Office,Puerto Rico,PR,Caguas
12790,Home Office,Puerto Rico,PR,Caguas
13275,Consumer,Puerto Rico,PR,Caguas
14184,Consumer,Puerto Rico,PR,Caguas
13378,Consumer,Puerto Rico,PR,Caguas
14387,Consumer,Puerto Rico,PR,Caguas
13880,Consumer,Puerto Rico,PR,Caguas
12576,Consumer,Puerto Rico,PR,Caguas
12574,Consumer,Puerto Rico,PR,Caguas
7613,Corporate,United States,CA,Pomona
170,Corporate,United States,CO,Broomfield
1112,Corporate,United States,MN,Saint Paul
9882,Consumer,United States,CT,Middletown
2544,Consumer,United States,PA,Hanover
4762,Consumer,United States,MI,Ypsilanti
15942,Consumer,United States,AZ,Phoenix
13286,Consumer,United States,NJ,North Bergen
1460,Consumer,United States,CA,Santa Cruz
7197,Consumer,United States,MI,Saginaw
13613,Consumer,United States,NY,Far Rockaway
11016,Consumer,United States,WI,Fond Du Lac
11178,Consumer,United States,OR,Portland
18283,Consumer,United States,CA,Laguna Niguel
15553,Consumer,United States,CA,Rowland Heights
19810,Consumer,United States,PA,Philadelphia
20313,Consumer,United States,CA,Sunnyvale
4791,Consumer,United States,FL,Hialeah
13431,Consumer,United States,IN,Richmond
13476,Consumer,United States,CA,San Francisco
10723,Consumer,United States,CA,San Pablo
18163,Corporate,United States,NY,Freeport
17778,Corporate,United States,VA,Henrico
20109,Corporate,United States,HI,Waipahu
18264,Corporate,United States,TX,El Paso
585,Corporate,United States,NY,New York
18458,Corporate,United States,IL,Chicago
20475,Corporate,United States,VA,Norfolk
14145,Corporate,United States,MI,Westland
14066,Corporate,United States,OR,Bend
12920,Consumer,United States,MD,Hyattsville
9855,Consumer,United States,CA,San Diego
15742,Consumer,United States,NY,New York
18813,Consumer,United States,TX,El Paso
9166,Consumer,United States,NM,Roswell
9693,Consumer,United States,TX,Richardson
16525,Consumer,Puerto Rico,PR,Caguas
20616,Consumer,Puerto Rico,PR,Caguas
15378,Consumer,Puerto Rico,PR,Caguas
18591,Consumer,Puerto Rico,PR,Caguas
17113,Consumer,Puerto Rico,PR,Caguas
20317,Consumer,Puerto Rico,PR,Caguas
16467,Consumer,Puerto Rico,PR,Caguas
17695,Consumer,Puerto Rico,PR,Trujillo Alto
19928,Consumer,Puerto Rico,PR,Caguas
6117,Consumer,Puerto Rico,PR,Caguas
13457,Corporate,United States,NY,Newburgh
310,Corporate,United States,PA,York
13710,Corporate,United States,VA,Virginia Beach
6972,Corporate,United States,CA,Fairfield
6877,Corporate,United States,PA,Lancaster
15877,Corporate,United States,NY,Lockport
5699,Corporate,United States,CA,Sunnyvale
18878,Corporate,United States,TX,New Braunfels
19789,Corporate,United States,CA,San Jose
7008,Corporate,United States,FL,Hialeah
10130,Corporate,United States,VA,Arlington
8886,Corporate,United States,FL,Brandon
956,Corporate,United States,NY,Bronx
19875,Corporate,United States,NY,New York
15272,Corporate,United States,NC,Chapel Hill
3791,Corporate,United States,NY,Levittown
17606,Corporate,Puerto Rico,PR,Caguas
2203,Corporate,Puerto Rico,PR,Caguas
14142,Corporate,Puerto Rico,PR,Caguas
13174,Corporate,Puerto Rico,PR,Caguas
13361,Corporate,Puerto Rico,PR,Caguas
13403,Corporate,Puerto Rico,PR,Caguas
18789,Corporate,Puerto Rico,PR,Caguas
19865,Corporate,Puerto Rico,PR,Caguas
17823,Corporate,Puerto Rico,PR,Caguas
2894,Corporate,Puerto Rico,PR,Caguas
2202,Corporate,United States,TX,Mesquite
14404,Corporate,United States,CA,Carson
18130,Corporate,United States,CA,Huntington Park
18866,Corporate,United States,VA,Chesapeake
11406,Corporate,United States,NM,Albuquerque
3069,Corporate,United States,CA,Elk Grove
12813,Corporate,United States,CA,Lancaster
15616,Corporate,United States,CA,Riverside
16219,Corporate,United States,TX,El Paso
16338,Corporate,United States,CA,Oceanside
3156,Corporate,United States,VA,Virginia Beach
7373,Corporate,United States,MD,Hyattsville
12974,Corporate,United States,CA,Wilmington
14776,Corporate,United States,CO,Greeley
18161,Corporate,United States,CA,Carlsbad
19047,Corporate,United States,MO,Florissant
17498,Corporate,United States,CT,Enfield
16175,Corporate,United States,MD,Potomac
17420,Home Office,Puerto Rico,PR,Caguas
15634,Home Office,Puerto Rico,PR,Caguas
17153,Home Office,Puerto Rico,PR,Caguas
16158,Home Office,Puerto Rico,PR,Caguas
4881,Consumer,Puerto Rico,PR,Caguas
13615,Consumer,United States,OK,Broken Arrow
6831,Consumer,United States,CA,Modesto
12436,Consumer,United States,TX,Brownsville
18343,Consumer,United States,MO,Ballwin
15626,Consumer,United States,OH,Sandusky
16329,Consumer,United States,CA,Los Angeles
4894,Consumer,United States,CT,Enfield
766,Consumer,United States,TX,Austin
8476,Consumer,United States,CA,Los Angeles
14483,Consumer,United States,CA,Tracy
14269,Consumer,United States,VA,Virginia Beach
13369,Consumer,United States,NJ,Bridgeton
14722,Consumer,United States,MD,Baltimore
13278,Consumer,United States,CT,New Haven
14646,Consumer,United States,MO,Saint Charles
14664,Consumer,United States,CO,Aurora
14507,Consumer,United States,CA,Los Angeles
13550,Consumer,United States,TX,El Paso
6218,Consumer,United States,CT,Middletown
17912,Consumer,United States,TX,Amarillo
17633,Consumer,United States,CA,Costa Mesa
17669,Consumer,United States,CA,Los Angeles
6447,Consumer,United States,IL,Crystal Lake
13309,Consumer,United States,NY,Bay Shore
13488,Consumer,United States,NJ,Lakewood
13485,Consumer,United States,DC,Washington
13032,Consumer,United States,FL,Pompano Beach
14437,Consumer,United States,KS,Wichita
5945,Consumer,United States,NC,Morganton
14010,Consumer,United States,FL,Miami
4480,Corporate,Puerto Rico,PR,Vega Baja
13681,Corporate,Puerto Rico,PR,Caguas
14004,Corporate,Puerto Rico,PR,Caguas
13679,Corporate,Puerto Rico,PR,Caguas
6723,Corporate,Puerto Rico,PR,Caguas
6895,Corporate,Puerto Rico,PR,Caguas
495,Corporate,Puerto Rico,PR,Caguas
13040,Corporate,Puerto Rico,PR,Caguas
13198,Corporate,Puerto Rico,PR,Caguas
13909,Corporate,Puerto Rico,PR,Caguas
5079,Corporate,Puerto Rico,PR,Caguas
12928,Corporate,Puerto Rico,PR,Bayamon
8553,Corporate,Puerto Rico,PR,Caguas
18134,Corporate,Puerto Rico,PR,Caguas
19056,Corporate,Puerto Rico,PR,Caguas
15902,Corporate,Puerto Rico,PR,Caguas
5530,Corporate,Puerto Rico,PR,Caguas
15171,Corporate,Puerto Rico,PR,Caguas
18271,Corporate,Puerto Rico,PR,Caguas
15397,Corporate,Puerto Rico,PR,Caguas
19918,Corporate,Puerto Rico,PR,Caguas
2931,Consumer,United States,TX,New Braunfels
18053,Consumer,United States,CA,Long Beach
18854,Consumer,United States,UT,Salt Lake City
17464,Consumer,United States,NC,Fayetteville
17981,Consumer,United States,CA,El Monte
15444,Consumer,United States,KS,Salina
8301,Consumer,United States,MD,Baltimore
20409,Consumer,United States,TX,Houston
9439,Consumer,United States,SC,Columbia
12898,Consumer,United States,NJ,Newark
13127,Consumer,United States,VA,Stafford
15944,Consumer,United States,CA,Escondido
17656,Consumer,United States,CA,Oceanside
14116,Corporate,United States,NJ,Bloomfield
9015,Corporate,United States,FL,Tampa
18046,Corporate,United States,CO,Denver
20711,Corporate,United States,GA,Stone Mountain
16016,Corporate,United States,IL,Palatine
17501,Corporate,United States,MI,Hamtramck
20223,Corporate,United States,AZ,Tucson
18569,Corporate,United States,DC,Washington
19080,Corporate,United States,NY,Brooklyn
1041,Corporate,United States,CA,Los Angeles
19055,Corporate,United States,CA,Oceanside
17486,Corporate,United States,PA,York
17921,Corporate,United States,CA,Lake Forest
17299,Corporate,United States,CA,Riverside
17630,Corporate,United States,CA,Hayward
2489,Corporate,United States,TX,San Antonio
2730,Corporate,United States,NY,Brooklyn
14618,Corporate,United States,CA,Elk Grove
13082,Corporate,United States,MI,Ann Arbor
19732,Home Office,Puerto Rico,PR,Caguas
19704,Consumer,Puerto Rico,PR,Caguas
19672,Consumer,United States,NY,Bronx
19667,Corporate,United States,CA,West Covina
19648,Consumer,Puerto Rico,PR,Caguas
19612,Home Office,United States,NY,Webster
19600,Corporate,United States,OH,Strongsville
19595,Consumer,Puerto Rico,PR,Caguas
19590,Consumer,United States,LA,Opelousas
19557,Corporate,Puerto Rico,PR,Caguas
19553,Home Office,Puerto Rico,PR,Caguas
19530,Consumer,United States,TX,Edinburg
19514,Consumer,United States,GA,Powder Springs
17027,Home Office,United States,CA,Hanford
17011,Corporate,Puerto Rico,PR,Caguas
16968,Corporate,Puerto Rico,PR,Caguas
16959,Home Office,Puerto Rico,PR,Caguas
16953,Home Office,Puerto Rico,PR,Caguas
16919,Home Office,United States,MD,Baltimore
16914,Home Office,United States,UT,West Jordan
16912,Home Office,United States,NY,Brooklyn
16883,Corporate,Puerto Rico,PR,Canovanas
16877,Home Office,United States,CA,Rancho Cordova
16872,Corporate,Puerto Rico,PR,Caguas
16868,Consumer,United States,IL,Wheaton
16867,Consumer,Puerto Rico,PR,Caguas
16814,Corporate,Puerto Rico,PR,Caguas
16805,Home Office,United States,CA,Cupertino
16781,Consumer,United States,CA,Granada Hills
10243,Consumer,United States,CA,Los Angeles
8590,Consumer,United States,FL,Fort Lauderdale
14468,Consumer,Puerto Rico,PR,Caguas
14935,Consumer,Puerto Rico,PR,Caguas
16499,Consumer,Puerto Rico,PR,Caguas
15914,Consumer,Puerto Rico,PR,Caguas
14830,Corporate,United States,NY,Rego Park
12450,Corporate,United States,CA,Pico Rivera
13964,Corporate,United States,NV,Reno
14864,Corporate,United States,CA,Carmichael
16608,Corporate,United States,CO,Aurora
17701,Corporate,United States,OR,Portland
19242,Home Office,United States,CA,Fresno
15054,Home Office,United States,CA,Milpitas
15853,Home Office,United States,IL,Chicago
13547,Consumer,United States,PA,York
9509,Consumer,United States,MI,Dearborn
19044,Consumer,United States,TX,Dallas
18769,Consumer,United States,MD,Potomac
17922,Consumer,United States,TX,San Antonio
17357,Consumer,United States,PA,West Chester
17965,Consumer,United States,TN,Knoxville
17533,Consumer,United States,CA,Canyon Country
17042,Consumer,United States,WI,Fond Du Lac
16345,Consumer,United States,IL,Mount Prospect
20027,Corporate,Puerto Rico,PR,Caguas
14057,Corporate,Puerto Rico,PR,Caguas
13644,Corporate,Puerto Rico,PR,Caguas
14002,Corporate,Puerto Rico,PR,Caguas
13961,Corporate,Puerto Rico,PR,Caguas
16372,Corporate,Puerto Rico,PR,Caguas
15701,Corporate,Puerto Rico,PR,Caguas
18819,Corporate,Puerto Rico,PR,Caguas
14794,Corporate,United States,NM,Rio Rancho
16479,Corporate,United States,CA,San Bernardino
17824,Corporate,United States,CA,Pittsburg
6856,Corporate,United States,IL,Plainfield
17497,Corporate,United States,TX,Houston
20731,Corporate,United States,OK,Broken Arrow
9445,Home Office,United States,TX,Plano
3174,Corporate,Puerto Rico,PR,Caguas
14608,Consumer,United States,CT,West Haven
14235,Consumer,United States,OH,Newark
13324,Consumer,United States,CA,Los Angeles
14463,Consumer,United States,CA,Mission Viejo
13376,Consumer,United States,TX,El Paso
13320,Consumer,United States,MO,Florissant
13139,Consumer,United States,FL,Miami
14316,Consumer,United States,FL,Miami
13404,Consumer,United States,OH,Cleveland
13676,Consumer,United States,NC,Raleigh
13567,Consumer,United States,MO,Saint Louis
13635,Consumer,United States,PA,Philadelphia
13916,Consumer,United States,IL,Chicago
12714,Consumer,United States,NY,Brooklyn
12621,Consumer,United States,KY,Louisville
12581,Consumer,United States,OH,Dayton
14997,Consumer,United States,NJ,Jersey City
15046,Consumer,United States,CA,Davis
12893,Consumer,United States,NY,Brooklyn
14391,Consumer,United States,OR,Salem
3662,Consumer,United States,NY,Troy
8739,Consumer,United States,FL,Jacksonville
14819,Corporate,United States,OH,Westerville
13618,Corporate,United States,FL,Miami
18298,Corporate,United States,MD,Baltimore
20671,Corporate,United States,TX,North Richland Hills
18022,Corporate,United States,OH,Newark
17351,Corporate,United States,TX,Houston
15477,Corporate,United States,IL,Chicago
18973,Corporate,United States,MA,Lawrence
18784,Corporate,United States,GA,Columbus
20688,Corporate,United States,MO,Ballwin
14938,Consumer,United States,CA,Long Beach
15721,Consumer,United States,NY,Bronx
18794,Consumer,United States,CA,Los Angeles
20714,Consumer,United States,CA,Winnetka
17468,Consumer,United States,NY,Brooklyn
17699,Consumer,United States,CA,Costa Mesa
20459,Consumer,United States,NV,North Las Vegas
20573,Consumer,United States,NY,Newburgh
18704,Consumer,United States,CA,El Cajon
17600,Consumer,United States,NY,Bronx
15222,Consumer,United States,IL,Chicago
20035,Consumer,United States,CA,Granada Hills
17845,Consumer,United States,NJ,Lakewood
19908,Consumer,United States,MD,Catonsville
18914,Consumer,United States,NJ,North Bergen
19021,Consumer,United States,NJ,Morristown
14343,Corporate,Puerto Rico,PR,Caguas
14377,Corporate,Puerto Rico,PR,Caguas
19250,Corporate,Puerto Rico,PR,Caguas
18775,Corporate,Puerto Rico,PR,Caguas
18581,Corporate,Puerto Rico,PR,Caguas
15972,Corporate,Puerto Rico,PR,Caguas
15506,Corporate,Puerto Rico,PR,Caguas
15225,Corporate,Puerto Rico,PR,Caguas
18146,Consumer,United States,OH,Dayton
19073,Consumer,United States,CA,San Bernardino
15904,Consumer,United States,CA,San Francisco
20551,Consumer,United States,MN,Saint Paul
20381,Consumer,United States,NJ,West Orange
17261,Consumer,United States,MO,Florissant
18428,Consumer,United States,TX,Plano
15542,Consumer,United States,NM,Las Cruces
17566,Consumer,United States,CA,Los Angeles
17837,Consumer,United States,NY,Brooklyn
20186,Consumer,United States,CA,Riverside
19988,Consumer,United States,FL,Tampa
18605,Consumer,United States,FL,Fort Lauderdale
20038,Consumer,United States,OH,Lancaster
19983,Consumer,United States,OH,Columbus
20162,Consumer,United States,NY,New York
15960,Consumer,United States,GA,Lawrenceville
17999,Consumer,United States,IL,Cicero
14569,Home Office,United States,NY,Brooklyn
16445,Home Office,United States,IL,Elgin
16578,Home Office,United States,IL,Wheaton
17381,Home Office,United States,TX,Houston
16537,Home Office,United States,NY,Yonkers
18385,Home Office,United States,LA,New Orleans
12903,Home Office,United States,CA,Modesto
17287,Home Office,United States,WI,Milwaukee
16331,Home Office,United States,NY,Brooklyn
20240,Home Office,United States,TX,Houston
14059,Home Office,United States,OH,Strongsville
13669,Consumer,United States,CA,Winnetka
14329,Consumer,United States,CA,Chino
14712,Consumer,United States,KY,Bowling Green
13993,Consumer,United States,GA,Douglasville
1963,Consumer,United States,CA,Los Angeles
18645,Consumer,United States,NY,New York
16441,Consumer,United States,MA,Quincy
13769,Consumer,United States,CO,Colorado Springs
12906,Consumer,United States,NY,Far Rockaway
13854,Consumer,United States,NM,Roswell
14812,Consumer,United States,CT,Milford
20650,Consumer,United States,TN,Columbia
20717,Consumer,United States,TX,Houston
17310,Consumer,United States,OR,Portland
15532,Consumer,United States,MA,Lynn
18554,Consumer,United States,GA,Lawrenceville
19804,Consumer,United States,TX,Richardson
16120,Consumer,United States,TX,Dallas
18118,Consumer,United States,WI,Milwaukee
18181,Consumer,United States,IL,Aurora
15927,Consumer,United States,CA,San Diego
18646,Consumer,United States,IL,Chicago
8104,Consumer,United States,MI,Taylor
14362,Consumer,United States,CA,Los Angeles
14330,Consumer,United States,CA,Pico Rivera
13763,Consumer,United States,IL,Chicago
13743,Consumer,United States,CA,Highland
14979,Consumer,United States,AZ,Tempe
14363,Consumer,United States,CA,Los Angeles
13054,Consumer,United States,NY,Jackson Heights
14252,Consumer,United States,FL,Miami
14589,Consumer,United States,CA,Bakersfield
13850,Consumer,United States,CA,Oxnard
16426,Corporate,Puerto Rico,PR,Guayama
18459,Corporate,Puerto Rico,PR,Caguas
9025,Corporate,Puerto Rico,PR,Caguas
8161,Corporate,Puerto Rico,PR,Caguas
6013,Corporate,Puerto Rico,PR,Caguas
6424,Corporate,Puerto Rico,PR,Caguas
11738,Corporate,Puerto Rico,PR,Caguas
7321,Corporate,Puerto Rico,PR,Caguas
10651,Corporate,Puerto Rico,PR,Caguas
1744,Corporate,Puerto Rico,PR,Caguas
4008,Corporate,Puerto Rico,PR,Caguas
12061,Corporate,Puerto Rico,PR,Caguas
7237,Corporate,Puerto Rico,PR,Caguas
947,Corporate,Puerto Rico,PR,Caguas
9346,Corporate,Puerto Rico,PR,Caguas
5229,Corporate,Puerto Rico,PR,Caguas
11902,Corporate,Puerto Rico,PR,Caguas
1588,Corporate,Puerto Rico,PR,Caguas
9358,Corporate,Puerto Rico,PR,Caguas
8844,Corporate,Puerto Rico,PR,Caguas
4428,Corporate,Puerto Rico,PR,Caguas
207,Corporate,Puerto Rico,PR,Caguas
3989,Corporate,Puerto Rico,PR,Caguas
2341,Corporate,Puerto Rico,PR,Caguas
330,Corporate,Puerto Rico,PR,Caguas
10780,Corporate,Puerto Rico,PR,Caguas
7851,Corporate,Puerto Rico,PR,Caguas
4682,Corporate,Puerto Rico,PR,Caguas
1344,Corporate,Puerto Rico,PR,Caguas
3123,Corporate,Puerto Rico,PR,Caguas
7339,Corporate,Puerto Rico,PR,Caguas
3147,Corporate,Puerto Rico,PR,Caguas
9442,Corporate,Puerto Rico,PR,Caguas
12490,Corporate,Puerto Rico,PR,Caguas
15040,Corporate,Puerto Rico,PR,Caguas
9637,Corporate,Puerto Rico,PR,Caguas
5540,Corporate,Puerto Rico,PR,Caguas
9257,Corporate,Puerto Rico,PR,Caguas
8226,Corporate,Puerto Rico,PR,Caguas
9319,Corporate,Puerto Rico,PR,Caguas
13542,Corporate,Puerto Rico,PR,Caguas
3169,Corporate,Puerto Rico,PR,Caguas
3642,Corporate,Puerto Rico,PR,Caguas
3962,Corporate,Puerto Rico,PR,Caguas
11243,Corporate,Puerto Rico,PR,Caguas
12149,Corporate,Puerto Rico,PR,Caguas
1108,Corporate,Puerto Rico,PR,Caguas
11404,Corporate,Puerto Rico,PR,Caguas
6958,Corporate,Puerto Rico,PR,Caguas
2298,Corporate,Puerto Rico,PR,Caguas
7962,Corporate,Puerto Rico,PR,Caguas
5220,Corporate,Puerto Rico,PR,Caguas
2656,Corporate,Puerto Rico,PR,Caguas
43,Corporate,Puerto Rico,PR,Caguas
9366,Corporate,Puerto Rico,PR,Caguas
16287,Corporate,Puerto Rico,PR,Caguas
20417,Corporate,Puerto Rico,PR,Caguas
5562,Corporate,Puerto Rico,PR,Caguas
6730,Corporate,Puerto Rico,PR,Caguas
10673,Corporate,Puerto Rico,PR,Caguas
17095,Corporate,Puerto Rico,PR,Caguas
238,Corporate,Puerto Rico,PR,Caguas
7929,Corporate,Puerto Rico,PR,Caguas
10183,Corporate,Puerto Rico,PR,Caguas
11923,Corporate,Puerto Rico,PR,Caguas
6474,Corporate,Puerto Rico,PR,Caguas
11915,Consumer,Puerto Rico,PR,Caguas
9207,Consumer,Puerto Rico,PR,Caguas
16560,Consumer,Puerto Rico,PR,Caguas
12052,Consumer,Puerto Rico,PR,Caguas
1500,Consumer,Puerto Rico,PR,Caguas
3318,Consumer,Puerto Rico,PR,Caguas
8024,Consumer,Puerto Rico,PR,Caguas
8002,Consumer,Puerto Rico,PR,Caguas
4001,Consumer,Puerto Rico,PR,Caguas
10223,Consumer,Puerto Rico,PR,Caguas
1739,Consumer,Puerto Rico,PR,Caguas
4320,Consumer,Puerto Rico,PR,Caguas
13053,Consumer,Puerto Rico,PR,Caguas
1154,Consumer,Puerto Rico,PR,Caguas
9009,Consumer,Puerto Rico,PR,Caguas
6977,Consumer,Puerto Rico,PR,Caguas
8197,Consumer,Puerto Rico,PR,Caguas
2806,Consumer,Puerto Rico,PR,Caguas
12188,Consumer,Puerto Rico,PR,Caguas
5288,Consumer,Puerto Rico,PR,Caguas
6543,Consumer,Puerto Rico,PR,Caguas
9954,Consumer,Puerto Rico,PR,Caguas
714,Consumer,Puerto Rico,PR,Caguas
6609,Consumer,Puerto Rico,PR,Caguas
9094,Consumer,Puerto Rico,PR,Caguas
17892,Consumer,Puerto Rico,PR,Caguas
20747,Consumer,Puerto Rico,PR,Caguas
4971,Consumer,Puerto Rico,PR,Caguas
11631,Consumer,Puerto Rico,PR,Caguas
475,Consumer,Puerto Rico,PR,Caguas
20053,Consumer,Puerto Rico,PR,Caguas
10413,Consumer,Puerto Rico,PR,Caguas
11299,Consumer,Puerto Rico,PR,Caguas
4946,Consumer,Puerto Rico,PR,Caguas
6584,Consumer,Puerto Rico,PR,Caguas
520,Consumer,Puerto Rico,PR,Caguas
10761,Consumer,Puerto Rico,PR,Caguas
8284,Consumer,Puerto Rico,PR,Caguas
11703,Consumer,Puerto Rico,PR,Caguas
9697,Consumer,Puerto Rico,PR,Vega Baja
10567,Consumer,Puerto Rico,PR,Caguas
5913,Consumer,Puerto Rico,PR,Caguas
5115,Consumer,Puerto Rico,PR,Caguas
12826,Consumer,Puerto Rico,PR,Caguas
12085,Consumer,Puerto Rico,PR,Caguas
6547,Consumer,Puerto Rico,PR,Caguas
230,Consumer,Puerto Rico,PR,Caguas
2505,Consumer,Puerto Rico,PR,Caguas
465,Consumer,Puerto Rico,PR,Caguas
6939,Consumer,Puerto Rico,PR,Caguas
2683,Consumer,Puerto Rico,PR,Caguas
3125,Consumer,Puerto Rico,PR,Caguas
7784,Consumer,Puerto Rico,PR,Caguas
12638,Consumer,Puerto Rico,PR,Caguas
11116,Consumer,Puerto Rico,PR,Caguas
7473,Consumer,Puerto Rico,PR,Caguas
5199,Consumer,Puerto Rico,PR,Caguas
1222,Consumer,Puerto Rico,PR,Caguas
2757,Consumer,Puerto Rico,PR,Caguas
3530,Consumer,Puerto Rico,PR,Caguas
3987,Consumer,Puerto Rico,PR,Caguas
12409,Consumer,Puerto Rico,PR,Caguas
4098,Consumer,Puerto Rico,PR,Caguas
6004,Consumer,Puerto Rico,PR,Caguas
9438,Consumer,Puerto Rico,PR,Caguas
10127,Consumer,Puerto Rico,PR,Caguas
758,Consumer,Puerto Rico,PR,Caguas
6931,Consumer,Puerto Rico,PR,Caguas
17698,Consumer,Puerto Rico,PR,Caguas
18006,Consumer,Puerto Rico,PR,Caguas
16066,Consumer,Puerto Rico,PR,Caguas
17730,Consumer,Puerto Rico,PR,Caguas
20556,Consumer,Puerto Rico,PR,Caguas
3333,Consumer,United States,MI,East Lansing
6137,Consumer,United States,CA,Tustin
4113,Consumer,United States,NC,Cary
8618,Consumer,United States,IN,New Albany
2811,Consumer,United States,IL,Tinley Park
1792,Consumer,United States,NJ,Jersey City
1297,Consumer,United States,CA,San Diego
4394,Consumer,United States,UT,Provo
8790,Consumer,United States,NJ,Toms River
3031,Consumer,United States,NY,Brooklyn
8930,Consumer,United States,TN,Memphis
3941,Consumer,United States,AZ,Phoenix
5756,Consumer,United States,NC,Charlotte
4498,Consumer,United States,CA,Los Angeles
5153,Consumer,United States,PA,Philadelphia
7445,Consumer,United States,CA,Santa Cruz
10792,Consumer,United States,CA,Winnetka
65,Consumer,United States,NJ,Princeton
4561,Consumer,United States,AR,Jonesboro
11764,Consumer,United States,CA,Simi Valley
2641,Consumer,United States,TX,Carrollton
12062,Consumer,United States,IN,Michigan City
7425,Consumer,United States,FL,Pompano Beach
9944,Consumer,United States,GA,Lawrenceville
2034,Consumer,United States,FL,Fort Lauderdale
5996,Consumer,United States,OH,Newark
4503,Consumer,United States,MN,Saint Paul
11073,Consumer,United States,NY,Tonawanda
10516,Consumer,United States,NY,Buffalo
636,Consumer,United States,CA,Long Beach
9454,Consumer,United States,CA,Long Beach
2517,Consumer,United States,MD,Cumberland
2052,Consumer,United States,OH,Loveland
3098,Consumer,United States,NY,Newburgh
4491,Consumer,United States,NY,Elmhurst
285,Consumer,United States,CA,Lancaster
1003,Consumer,United States,MI,Ann Arbor
9005,Consumer,United States,IL,Elgin
4213,Consumer,United States,CA,Spring Valley
5154,Consumer,United States,CO,Englewood
2346,Consumer,United States,TX,Mesquite
11374,Consumer,United States,TX,Houston
2615,Consumer,United States,CA,Garden Grove
6518,Consumer,United States,MI,Warren
4203,Consumer,United States,OR,Portland
12164,Consumer,United States,CA,Los Angeles
7183,Consumer,United States,CA,Hacienda Heights
9096,Consumer,United States,CA,Los Angeles
6467,Consumer,United States,AZ,Tucson
131,Consumer,United States,MA,Methuen
2253,Consumer,United States,TN,Memphis
4030,Consumer,United States,CO,Aurora
6086,Consumer,United States,FL,Pompano Beach
10229,Consumer,United States,MI,Detroit
2010,Consumer,United States,TX,San Antonio
9924,Consumer,United States,CA,Daly City
898,Consumer,United States,FL,Tampa
3430,Consumer,United States,TX,Houston
7484,Consumer,United States,CA,North Hills
2682,Consumer,United States,OR,Roseburg
6514,Consumer,United States,FL,Tampa
7803,Consumer,United States,CA,Lompoc
10299,Consumer,United States,PA,Mechanicsburg
79,Consumer,United States,TN,Knoxville
8390,Consumer,United States,FL,Pompano Beach
8756,Consumer,United States,WA,Spokane
11886,Consumer,United States,NV,Las Vegas
7023,Consumer,United States,WA,Everett
11939,Consumer,United States,IL,Tinley Park
4038,Consumer,United States,IL,Waukegan
11148,Consumer,United States,TX,San Antonio
9847,Consumer,United States,IL,Normal
6143,Consumer,United States,TX,Irving
10816,Consumer,United States,TX,Dallas
9014,Consumer,United States,CA,Cypress
900,Consumer,United States,MI,Holland
6862,Consumer,United States,CA,Watsonville
4930,Consumer,United States,CA,Napa
9753,Consumer,United States,IN,New Albany
3874,Consumer,United States,CA,Moreno Valley
2633,Consumer,United States,NV,Las Vegas
9405,Consumer,United States,CT,Manchester
2462,Consumer,United States,CA,Long Beach
3317,Consumer,United States,CA,Los Angeles
11595,Consumer,United States,CA,Modesto
7682,Consumer,United States,NY,Brooklyn
1094,Consumer,United States,NJ,Bloomfield
2787,Consumer,United States,IL,Chicago
6151,Consumer,United States,NC,Cary
2325,Consumer,United States,CA,Antioch
2373,Consumer,United States,SC,Goose Creek
8808,Consumer,United States,MD,Glen Burnie
5912,Consumer,United States,FL,Tampa
3643,Consumer,United States,CA,Los Angeles
8806,Consumer,United States,VA,Virginia Beach
7329,Consumer,United States,NV,Las Vegas
5440,Consumer,United States,CA,Ontario
6949,Home Office,Puerto Rico,PR,Caguas
8965,Home Office,Puerto Rico,PR,Caguas
5050,Corporate,United States,CA,Huntington Beach
5679,Home Office,United States,MA,Plymouth
145,Consumer,United States,OH,Dayton
12176,Consumer,Puerto Rico,PR,Caguas
118,Consumer,United States,UT,Ogden
1484,Corporate,United States,VA,Woodbridge
6026,Corporate,United States,NV,Las Vegas
11306,Corporate,United States,FL,Miami
5684,Home Office,Puerto Rico,PR,Caguas
3995,Corporate,United States,NV,North Las Vegas
6173,Home Office,Puerto Rico,PR,Caguas
1881,Home Office,United States,AZ,Mesa
2876,Home Office,Puerto Rico,PR,Caguas
4277,Corporate,Puerto Rico,PR,Caguas
10167,Consumer,United States,TX,New Braunfels
9703,Home Office,United States,WA,Kent
7721,Consumer,United States,CA,San Francisco
9683,Corporate,United States,CA,Riverside
10467,Corporate,Puerto Rico,PR,Caguas
8314,Corporate,United States,MI,Detroit
5958,Corporate,United States,CA,Garden Grove
11987,Consumer,United States,GA,Norcross
8784,Home Office,Puerto Rico,PR,Caguas
4241,Corporate,United States,CA,Daly City
2669,Home Office,United States,CA,Costa Mesa
1331,Corporate,United States,CA,Panorama City
7340,Corporate,United States,CA,Los Angeles
8940,Corporate,United States,NC,Greensboro
9083,Home Office,Puerto Rico,PR,Bayamon
2803,Consumer,United States,OR,Portland
3195,Corporate,United States,CA,Gilroy
8245,Consumer,United States,TX,San Antonio
10098,Home Office,United States,AZ,Phoenix
7747,Consumer,Puerto Rico,PR,Caguas
6074,Consumer,United States,IL,Chicago
4239,Consumer,United States,TX,Houston
8296,Consumer,United States,MI,Detroit
4225,Corporate,United States,CA,Los Angeles
11462,Corporate,United States,CO,Colorado Springs
6122,Home Office,Puerto Rico,PR,Caguas
3839,Consumer,United States,PA,Mechanicsburg
5330,Consumer,United States,GA,Atlanta
1839,Corporate,United States,MD,Silver Spring
2451,Corporate,Puerto Rico,PR,Caguas
11670,Consumer,Puerto Rico,PR,Caguas
7881,Corporate,United States,MO,Saint Louis
5073,Corporate,United States,CA,Poway
9320,Corporate,United States,PA,Philadelphia
4473,Consumer,United States,PA,West Chester
12019,Consumer,United States,CA,Los Angeles
11660,Consumer,United States,CA,Sacramento
4199,Corporate,United States,CA,Hayward
7775,Consumer,United States,MD,Dundalk
3384,Home Office,United States,MD,Pasadena
5431,Corporate,United States,CA,Oceanside
540,Consumer,Puerto Rico,PR,Caguas
3295,Corporate,United States,CA,Los Angeles
7732,Corporate,United States,NY,Bronx
1113,Consumer,Puerto Rico,PR,Caguas
1075,Consumer,United States,DC,Washington
5547,Corporate,United States,UT,Bountiful
9329,Corporate,United States,LA,Metairie
5340,Home Office,United States,CA,Hawthorne
8853,Consumer,United States,CO,Littleton
3080,Home Office,United States,OH,Lancaster
7542,Corporate,United States,NY,Buffalo
3705,Consumer,Puerto Rico,PR,Caguas
8890,Corporate,United States,PA,York
9886,Consumer,United States,CA,Pomona
8169,Consumer,United States,CA,Bell Gardens
514,Corporate,United States,CA,La Habra
891,Consumer,United States,OR,Beaverton
7039,Corporate,Puerto Rico,PR,Caguas
4693,Corporate,United States,NY,Brooklyn
5303,Corporate,United States,TX,Carrollton
7660,Corporate,Puerto Rico,PR,Caguas
10763,Consumer,United States,FL,Miami
4435,Corporate,United States,MI,Roseville
3285,Corporate,United States,NY,Bronx
2926,Corporate,United States,NY,Levittown
2818,Corporate,United States,IN,Michigan City
5246,Consumer,United States,AZ,Tempe
8490,Corporate,Puerto Rico,PR,Caguas
5488,Corporate,United States,CA,Ontario
11844,Consumer,United States,FL,Hollywood
41,Consumer,United States,NY,Brooklyn
11775,Consumer,United States,GA,Atlanta
3141,Consumer,United States,NY,Massapequa
9063,Corporate,United States,NY,New York
912,Corporate,United States,NV,Las Vegas
9345,Corporate,United States,CO,Aurora
7737,Consumer,United States,CA,Hayward
9732,Home Office,Puerto Rico,PR,Caguas
11362,Corporate,United States,CA,Bakersfield
1713,Corporate,United States,KY,Frankfort
1382,Home Office,Puerto Rico,PR,Caguas
4588,Consumer,United States,FL,Tampa
5519,Corporate,Puerto Rico,PR,Caguas
27,Consumer,Puerto Rico,PR,Caguas
10617,Home Office,United States,NY,Brooklyn
7313,Consumer,United States,NY,Astoria
10326,Consumer,United States,TX,Grand Prairie
7010,Home Office,Puerto Rico,PR,Caguas
4346,Consumer,Puerto Rico,PR,Caguas
7678,Consumer,United States,KY,Louisville
7866,Home Office,Puerto Rico,PR,Caguas
12093,Corporate,United States,CA,Rialto
4508,Consumer,United States,TX,Austin
11177,Consumer,United States,NJ,Wayne
12197,Consumer,United States,RI,Pawtucket
10698,Consumer,United States,CA,La Mirada
17588,Consumer,United States,CA,Modesto
17189,Consumer,United States,TX,North Richland Hills
17043,Consumer,United States,MN,Saint Paul
18203,Consumer,United States,CA,Daly City
15788,Consumer,United States,IL,Chicago
6031,Consumer,United States,OR,Portland
4526,Consumer,United States,CA,El Monte
7573,Consumer,United States,IA,Dubuque
15369,Consumer,United States,HI,Kailua
12248,Consumer,United States,CA,San Diego
17255,Consumer,United States,CA,San Diego
17900,Consumer,United States,TX,El Paso
19060,Consumer,United States,CO,Aurora
6469,Consumer,United States,NJ,Bayonne
1632,Consumer,United States,CA,Citrus Heights
17277,Consumer,United States,TX,Laredo
15372,Consumer,United States,CA,Visalia
3716,Consumer,United States,CA,San Jose
2600,Consumer,United States,CA,Hayward
16264,Consumer,United States,TX,El Paso
17067,Consumer,United States,CA,Rancho Cordova
2048,Consumer,United States,NC,Greensboro
7858,Consumer,United States,FL,Miami
5329,Consumer,United States,CA,Long Beach
1374,Consumer,United States,FL,Miami
11774,Consumer,United States,GA,Lithonia
9252,Consumer,United States,IL,Chicago
979,Consumer,United States,TX,Austin
703,Consumer,United States,FL,Miami
4476,Consumer,United States,NY,Brooklyn
8804,Consumer,United States,IL,Moline
12426,Consumer,United States,NY,Brooklyn
1447,Consumer,United States,DE,Newark
7072,Consumer,United States,HI,Mililani
8972,Consumer,United States,ND,Bismarck
3633,Consumer,United States,TX,El Paso
8900,Consumer,United States,CO,Greeley
12280,Consumer,United States,FL,Tallahassee
10431,Consumer,United States,CA,South Gate
2552,Consumer,United States,IL,Mount Prospect
1490,Consumer,United States,OR,Portland
1428,Consumer,United States,KY,Frankfort
7724,Consumer,United States,NC,Morganton
11473,Consumer,United States,IL,Elmhurst
9244,Consumer,United States,CA,North Hollywood
12218,Consumer,United States,OH,Lakewood
12239,Consumer,United States,NM,Las Cruces
3786,Consumer,United States,TX,Irving
1155,Consumer,United States,CO,Greeley
6036,Consumer,United States,VA,Stafford
5445,Consumer,United States,OH,Hilliard
6431,Consumer,United States,CA,Placentia
3064,Consumer,United States,CA,Hacienda Heights
2969,Consumer,United States,IL,Cicero
10835,Consumer,United States,LA,New Orleans
8092,Consumer,United States,PA,Irwin
7702,Consumer,United States,IL,Chicago
12171,Consumer,United States,IL,Chicago
10404,Consumer,United States,CA,Pico Rivera
1402,Consumer,United States,TX,Dallas
3461,Corporate,United States,FL,Miami
4201,Corporate,Puerto Rico,PR,Caguas
8957,Home Office,Puerto Rico,PR,Caguas
75,Consumer,Puerto Rico,PR,Caguas
12383,Consumer,United States,NY,North Tonawanda
7068,Corporate,Puerto Rico,PR,Caguas
3133,Home Office,United States,NY,Freeport
4974,Corporate,United States,UT,Salt Lake City
9406,Corporate,United States,IL,Chicago
4470,Corporate,United States,NY,Brooklyn
12423,Corporate,United States,CA,Palmdale
10697,Consumer,United States,CA,San Diego
7108,Home Office,United States,IL,Chicago
9365,Home Office,United States,OH,Cleveland
5305,Home Office,United States,CA,Corona
9120,Home Office,Puerto Rico,PR,Caguas
11427,Corporate,United States,CA,Huntington Park
4673,Home Office,Puerto Rico,PR,Caguas
7502,Consumer,Puerto Rico,PR,Caguas
12359,Home Office,United States,NY,Bronx
462,Corporate,United States,NJ,Newark
6709,Corporate,Puerto Rico,PR,Caguas
8220,Home Office,United States,FL,Orlando
3405,Home Office,Puerto Rico,PR,Caguas
8592,Corporate,United States,IL,Carol Stream
8090,Corporate,United States,TN,Clarksville
11858,Home Office,United States,CA,North Hills
4851,Consumer,Puerto Rico,PR,Caguas
7599,Corporate,Puerto Rico,PR,Caguas
3821,Corporate,Puerto Rico,PR,Caguas
964,Corporate,United States,NY,New York
11761,Consumer,Puerto Rico,PR,Caguas
1735,Home Office,United States,PA,Carlisle
8012,Home Office,United States,CA,Hayward
1910,Corporate,Puerto Rico,PR,Caguas
7988,Home Office,Puerto Rico,PR,Caguas
390,Home Office,Puerto Rico,PR,Caguas
2657,Corporate,United States,PA,Allentown
6887,Consumer,Puerto Rico,PR,Caguas
5885,Consumer,Puerto Rico,PR,Caguas
292,Home Office,United States,OH,Columbus
8866,Consumer,United States,PA,Chambersburg
2941,Consumer,United States,NY,Bronx
682,Corporate,United States,CA,Salinas
3215,Home Office,United States,TX,El Paso
6732,Consumer,United States,HI,Honolulu
6134,Home Office,United States,NY,Brooklyn
4991,Corporate,United States,NC,Greensboro
6053,Corporate,United States,NY,Elmhurst
5582,Corporate,United States,IL,Chicago
1630,Home Office,United States,OR,Bend
11876,Home Office,Puerto Rico,PR,Caguas
3546,Home Office,Puerto Rico,PR,Caguas
5392,Home Office,Puerto Rico,PR,Caguas
725,Corporate,United States,CA,San Bernardino
5869,Home Office,United States,TX,Plano
8342,Consumer,United States,CA,El Centro
510,Home Office,United States,FL,Hialeah
951,Consumer,Puerto Rico,PR,Caguas
3602,Corporate,United States,CT,Stamford
1888,Home Office,United States,MI,Ypsilanti
415,Corporate,United States,CA,San Diego
3398,Corporate,United States,TX,Plano
3778,Home Office,Puerto Rico,PR,Caguas
11511,Corporate,Puerto Rico,PR,Caguas
9978,Corporate,Puerto Rico,PR,Caguas
9632,Corporate,Puerto Rico,PR,Caguas
2105,Corporate,Puerto Rico,PR,Caguas
7981,Corporate,Puerto Rico,PR,Caguas
12203,Home Office,Puerto Rico,PR,Caguas
3707,Home Office,Puerto Rico,PR,Caguas
16444,Home Office,Puerto Rico,PR,Caguas
4227,Home Office,Puerto Rico,PR,Caguas
12901,Home Office,Puerto Rico,PR,Caguas
738,Home Office,Puerto Rico,PR,Caguas
5110,Home Office,Puerto Rico,PR,Caguas
11470,Home Office,Puerto Rico,PR,Caguas
12117,Home Office,Puerto Rico,PR,Caguas
4532,Home Office,Puerto Rico,PR,Caguas
5425,Home Office,Puerto Rico,PR,Caguas
9467,Home Office,Puerto Rico,PR,Caguas
1171,Home Office,Puerto Rico,PR,Caguas
5564,Home Office,Puerto Rico,PR,Caguas
2227,Home Office,Puerto Rico,PR,Caguas
13940,Home Office,Puerto Rico,PR,Caguas
5743,Home Office,Puerto Rico,PR,Caguas
3568,Home Office,Puerto Rico,PR,Caguas
6944,Home Office,Puerto Rico,PR,Caguas
11327,Home Office,Puerto Rico,PR,Caguas
412,Home Office,Puerto Rico,PR,Caguas
7165,Home Office,Puerto Rico,PR,Caguas
10196,Home Office,Puerto Rico,PR,Caguas
9933,Home Office,Puerto Rico,PR,Canovanas
12607,Home Office,Puerto Rico,PR,Caguas
3150,Home Office,Puerto Rico,PR,Caguas
14367,Home Office,Puerto Rico,PR,Caguas
223,Home Office,Puerto Rico,PR,Caguas
5344,Home Office,Puerto Rico,PR,Caguas
20742,Home Office,Puerto Rico,PR,Caguas
19802,Home Office,Puerto Rico,PR,Caguas
2148,Home Office,Puerto Rico,PR,Caguas
1341,Home Office,Puerto Rico,PR,Caguas
10123,Home Office,Puerto Rico,PR,Caguas
5971,Consumer,Puerto Rico,PR,Caguas
4005,Corporate,United States,MA,Quincy
1028,Corporate,United States,TX,Austin
6197,Consumer,Puerto Rico,PR,San Sebastian
11387,Corporate,United States,TX,San Antonio
9578,Consumer,Puerto Rico,PR,Caguas
660,Consumer,Puerto Rico,PR,Caguas
10718,Home Office,United States,GA,Marietta
5420,Corporate,United States,MI,Muskegon
8071,Home Office,United States,TX,Plano
6121,Home Office,United States,WI,Beloit
552,Corporate,United States,CA,Los Angeles
1457,Consumer,Puerto Rico,PR,Caguas
11176,Consumer,Puerto Rico,PR,Caguas
11249,Home Office,United States,UT,Provo
5306,Home Office,Puerto Rico,PR,Caguas
8430,Consumer,Puerto Rico,PR,Caguas
1081,Corporate,United States,CA,Sacramento
2701,Corporate,United States,OH,Elyria
11621,Consumer,United States,CA,Los Angeles
5700,Corporate,United States,CA,Sacramento
5032,Corporate,Puerto Rico,PR,Caguas
9465,Home Office,Puerto Rico,PR,Caguas
11747,Corporate,United States,NV,Las Vegas
11734,Corporate,Puerto Rico,PR,Caguas
8007,Consumer,Puerto Rico,PR,Caguas
8081,Home Office,United States,CA,San Jose
2546,Home Office,Puerto Rico,PR,Caguas
7246,Consumer,United States,NC,Raleigh
2309,Corporate,Puerto Rico,PR,Caguas
5531,Corporate,United States,IL,Chicago
5704,Corporate,United States,MA,Medford
3480,Corporate,Puerto Rico,PR,Caguas
2755,Home Office,United States,CO,Longmont
2548,Consumer,United States,OH,Hamilton
2980,Home Office,United States,GA,Marietta
4343,Home Office,United States,FL,Tallahassee
3417,Home Office,United States,IL,Chicago
6717,Consumer,Puerto Rico,PR,Caguas
4375,Home Office,United States,OH,Cleveland
2603,Corporate,United States,CA,Costa Mesa
5964,Consumer,United States,MO,Saint Louis
8260,Corporate,United States,TN,Antioch
4700,Corporate,United States,CO,Greeley
10611,Consumer,United States,MA,Taunton
9091,Home Office,Puerto Rico,PR,Caguas
9538,Consumer,Puerto Rico,PR,Caguas
5042,Corporate,Puerto Rico,PR,Caguas
2187,Corporate,United States,CA,Westminster
11809,Consumer,United States,NJ,Jersey City
5525,Corporate,United States,TN,Knoxville
6589,Consumer,United States,PA,Bensalem
1356,Corporate,Puerto Rico,PR,San Juan
22,Corporate,United States,NJ,North Bergen
1407,Consumer,United States,NY,Bronx
6329,Corporate,Puerto Rico,PR,Caguas
6228,Corporate,Puerto Rico,PR,Caguas
1256,Corporate,United States,CA,West Covina
1759,Consumer,United States,NY,Astoria
7316,Corporate,United States,TX,Baytown
2069,Corporate,Puerto Rico,PR,Caguas
2721,Consumer,Puerto Rico,PR,Caguas
11082,Home Office,United States,CA,Moreno Valley
741,Corporate,United States,NY,Brooklyn
1673,Home Office,Puerto Rico,PR,Caguas
3754,Home Office,United States,GA,Columbus
7788,Corporate,United States,CA,Mission Viejo
1179,Consumer,United States,OK,Broken Arrow
228,Consumer,Puerto Rico,PR,Caguas
5886,Consumer,United States,VA,Hampton
6713,Consumer,United States,CA,San Diego
4074,Corporate,United States,PA,West Chester
10008,Corporate,United States,NY,Staten Island
6542,Consumer,United States,FL,Apopka
8984,Home Office,Puerto Rico,PR,Caguas
9525,Consumer,United States,NY,Jamaica
9611,Corporate,United States,MO,Saint Louis
3348,Consumer,Puerto Rico,PR,Caguas
3775,Home Office,United States,OH,Mentor
7709,Consumer,Puerto Rico,PR,Caguas
6215,Corporate,United States,OH,Painesville
765,Home Office,Puerto Rico,PR,Caguas
8606,Home Office,United States,FL,Winter Park
12424,Consumer,United States,CA,San Diego
1615,Corporate,United States,CA,Martinez
1988,Corporate,Puerto Rico,PR,Rio Grande
2638,Consumer,Puerto Rico,PR,Caguas
9178,Consumer,United States,LA,New Orleans
9866,Consumer,United States,CA,Los Angeles
1796,Consumer,United States,MD,Baltimore
10368,Home Office,Puerto Rico,PR,Caguas
3563,Home Office,Puerto Rico,PR,Caguas
208,Home Office,Puerto Rico,PR,Bayamon
20660,Home Office,Puerto Rico,PR,Caguas
18662,Home Office,Puerto Rico,PR,Caguas
16127,Home Office,Puerto Rico,PR,Caguas
18777,Home Office,Puerto Rico,PR,Caguas
19868,Home Office,Puerto Rico,PR,Caguas
30,Home Office,Puerto Rico,PR,Caguas
1938,Home Office,Puerto Rico,PR,Caguas
14474,Home Office,Puerto Rico,PR,Caguas
4111,Home Office,Puerto Rico,PR,Caguas
608,Corporate,United States,OH,Fairfield
9718,Home Office,United States,VA,Annandale
7624,Consumer,Puerto Rico,PR,Caguas
7525,Consumer,Puerto Rico,PR,Caguas
10308,Consumer,Puerto Rico,PR,Caguas
1403,Consumer,United States,UT,Bountiful
8507,Corporate,United States,CA,Milpitas
5607,Consumer,Puerto Rico,PR,Caguas
10897,Consumer,United States,CA,Ventura
4416,Home Office,United States,TX,Dallas
3276,Corporate,United States,PA,Lancaster
6927,Consumer,United States,SC,Summerville
6841,Corporate,United States,CA,Los Angeles
8931,Consumer,United States,GA,Douglasville
6227,Corporate,United States,NJ,New Brunswick
2039,Consumer,United States,NY,Brentwood
9219,Home Office,United States,CA,Oceanside
2123,Consumer,Puerto Rico,PR,Caguas
7512,Consumer,Puerto Rico,PR,Caguas
1968,Corporate,United States,CA,Carson
8051,Consumer,Puerto Rico,PR,Caguas
10983,Corporate,United States,CA,Fontana
9505,Home Office,United States,FL,Orlando
5631,Corporate,United States,CA,Los Angeles
6693,Home Office,United States,MI,Wyoming
11460,Corporate,United States,NY,New York
12169,Corporate,United States,TX,Mesquite
2440,Home Office,United States,CA,Alhambra
3004,Corporate,Puerto Rico,PR,Caguas
12199,Consumer,Puerto Rico,PR,Caguas
8761,Corporate,United States,NY,Bronx
3112,Consumer,United States,WI,Milwaukee
10786,Corporate,United States,CA,Stockton
1064,Corporate,Puerto Rico,PR,Caguas
3122,Corporate,United States,GA,Augusta
4542,Corporate,United States,NJ,Irvington
10855,Consumer,Puerto Rico,PR,Caguas
699,Corporate,United States,TX,Houston
4610,Corporate,United States,NY,North Tonawanda
1470,Home Office,Puerto Rico,PR,Caguas
6174,Home Office,United States,NY,Massapequa
9634,Corporate,United States,NJ,Bridgeton
7005,Consumer,Puerto Rico,PR,Caguas
3221,Consumer,Puerto Rico,PR,Caguas
18576,Consumer,Puerto Rico,PR,Caguas
17789,Consumer,Puerto Rico,PR,Caguas
9923,Consumer,Puerto Rico,PR,Caguas
6073,Consumer,Puerto Rico,PR,Caguas
10624,Consumer,Puerto Rico,PR,Caguas
4712,Consumer,Puerto Rico,PR,Caguas
5141,Consumer,Puerto Rico,PR,Caguas
14069,Consumer,Puerto Rico,PR,Caguas
14191,Consumer,Puerto Rico,PR,Bayamon
9680,Consumer,Puerto Rico,PR,Caguas
119,Consumer,Puerto Rico,PR,Caguas
15962,Consumer,Puerto Rico,PR,Caguas
1292,Consumer,Puerto Rico,PR,Caguas
18328,Consumer,Puerto Rico,PR,Caguas
20701,Consumer,Puerto Rico,PR,Caguas
19017,Consumer,Puerto Rico,PR,Caguas
18993,Consumer,Puerto Rico,PR,Caguas
13188,Consumer,Puerto Rico,PR,Caguas
12393,Consumer,Puerto Rico,PR,Manati
322,Consumer,Puerto Rico,PR,Caguas
12158,Consumer,Puerto Rico,PR,Caguas
6464,Consumer,Puerto Rico,PR,Caguas
13397,Consumer,Puerto Rico,PR,Caguas
12808,Consumer,Puerto Rico,PR,Caguas
14826,Consumer,Puerto Rico,PR,Caguas
6519,Consumer,Puerto Rico,PR,Caguas
12664,Consumer,Puerto Rico,PR,Caguas
13847,Consumer,Puerto Rico,PR,Guaynabo
12888,Consumer,Puerto Rico,PR,Caguas
6678,Consumer,Puerto Rico,PR,Caguas
7968,Consumer,Puerto Rico,PR,Caguas
2166,Consumer,Puerto Rico,PR,Caguas
10714,Consumer,Puerto Rico,PR,Caguas
3099,Consumer,Puerto Rico,PR,Caguas
11373,Consumer,Puerto Rico,PR,Caguas
15898,Consumer,Puerto Rico,PR,Caguas
20528,Consumer,Puerto Rico,PR,Caguas
18887,Consumer,Puerto Rico,PR,Caguas
15555,Consumer,Puerto Rico,PR,Caguas
17568,Consumer,Puerto Rico,PR,Caguas
17604,Consumer,Puerto Rico,PR,Caguas
15246,Consumer,Puerto Rico,PR,Caguas
18934,Consumer,Puerto Rico,PR,Caguas
17231,Consumer,Puerto Rico,PR,Caguas
1319,Consumer,Puerto Rico,PR,Caguas
2543,Home Office,United States,AZ,Tempe
11154,Home Office,United States,CA,Granada Hills
11340,Home Office,United States,HI,Kailua
9301,Home Office,United States,MA,New Bedford
18198,Home Office,United States,IL,Chicago
20392,Home Office,United States,CA,Sylmar
17280,Home Office,United States,NY,New York
17744,Home Office,United States,CA,Gilroy
15385,Home Office,United States,PA,Philadelphia
1825,Home Office,United States,CA,Van Nuys
9959,Home Office,United States,LA,Opelousas
16307,Home Office,United States,IL,Joliet
16142,Home Office,United States,OH,Columbus
19008,Home Office,United States,CA,Walnut
17106,Home Office,United States,OH,Hamilton
2704,Home Office,United States,CA,Fontana
4984,Home Office,United States,PA,Philadelphia
6748,Home Office,United States,NC,Greensboro
3615,Home Office,United States,NY,New York
8945,Home Office,United States,CA,San Jose
12028,Home Office,United States,NJ,Newark
16498,Home Office,United States,CA,Oceanside
13047,Home Office,United States,CA,El Cajon
8958,Home Office,United States,IL,Chicago
20518,Home Office,United States,CA,Los Angeles
15979,Home Office,United States,CA,Reseda
181,Home Office,United States,PA,Irwin
2826,Home Office,United States,CA,San Ramon
12514,Home Office,United States,MD,Parkville
16623,Home Office,United States,GA,Augusta
594,Home Office,United States,WA,Lynnwood
17731,Home Office,United States,OH,Elyria
17706,Home Office,United States,PA,Bensalem
17866,Home Office,United States,NC,Chapel Hill
14044,Home Office,United States,FL,Fort Lauderdale
5517,Home Office,United States,NJ,Bloomfield
12464,Home Office,United States,WA,Longview
13015,Home Office,United States,LA,New Orleans
5309,Home Office,United States,GA,Smyrna
16538,Home Office,United States,LA,Marrero
7286,Home Office,United States,MI,Mount Pleasant
15120,Home Office,United States,FL,Fort Lauderdale
13271,Home Office,United States,CA,Santee
537,Home Office,United States,CA,Costa Mesa
18186,Home Office,United States,VA,Virginia Beach
9844,Home Office,United States,AZ,Tucson
5963,Home Office,United States,CA,Elk Grove
13281,Home Office,United States,CA,Carlsbad
8186,Home Office,United States,MI,Roseville
7515,Home Office,United States,TX,El Paso
19925,Home Office,United States,NJ,Union City
19249,Home Office,United States,OH,Hamilton
15482,Home Office,United States,MD,Hyattsville
16133,Home Office,United States,MI,Ypsilanti
17639,Consumer,Puerto Rico,PR,Caguas
8533,Consumer,Puerto Rico,PR,Caguas
1856,Consumer,Puerto Rico,PR,Caguas
14346,Consumer,Puerto Rico,PR,Caguas
14436,Consumer,Puerto Rico,PR,Caguas
13730,Consumer,Puerto Rico,PR,Caguas
12650,Consumer,Puerto Rico,PR,Caguas
12568,Consumer,Puerto Rico,PR,Caguas
12492,Consumer,Puerto Rico,PR,Caguas
7314,Consumer,Puerto Rico,PR,Caguas
15622,Consumer,Puerto Rico,PR,Caguas
15266,Consumer,Puerto Rico,PR,Caguas
20074,Consumer,Puerto Rico,PR,Caguas
20228,Consumer,Puerto Rico,PR,Caguas
8213,Consumer,Puerto Rico,PR,Caguas
14491,Consumer,Puerto Rico,PR,Caguas
15912,Consumer,Puerto Rico,PR,Caguas
18372,Consumer,Puerto Rico,PR,Rio Grande
8738,Consumer,Puerto Rico,PR,Caguas
15727,Consumer,Puerto Rico,PR,Caguas
18012,Consumer,Puerto Rico,PR,Caguas
3308,Corporate,United States,VA,Annandale
6978,Consumer,United States,CA,Los Angeles
9142,Corporate,Puerto Rico,PR,Caguas
10360,Corporate,Puerto Rico,PR,Caguas
9915,Corporate,United States,MI,Highland Park
10591,Corporate,United States,MA,Plymouth
2673,Consumer,United States,IL,Granite City
589,Corporate,United States,CA,Oxnard
1359,Corporate,United States,CA,Canyon Country
702,Corporate,United States,OR,Bend
9181,Corporate,United States,IL,Chicago Heights
5891,Corporate,United States,NV,Las Vegas
4715,Corporate,United States,IL,Plainfield
19487,Home Office,Puerto Rico,PR,Caguas
19482,Consumer,United States,NY,Freeport
19471,Corporate,United States,CA,Rancho Cordova
19469,Corporate,United States,MT,Billings
19454,Consumer,United States,DE,Newark
13363,Consumer,Puerto Rico,PR,Caguas
13080,Consumer,Puerto Rico,PR,Caguas
1509,Consumer,United States,NY,Freeport
11753,Corporate,United States,FL,Opa Locka
19393,Home Office,Puerto Rico,PR,Caguas
19369,Corporate,United States,NY,Astoria
19355,Corporate,Puerto Rico,PR,Caguas
14824,Consumer,Puerto Rico,PR,Caguas
14848,Consumer,Puerto Rico,PR,Caguas
6855,Corporate,United States,PA,Philadelphia
9023,Corporate,United States,OH,Cleveland
17746,Corporate,United States,CA,Milpitas
6376,Corporate,United States,NY,North Tonawanda
19334,Consumer,Puerto Rico,PR,Caguas
19321,Consumer,United States,NY,Corona
19299,Corporate,United States,CA,Tustin
16753,Home Office,Puerto Rico,PR,Caguas
16749,Corporate,Puerto Rico,PR,Caguas
16745,Corporate,Puerto Rico,PR,Caguas
16743,Consumer,Puerto Rico,PR,Caguas
16733,Corporate,Puerto Rico,PR,Caguas
16709,Home Office,United States,AZ,Tucson
16681,Corporate,United States,TN,Columbia
16669,Home Office,United States,MD,Parkville
14297,Home Office,Puerto Rico,PR,Caguas
8712,Consumer,United States,CA,Riverside
11078,Consumer,United States,TX,New Braunfels
8802,Consumer,United States,TX,Amarillo
3370,Consumer,United States,FL,Hialeah
3146,Consumer,United States,FL,Opa Locka
18323,Corporate,United States,CA,San Jose
1849,Corporate,United States,CA,Salinas
11063,Corporate,United States,NC,Cary
15606,Corporate,United States,VA,Woodbridge
2504,Corporate,United States,PA,West Chester
11634,Corporate,United States,CA,San Diego
16645,Consumer,Puerto Rico,PR,Caguas
10173,Consumer,United States,PA,Philadelphia
2583,Consumer,United States,IL,Mchenry
5884,Consumer,United States,OR,Portland
13592,Home Office,Puerto Rico,PR,Caguas
12494,Home Office,Puerto Rico,PR,Caguas
6994,Home Office,Puerto Rico,PR,Caguas
10397,Consumer,Puerto Rico,PR,Caguas
19190,Consumer,Puerto Rico,PR,Caguas
18335,Consumer,Puerto Rico,PR,Caguas
17442,Consumer,Puerto Rico,PR,Caguas
15332,Corporate,Puerto Rico,PR,Caguas
16224,Corporate,United States,TN,Memphis
18594,Corporate,United States,NV,North Las Vegas
16288,Corporate,United States,FL,Orlando
17806,Corporate,United States,NV,Las Vegas
19813,Corporate,United States,CA,Cerritos
18559,Corporate,United States,NY,Endicott
18616,Corporate,United States,NJ,Jersey City
5487,Consumer,United States,IL,Chicago
5263,Corporate,United States,CA,San Jose
6045,Consumer,United States,CA,Bakersfield
15019,Consumer,United States,IL,Mchenry
18512,Consumer,United States,VA,Richmond
15353,Consumer,United States,CA,San Jose
20519,Home Office,Puerto Rico,PR,Caguas
17614,Home Office,Puerto Rico,PR,Caguas
12002,Corporate,Puerto Rico,PR,Caguas
19058,Corporate,Puerto Rico,PR,Caguas
14635,Corporate,Puerto Rico,PR,Caguas
14331,Corporate,Puerto Rico,PR,Caguas
15074,Corporate,Puerto Rico,PR,Caguas
18346,Corporate,Puerto Rico,PR,Caguas
8366,Corporate,United States,NV,Las Vegas
2057,Corporate,United States,UT,Bountiful
1845,Corporate,United States,PA,York
7756,Consumer,United States,CA,Daly City
2619,Consumer,United States,MI,Warren
13464,Consumer,United States,TX,Austin
2711,Consumer,United States,NY,Bronx
8653,Corporate,United States,MO,Saint Louis
10566,Corporate,United States,CA,Los Angeles
6896,Corporate,United States,CA,Santa Ana
3149,Corporate,United States,TX,Dallas
20644,Home Office,Puerto Rico,PR,Caguas
14109,Consumer,Puerto Rico,PR,Caguas
14162,Consumer,Puerto Rico,PR,Caguas
13266,Consumer,Puerto Rico,PR,Caguas
14190,Consumer,Puerto Rico,PR,Caguas
13609,Consumer,Puerto Rico,PR,Caguas
14713,Consumer,Puerto Rico,PR,Caguas
14013,Consumer,Puerto Rico,PR,Caguas
12523,Consumer,Puerto Rico,PR,Caguas
12545,Consumer,Puerto Rico,PR,Caguas
12875,Consumer,Puerto Rico,PR,Caguas
11141,Corporate,United States,OR,Eugene
7914,Consumer,United States,MD,Annapolis
13095,Consumer,United States,NC,Greenville
14473,Consumer,United States,CA,Rancho Cordova
14825,Consumer,United States,TN,Memphis
1463,Consumer,United States,FL,Tampa
13407,Consumer,United States,GA,Douglasville
13081,Consumer,United States,CA,Cupertino
18434,Corporate,United States,TX,College Station
20478,Corporate,United States,PA,Wilkes Barre
1114,Corporate,United States,TX,El Paso
2808,Consumer,United States,TN,Memphis
20059,Consumer,United States,CA,Simi Valley
11394,Consumer,United States,CA,Cupertino
3002,Consumer,United States,NY,Rego Park
12539,Consumer,United States,CO,Broomfield
7936,Consumer,Puerto Rico,PR,Caguas
18234,Consumer,Puerto Rico,PR,Caguas
16572,Consumer,Puerto Rico,PR,Caguas
15787,Consumer,Puerto Rico,PR,Caguas
15747,Consumer,Puerto Rico,PR,Caguas
15763,Consumer,Puerto Rico,PR,Caguas
18442,Consumer,Puerto Rico,PR,Caguas
2695,Consumer,Puerto Rico,PR,Caguas
15302,Consumer,Puerto Rico,PR,Caguas
15669,Consumer,Puerto Rico,PR,Caguas
17602,Consumer,Puerto Rico,PR,Caguas
19809,Consumer,Puerto Rico,PR,Humacao
15242,Consumer,Puerto Rico,PR,Caguas
17035,Consumer,Puerto Rico,PR,Caguas
17102,Consumer,Puerto Rico,PR,Caguas
20132,Consumer,Puerto Rico,PR,Caguas
1803,Corporate,United States,CT,West Haven
6719,Corporate,United States,CA,Encinitas
14800,Corporate,United States,TX,Katy
10922,Corporate,United States,OR,Portland
17977,Corporate,United States,CA,Hayward
10249,Corporate,United States,NJ,Freehold
15614,Corporate,United States,OH,Middletown
15196,Corporate,United States,CA,Santa Ana
833,Corporate,United States,IA,Dubuque
13355,Corporate,United States,CA,Cypress
13316,Corporate,United States,GA,Marietta
12767,Corporate,United States,AZ,Tempe
15868,Corporate,United States,NY,Rego Park
18832,Corporate,United States,FL,Miami
17645,Corporate,United States,CA,Garden Grove
20560,Corporate,United States,CA,Sacramento
17724,Corporate,United States,PA,Philadelphia
15471,Corporate,United States,IL,Glenview
16353,Corporate,United States,OR,Eugene
11773,Corporate,Puerto Rico,PR,Caguas
4724,Corporate,Puerto Rico,PR,Caguas
18448,Corporate,Puerto Rico,PR,Caguas
3666,Corporate,United States,NJ,Princeton
1719,Corporate,United States,CA,Stockton
12043,Corporate,United States,MD,Gaithersburg
12605,Corporate,United States,NY,Bronx
15236,Corporate,United States,MI,Detroit
14814,Corporate,United States,PA,Irwin
15819,Corporate,United States,NY,Brooklyn
17301,Corporate,United States,IL,Chicago
16321,Corporate,United States,CA,Palo Alto
17159,Corporate,United States,CA,El Cajon
17783,Home Office,Puerto Rico,PR,Caguas
17235,Home Office,Puerto Rico,PR,Caguas
16172,Home Office,Puerto Rico,PR,Caguas
5386,Corporate,United States,VA,Chesapeake
6105,Consumer,United States,CA,Los Angeles
11690,Consumer,United States,TX,El Paso
13731,Consumer,United States,CA,Winnetka
10984,Consumer,United States,MO,Florissant
12703,Consumer,United States,OH,Columbus
6771,Consumer,United States,AZ,Tucson
1992,Consumer,United States,VA,Virginia Beach
18094,Consumer,United States,CA,Hacienda Heights
19036,Consumer,United States,NJ,Clementon
18589,Consumer,United States,NV,North Las Vegas
16160,Consumer,United States,GA,Douglasville
12243,Consumer,United States,NY,Brooklyn
14500,Consumer,United States,TX,Dallas
13756,Consumer,United States,CA,Los Angeles
14154,Consumer,United States,NY,Buffalo
15029,Consumer,United States,NJ,Piscataway
18168,Consumer,United States,TX,Houston
17399,Consumer,United States,OH,Findlay
18424,Consumer,United States,IL,Chicago
10978,Consumer,United States,MN,Burnsville
18703,Consumer,United States,CA,Bell Gardens
19899,Consumer,United States,TX,Dallas
14233,Consumer,United States,TN,Memphis
14599,Consumer,United States,TX,Irving
14453,Consumer,United States,NJ,Perth Amboy
13116,Consumer,United States,OH,Strongsville
13968,Consumer,United States,CA,Fresno
5646,Consumer,United States,NY,Jamaica
14763,Consumer,United States,PA,West Chester
1737,Corporate,Puerto Rico,PR,Caguas
14214,Corporate,Puerto Rico,PR,Caguas
12689,Corporate,Puerto Rico,PR,Caguas
14910,Corporate,Puerto Rico,PR,Caguas
18073,Corporate,Puerto Rico,PR,Caguas
18159,Corporate,Puerto Rico,PR,Caguas
10471,Corporate,Puerto Rico,PR,Caguas
20691,Corporate,Puerto Rico,PR,Caguas
18583,Corporate,Puerto Rico,PR,Caguas
16317,Corporate,Puerto Rico,PR,Caguas
15519,Corporate,Puerto Rico,PR,Caguas
13602,Consumer,United States,NV,Las Vegas
19197,Consumer,United States,MA,Malden
18809,Consumer,United States,CA,Madera
17936,Consumer,United States,CA,Gardena
17883,Consumer,United States,CA,Fullerton
16104,Consumer,United States,OR,Salem
18084,Consumer,United States,CA,Compton
10112,Consumer,United States,IL,Harvey
13788,Consumer,United States,MA,Lawrence
12542,Consumer,United States,CA,Napa
7896,Consumer,United States,NY,Lindenhurst
18041,Consumer,United States,KS,Wichita
20645,Consumer,United States,CA,Pomona
8566,Consumer,United States,NY,Brooklyn
14413,Corporate,United States,CA,Los Angeles
12761,Corporate,United States,DC,Washington
13985,Corporate,United States,OR,Oregon City
14796,Corporate,United States,TX,San Antonio
2082,Corporate,United States,GA,Norcross
2024,Corporate,United States,CA,Poway
18816,Corporate,United States,TX,Irving
19793,Corporate,United States,OH,Hamilton
19787,Corporate,United States,NJ,Piscataway
18561,Corporate,United States,CO,Aurora
16100,Corporate,United States,VA,Virginia Beach
17553,Corporate,United States,NY,Buffalo
13161,Corporate,United States,CA,San Bernardino
14786,Corporate,United States,CT,West Haven
12757,Corporate,United States,MI,Ann Arbor
18522,Corporate,United States,CA,Campbell
17534,Corporate,United States,PA,West Chester
20258,Corporate,United States,MA,Brighton
13274,Corporate,United States,IL,Tinley Park
13360,Corporate,United States,OR,Eugene
14212,Corporate,United States,AZ,Glendale
14523,Corporate,United States,TX,San Benito
13438,Corporate,United States,CA,Milpitas
13589,Corporate,United States,VA,Woodbridge
13623,Corporate,United States,CT,Danbury
14909,Corporate,United States,IL,Palatine
14747,Corporate,United States,CA,Anaheim
13563,Corporate,United States,IL,Chicago
19749,Corporate,Puerto Rico,PR,Caguas
19741,Home Office,United States,TX,San Marcos
19726,Consumer,Puerto Rico,PR,Caguas
19703,Consumer,United States,TX,Richmond
19697,Corporate,United States,OH,Dayton
19677,Corporate,United States,CA,Oxnard
19663,Corporate,Puerto Rico,PR,Caguas
19642,Consumer,Puerto Rico,PR,Caguas
19627,Home Office,Puerto Rico,PR,Caguas
19622,Home Office,United States,CA,Los Angeles
19620,Corporate,United States,AZ,Peoria
19618,Home Office,Puerto Rico,PR,Caguas
19585,Corporate,United States,VA,Norfolk
19570,Home Office,United States,CA,Martinez
19536,Corporate,United States,VA,Virginia Beach
19513,Consumer,United States,MD,Baltimore
19508,Consumer,United States,UT,West Jordan
17021,Home Office,Puerto Rico,PR,Caguas
17001,Consumer,United States,WA,Seattle
16948,Home Office,United States,CA,San Diego
16943,Corporate,United States,NY,Ithaca
16942,Consumer,United States,VA,Virginia Beach
16934,Consumer,United States,CA,Los Angeles
16931,Consumer,Puerto Rico,PR,Caguas
16930,Consumer,United States,FL,Orange Park
16924,Home Office,Puerto Rico,PR,Caguas
16905,Home Office,Puerto Rico,PR,Caguas
16895,Consumer,Puerto Rico,PR,Caguas
16881,Home Office,Puerto Rico,PR,Caguas
16873,Corporate,United States,PA,Wilkes Barre
16789,Corporate,United States,NJ,Clementon
16783,Consumer,United States,CA,Bakersfield
16782,Consumer,Puerto Rico,PR,Caguas
5539,Consumer,United States,CA,Ontario
14198,Consumer,Puerto Rico,PR,Caguas
18121,Consumer,Puerto Rico,PR,Caguas
16624,Consumer,Puerto Rico,PR,Caguas
17542,Consumer,Puerto Rico,PR,Caguas
15128,Corporate,United States,TX,Pharr
19048,Corporate,United States,ND,Bismarck
15810,Corporate,United States,IL,Chicago
17685,Corporate,United States,CA,Lancaster
16056,Corporate,United States,CO,Aurora
2117,Corporate,Puerto Rico,PR,Caguas
14405,Home Office,United States,WI,La Crosse
19858,Home Office,United States,AZ,Phoenix
12866,Home Office,United States,CA,Porterville
19933,Home Office,United States,OH,Fairfield
20201,Home Office,United States,CA,Stockton
13205,Consumer,United States,WA,Spokane
13420,Consumer,United States,IL,Chicago
14888,Consumer,United States,NM,Santa Fe
13869,Consumer,United States,CA,Fairfield
15035,Consumer,United States,CA,Livermore
14448,Consumer,United States,WI,Fond Du Lac
14766,Consumer,United States,CA,Corona
19220,Consumer,United States,RI,Woonsocket
15824,Consumer,United States,GA,Augusta
15906,Consumer,United States,IL,Algonquin
17522,Consumer,United States,NJ,Clementon
17441,Consumer,United States,KY,Richmond
15617,Consumer,United States,TX,Del Rio
15631,Consumer,United States,CA,Gilroy
15414,Consumer,United States,CA,Bakersfield
17799,Consumer,United States,HI,Honolulu
16342,Consumer,United States,AZ,Tucson
19800,Consumer,United States,TX,Houston
18692,Consumer,United States,NY,Troy
14270,Corporate,Puerto Rico,PR,Caguas
12766,Corporate,Puerto Rico,PR,Caguas
18768,Corporate,Puerto Rico,PR,Caguas
13108,Corporate,Puerto Rico,PR,Caguas
17300,Corporate,Puerto Rico,PR,Caguas
15831,Corporate,Puerto Rico,PR,Caguas
13244,Corporate,United States,TX,San Benito
17470,Corporate,United States,CA,Alhambra
14263,Corporate,United States,NY,Buffalo
19160,Corporate,United States,PA,Williamsport
16152,Corporate,United States,CA,San Jose
17517,Corporate,United States,NM,Las Cruces
14056,Corporate,United States,WI,Beloit
17919,Corporate,United States,FL,Hialeah
16326,Corporate,United States,CO,Aurora
19207,Corporate,United States,VA,Chesapeake
20704,Corporate,United States,NY,Bronx
8257,Corporate,United States,ND,Fargo
13490,Consumer,United States,IL,Chicago
13486,Consumer,United States,MI,Hamtramck
13068,Consumer,United States,TX,Grand Prairie
13026,Consumer,United States,ID,Meridian
14451,Consumer,United States,TX,San Antonio
13689,Consumer,United States,CT,Enfield
13992,Consumer,United States,NV,Las Vegas
14882,Consumer,United States,FL,Pompano Beach
12781,Consumer,United States,IL,Chicago
14880,Consumer,United States,IL,Moline
4167,Consumer,United States,MA,Malden
12930,Consumer,United States,CO,Greeley
14183,Consumer,United States,MN,Burnsville
13655,Consumer,United States,MI,Detroit
14973,Consumer,United States,AZ,Phoenix
12833,Consumer,United States,MD,Cumberland
14605,Corporate,United States,CA,San Marcos
14381,Corporate,United States,NY,Rego Park
12531,Corporate,United States,MD,Hyattsville
13497,Corporate,United States,GA,Norcross
15132,Corporate,United States,TN,Memphis
9543,Corporate,United States,CA,Huntington Beach
15939,Corporate,United States,PA,Philadelphia
17654,Corporate,United States,IL,Harvey
20414,Corporate,United States,TX,San Antonio
17688,Corporate,United States,TX,Weslaco
15393,Corporate,United States,WA,Lynnwood
15676,Corporate,United States,UT,West Jordan
18671,Corporate,United States,FL,Miami
20051,Corporate,United States,CA,San Diego
12577,Consumer,United States,NY,Brooklyn
15134,Consumer,United States,CA,Pomona
15127,Consumer,United States,WI,La Crosse
16267,Consumer,United States,CA,Bakersfield
18171,Consumer,United States,NY,Massapequa
16448,Consumer,United States,GA,Roswell
17979,Consumer,United States,PA,Philadelphia
18474,Consumer,United States,CA,Los Angeles
18413,Consumer,United States,NY,Brooklyn
20432,Consumer,United States,GA,Marietta
17510,Consumer,United States,WI,Milwaukee
15438,Consumer,United States,NY,Rego Park
19000,Consumer,United States,DC,Washington
15265,Consumer,United States,CA,Costa Mesa
18962,Consumer,United States,NC,Asheboro
19946,Consumer,United States,OH,Lakewood
20267,Consumer,United States,IA,Dubuque
18933,Consumer,United States,OH,Cleveland
17822,Consumer,United States,MA,Plymouth
20316,Consumer,United States,HI,Mililani
13948,Corporate,Puerto Rico,PR,Caguas
13922,Corporate,Puerto Rico,PR,Caguas
18288,Corporate,Puerto Rico,PR,Caguas
17509,Corporate,Puerto Rico,PR,Caguas
15232,Corporate,Puerto Rico,PR,Caguas
15211,Corporate,Puerto Rico,PR,Caguas
15217,Corporate,Puerto Rico,PR,Caguas
16594,Corporate,Puerto Rico,PR,Caguas
18231,Consumer,United States,NY,Forest Hills
16515,Consumer,United States,NY,Tonawanda
18796,Consumer,United States,CA,Garden Grove
15931,Consumer,United States,FL,Winter Park
20729,Consumer,United States,NY,Far Rockaway
18511,Consumer,United States,MI,Wyoming
20672,Consumer,United States,CT,Danbury
20743,Consumer,United States,VA,Annandale
16064,Consumer,United States,IL,Elgin
20595,Consumer,United States,MO,Florissant
17312,Consumer,United States,CA,West Covina
16024,Consumer,United States,CA,La Mesa
17400,Consumer,United States,CA,Poway
18736,Consumer,United States,OH,Columbus
17583,Consumer,United States,CA,Ontario
18894,Consumer,United States,TX,Laredo
17802,Consumer,United States,CA,San Bernardino
18608,Consumer,United States,FL,Fort Lauderdale
18535,Consumer,United States,IL,Chicago
19027,Consumer,United States,NY,Brooklyn
19978,Consumer,United States,NY,Endicott
19941,Consumer,United States,CA,Modesto
20193,Consumer,United States,NJ,Plainfield
15909,Consumer,United States,FL,Hialeah
20291,Consumer,United States,CA,Los Angeles
12304,Consumer,United States,MD,Pasadena
2639,Consumer,United States,CA,Los Angeles
18870,Home Office,United States,CA,Salinas
17832,Home Office,United States,OH,Cleveland
13077,Home Office,United States,NJ,Plainfield
13534,Home Office,United States,TN,Columbia
13533,Home Office,United States,MD,Hagerstown
16215,Home Office,United States,CA,Madera
13229,Home Office,United States,TX,San Antonio
14172,Home Office,United States,AZ,Tempe
13632,Home Office,United States,NY,Bronx
13772,Home Office,United States,CA,San Diego
13343,Consumer,United States,NV,North Las Vegas
12692,Consumer,United States,IL,Chicago
10914,Consumer,United States,MA,Plymouth
20536,Consumer,United States,IL,Chicago
18888,Consumer,United States,OH,Newark
15767,Consumer,United States,CA,Fountain Valley
17676,Consumer,United States,CA,El Cajon
20007,Consumer,United States,CO,Colorado Springs
13858,Consumer,United States,CA,Compton
15069,Consumer,United States,NV,Las Vegas
14993,Consumer,United States,MI,Detroit
19121,Consumer,United States,NY,New York
15950,Consumer,United States,CT,Danbury
17360,Consumer,United States,CA,Corona
18883,Consumer,United States,NY,South Richmond Hill
17848,Consumer,United States,IN,Michigan City
19866,Consumer,United States,WI,Milwaukee
18090,Consumer,United States,CA,Oxnard
18010,Consumer,United States,GA,Marietta
12456,Consumer,United States,NJ,West New York
14939,Consumer,United States,CA,Canyon Country
15078,Consumer,United States,NY,Lindenhurst
14194,Consumer,United States,NY,Bronx
14261,Consumer,United States,CA,Van Nuys
13725,Consumer,United States,VA,Virginia Beach
14741,Consumer,United States,CA,Temecula
14970,Consumer,United States,PA,Morrisville
14196,Corporate,Puerto Rico,PR,Caguas
17962,Corporate,Puerto Rico,PR,Caguas
18162,Corporate,Puerto Rico,PR,Caguas
15863,Corporate,Puerto Rico,PR,Caguas
6346,Corporate,Puerto Rico,PR,Caguas
5873,Corporate,Puerto Rico,PR,Caguas
10944,Corporate,Puerto Rico,PR,Caguas
4863,Corporate,Puerto Rico,PR,Caguas
7260,Corporate,Puerto Rico,PR,Caguas
10948,Corporate,Puerto Rico,PR,Caguas
266,Corporate,Puerto Rico,PR,Caguas
10876,Corporate,Puerto Rico,PR,Caguas
9541,Corporate,Puerto Rico,PR,Caguas
11515,Corporate,Puerto Rico,PR,Caguas
5874,Corporate,Puerto Rico,PR,Trujillo Alto
14524,Corporate,Puerto Rico,PR,Caguas
5612,Corporate,Puerto Rico,PR,Caguas
4455,Corporate,Puerto Rico,PR,Caguas
1023,Corporate,Puerto Rico,PR,Caguas
5715,Corporate,Puerto Rico,PR,Caguas
4603,Corporate,Puerto Rico,PR,Caguas
14456,Corporate,Puerto Rico,PR,Caguas
5940,Corporate,Puerto Rico,PR,Caguas
4764,Corporate,Puerto Rico,PR,Caguas
5212,Corporate,Puerto Rico,PR,Caguas
2648,Corporate,Puerto Rico,PR,Caguas
5060,Corporate,Puerto Rico,PR,Caguas
6214,Corporate,Puerto Rico,PR,Caguas
9612,Corporate,Puerto Rico,PR,Caguas
11913,Corporate,Puerto Rico,PR,Rio Grande
1016,Corporate,Puerto Rico,PR,Caguas
9970,Corporate,Puerto Rico,PR,Caguas
3346,Corporate,Puerto Rico,PR,Arecibo
6659,Corporate,Puerto Rico,PR,Caguas
12377,Corporate,Puerto Rico,PR,Caguas
15850,Corporate,Puerto Rico,PR,Caguas
5180,Corporate,Puerto Rico,PR,Caguas
7179,Corporate,Puerto Rico,PR,Caguas
18773,Corporate,Puerto Rico,PR,Caguas
20673,Corporate,Puerto Rico,PR,Caguas
17515,Corporate,Puerto Rico,PR,Caguas
12295,Corporate,Puerto Rico,PR,Caguas
16363,Corporate,Puerto Rico,PR,Caguas
6448,Corporate,Puerto Rico,PR,Caguas
2563,Corporate,Puerto Rico,PR,Caguas
7644,Corporate,Puerto Rico,PR,Caguas
1637,Corporate,Puerto Rico,PR,Caguas
2190,Corporate,Puerto Rico,PR,Caguas
5615,Corporate,Puerto Rico,PR,Caguas
11908,Corporate,Puerto Rico,PR,Caguas
637,Corporate,Puerto Rico,PR,Caguas
10521,Corporate,Puerto Rico,PR,Caguas
4744,Corporate,Puerto Rico,PR,Caguas
18277,Consumer,Puerto Rico,PR,Caguas
18726,Consumer,Puerto Rico,PR,Caguas
18992,Consumer,Puerto Rico,PR,Caguas
2005,Consumer,Puerto Rico,PR,Caguas
11097,Consumer,Puerto Rico,PR,Caguas
10393,Consumer,Puerto Rico,PR,Caguas
937,Consumer,Puerto Rico,PR,Caguas
419,Consumer,Puerto Rico,PR,Caguas
4033,Consumer,Puerto Rico,PR,Caguas
9153,Consumer,Puerto Rico,PR,Caguas
7607,Consumer,Puerto Rico,PR,Caguas
11057,Consumer,Puerto Rico,PR,Caguas
12528,Consumer,Puerto Rico,PR,Caguas
11743,Consumer,Puerto Rico,PR,Caguas
1853,Consumer,Puerto Rico,PR,Caguas
5793,Consumer,Puerto Rico,PR,Caguas
7171,Consumer,Puerto Rico,PR,Caguas
17924,Consumer,Puerto Rico,PR,Caguas
3747,Consumer,Puerto Rico,PR,Caguas
2595,Consumer,Puerto Rico,PR,Caguas
15535,Consumer,Puerto Rico,PR,Caguas
1353,Consumer,Puerto Rico,PR,Caguas
8902,Consumer,Puerto Rico,PR,Caguas
20113,Consumer,Puerto Rico,PR,Caguas
20306,Consumer,Puerto Rico,PR,Caguas
6594,Consumer,Puerto Rico,PR,Caguas
11863,Consumer,Puerto Rico,PR,Caguas
3387,Consumer,Puerto Rico,PR,Caguas
2689,Consumer,Puerto Rico,PR,Caguas
3638,Consumer,Puerto Rico,PR,Caguas
7695,Consumer,Puerto Rico,PR,Caguas
7878,Consumer,Puerto Rico,PR,Caguas
2976,Consumer,Puerto Rico,PR,Caguas
8758,Consumer,Puerto Rico,PR,Caguas
11757,Consumer,Puerto Rico,PR,Caguas
11769,Consumer,Puerto Rico,PR,Caguas
11989,Consumer,Puerto Rico,PR,Caguas
4297,Consumer,Puerto Rico,PR,Caguas
14574,Consumer,Puerto Rico,PR,Caguas
13288,Consumer,Puerto Rico,PR,Caguas
14193,Consumer,Puerto Rico,PR,Caguas
14600,Consumer,Puerto Rico,PR,Caguas
14258,Consumer,Puerto Rico,PR,Caguas
5826,Consumer,Puerto Rico,PR,Caguas
10745,Consumer,Puerto Rico,PR,Caguas
3294,Consumer,Puerto Rico,PR,Caguas
5855,Consumer,Puerto Rico,PR,Caguas
7235,Consumer,Puerto Rico,PR,Caguas
3897,Consumer,Puerto Rico,PR,Caguas
14853,Consumer,Puerto Rico,PR,Caguas
4255,Consumer,Puerto Rico,PR,Caguas
3127,Consumer,Puerto Rico,PR,Caguas
3272,Consumer,Puerto Rico,PR,Caguas
11887,Consumer,Puerto Rico,PR,Caguas
5132,Consumer,Puerto Rico,PR,Caguas
9645,Consumer,Puerto Rico,PR,Caguas
1987,Consumer,Puerto Rico,PR,Caguas
2036,Consumer,Puerto Rico,PR,Caguas
370,Consumer,Puerto Rico,PR,Caguas
7553,Consumer,Puerto Rico,PR,Caguas
571,Consumer,Puerto Rico,PR,Caguas
9499,Consumer,Puerto Rico,PR,Caguas
12661,Consumer,Puerto Rico,PR,Caguas
6277,Consumer,Puerto Rico,PR,Caguas
528,Consumer,Puerto Rico,PR,Caguas
8143,Consumer,Puerto Rico,PR,Caguas
56,Consumer,Puerto Rico,PR,Caguas
8543,Consumer,Puerto Rico,PR,Caguas
10327,Consumer,Puerto Rico,PR,Caguas
1548,Consumer,Puerto Rico,PR,Caguas
3339,Consumer,Puerto Rico,PR,Caguas
18260,Consumer,Puerto Rico,PR,Caguas
15737,Consumer,Puerto Rico,PR,Caguas
7074,Consumer,Puerto Rico,PR,Caguas
17379,Consumer,Puerto Rico,PR,Caguas
1396,Consumer,Puerto Rico,PR,Caguas
12228,Consumer,Puerto Rico,PR,Caguas
16088,Consumer,Puerto Rico,PR,Caguas
20708,Consumer,Puerto Rico,PR,Caguas
811,Consumer,Puerto Rico,PR,Caguas
10990,Consumer,Puerto Rico,PR,Caguas
6861,Consumer,Puerto Rico,PR,Caguas
20612,Consumer,Puerto Rico,PR,Caguas
20610,Consumer,Puerto Rico,PR,Caguas
7121,Consumer,Puerto Rico,PR,Caguas
15586,Consumer,Puerto Rico,PR,Caguas
2697,Consumer,Puerto Rico,PR,Caguas
329,Consumer,United States,FL,Miami
3164,Consumer,United States,RI,Woonsocket
4066,Consumer,United States,NY,Bronx
8732,Consumer,United States,GA,Marietta
11789,Consumer,United States,NJ,East Brunswick
4727,Consumer,United States,HI,Honolulu
10701,Consumer,United States,CA,Lynwood
1756,Consumer,United States,TX,Dallas
3717,Consumer,United States,OH,Lakewood
11516,Consumer,United States,IL,Carol Stream
2364,Consumer,United States,TX,Katy
3056,Consumer,United States,PA,Philadelphia
1483,Consumer,United States,GA,Marietta
4968,Consumer,United States,WI,La Crosse
7551,Consumer,United States,TX,El Paso
4945,Consumer,United States,TX,Brownsville
5402,Consumer,United States,FL,Fort Lauderdale
2059,Consumer,United States,OH,Loveland
8991,Consumer,United States,CA,Rancho Cucamonga
2651,Consumer,United States,OR,Salem
5966,Consumer,United States,CA,Fullerton
805,Consumer,United States,MI,Ypsilanti
11186,Consumer,United States,CA,Winnetka
6030,Consumer,United States,NY,Brooklyn
7061,Consumer,United States,GA,Marietta
9389,Consumer,United States,FL,Miami
7554,Consumer,United States,MD,Baltimore
4552,Consumer,United States,FL,Jacksonville
5411,Consumer,United States,CO,Aurora
5792,Consumer,United States,MO,Saint Louis
1152,Consumer,United States,NY,Bronx
11669,Consumer,United States,OR,Portland
212,Consumer,United States,NY,South Ozone Park
11282,Consumer,United States,CA,Fontana
11011,Consumer,United States,NY,Bronx
7569,Consumer,United States,CA,San Jose
6472,Consumer,United States,HI,Waipahu
3388,Consumer,United States,GA,Augusta
5126,Consumer,United States,WV,Wheeling
8722,Consumer,United States,IL,Chicago
7836,Consumer,United States,TX,College Station
6705,Consumer,United States,CA,Vista
4081,Consumer,United States,TX,Dallas
3974,Consumer,United States,WA,Seattle
5331,Consumer,United States,CA,Bakersfield
5770,Consumer,United States,CA,Clovis
2476,Consumer,United States,LA,New Orleans
10514,Consumer,United States,CA,Riverside
7755,Consumer,United States,KY,Bowling Green
10350,Consumer,United States,NY,Freeport
5693,Consumer,United States,IL,Lockport
5780,Consumer,United States,NY,Bronx
2003,Consumer,United States,PA,Lancaster
1707,Consumer,United States,HI,Kaneohe
5882,Consumer,United States,CA,Oceanside
9817,Consumer,United States,CA,Los Angeles
9476,Consumer,United States,IL,Lombard
2272,Consumer,United States,SC,Goose Creek
12261,Consumer,United States,WI,Sheboygan
5326,Consumer,United States,CA,Los Angeles
2948,Consumer,United States,CA,Los Angeles
9423,Consumer,United States,CA,San Diego
9263,Consumer,United States,TX,Dallas
6524,Consumer,United States,NY,Bronx
9420,Consumer,United States,CA,Citrus Heights
8698,Consumer,United States,CA,Oxnard
3934,Consumer,United States,IL,Algonquin
878,Consumer,United States,CA,West Covina
7722,Consumer,United States,FL,Miami
11350,Consumer,United States,MI,Dearborn
1252,Consumer,United States,NY,New York
7829,Consumer,United States,CT,Milford
11326,Consumer,United States,CA,Los Angeles
10468,Consumer,United States,IL,Chicago
8064,Consumer,United States,CA,Oxnard
8307,Consumer,United States,TX,Dallas
4842,Consumer,United States,CA,Pittsburg
2509,Consumer,United States,FL,Tampa
11967,Consumer,United States,CA,Daly City
10615,Corporate,United States,CA,Escondido
8502,Corporate,Puerto Rico,PR,Caguas
2741,Corporate,United States,CA,Long Beach
9000,Corporate,Puerto Rico,PR,Caguas
7066,Consumer,United States,CA,Fresno
5262,Corporate,Puerto Rico,PR,Caguas
11560,Corporate,Puerto Rico,PR,Caguas
6344,Corporate,Puerto Rico,PR,Caguas
5781,Consumer,United States,CA,Los Angeles
5917,Corporate,United States,IL,Mchenry
1883,Home Office,Puerto Rico,PR,Caguas
8293,Consumer,Puerto Rico,PR,Caguas
9593,Consumer,Puerto Rico,PR,Caguas
6371,Home Office,Puerto Rico,PR,Caguas
11982,Consumer,Puerto Rico,PR,Caguas
8749,Consumer,United States,NY,Bronx
1817,Home Office,United States,MO,Florissant
4528,Consumer,Puerto Rico,PR,Caguas
620,Consumer,Puerto Rico,PR,Caguas
10802,Corporate,Puerto Rico,PR,Caguas
120,Consumer,United States,NY,Bronx
8282,Corporate,Puerto Rico,PR,Caguas
10845,Home Office,Puerto Rico,PR,Caguas
8290,Corporate,United States,CA,Santa Ana
6229,Corporate,United States,IN,Richmond
3580,Consumer,United States,IL,Palatine
6248,Consumer,United States,CA,Union City
11785,Home Office,United States,OH,Loveland
11101,Home Office,United States,CA,Fresno
10475,Consumer,Puerto Rico,PR,Caguas
2050,Corporate,United States,PA,Doylestown
10220,Consumer,Puerto Rico,PR,Caguas
11503,Corporate,United States,MI,Saginaw
7282,Corporate,United States,CA,Hanford
9356,Corporate,United States,AZ,Phoenix
4499,Corporate,Puerto Rico,PR,Caguas
8523,Consumer,United States,NM,Las Cruces
1035,Consumer,United States,CT,Milford
11618,Consumer,United States,TX,Houston
8371,Corporate,United States,CA,San Jose
10053,Consumer,Puerto Rico,PR,Caguas
12417,Consumer,United States,NY,Massapequa
3697,Corporate,United States,MI,Ypsilanti
11897,Consumer,Puerto Rico,PR,Caguas
5654,Home Office,Puerto Rico,PR,Caguas
12131,Home Office,United States,WA,Everett
3812,Consumer,United States,TN,Hendersonville
12104,Corporate,Puerto Rico,PR,Caguas
5057,Corporate,United States,IN,Indianapolis
438,Consumer,United States,CA,Carlsbad
3801,Consumer,Puerto Rico,PR,Caguas
3218,Home Office,United States,NY,Staten Island
9220,Consumer,United States,CA,San Diego
8266,Corporate,United States,CA,Hayward
1400,Consumer,United States,FL,Pompano Beach
5080,Corporate,United States,TX,Houston
10669,Home Office,United States,IL,Quincy
2107,Consumer,Puerto Rico,PR,Caguas
6271,Corporate,United States,NY,Brooklyn
18,Consumer,United States,CA,Martinez
174,Home Office,Puerto Rico,PR,Caguas
9508,Corporate,United States,CA,Los Angeles
3287,Corporate,United States,HI,Kailua
433,Corporate,United States,NV,Las Vegas
8333,Home Office,Puerto Rico,PR,Caguas
7164,Corporate,United States,NY,Huntington Station
10361,Corporate,United States,CA,Corona
8725,Consumer,United States,NY,New York
9039,Corporate,United States,FL,Miami
5775,Home Office,United States,CA,Los Angeles
9070,Home Office,Puerto Rico,PR,Caguas
4334,Consumer,United States,NC,Lenoir
2484,Corporate,United States,NC,Apex
7385,Home Office,United States,AZ,Phoenix
4177,Corporate,United States,VA,Chesapeake
11554,Home Office,United States,TX,San Benito
7093,Consumer,United States,GA,Lilburn
650,Home Office,Puerto Rico,PR,Caguas
4707,Corporate,United States,IL,Harvey
291,Corporate,United States,CT,Bristol
2228,Corporate,United States,CO,Aurora
8500,Corporate,United States,NY,Brooklyn
6083,Corporate,United States,CA,Lompoc
21,Consumer,Puerto Rico,PR,Caguas
7104,Home Office,Puerto Rico,PR,Caguas
3614,Corporate,Puerto Rico,PR,Caguas
498,Home Office,United States,IL,Chicago
8995,Corporate,United States,PA,Mechanicsburg
9960,Home Office,Puerto Rico,PR,Caguas
2848,Home Office,Puerto Rico,PR,Caguas
10963,Consumer,United States,ID,Meridian
10197,Home Office,United States,PA,Lancaster
10962,Home Office,Puerto Rico,PR,Caguas
3909,Consumer,United States,IL,Mount Prospect
9463,Consumer,United States,OH,Cleveland
9361,Home Office,United States,CT,Middletown
3352,Corporate,United States,IL,Chicago
5637,Corporate,United States,LA,New Orleans
3456,Corporate,Puerto Rico,PR,Caguas
9377,Corporate,United States,PA,Philadelphia
8459,Home Office,Puerto Rico,PR,Caguas
5859,Corporate,United States,TX,San Antonio
8404,Corporate,United States,NY,Troy
1571,Consumer,Puerto Rico,PR,Caguas
10154,Home Office,United States,IL,Chicago
1731,Corporate,United States,TX,Spring
9161,Consumer,United States,CA,Elk Grove
11240,Home Office,United States,VA,Richmond
8925,Corporate,United States,FL,Opa Locka
6068,Corporate,United States,CA,Anaheim
3205,Consumer,United States,TX,Fort Worth
4825,Corporate,United States,CA,Riverside
10690,Consumer,United States,NY,Spring Valley
10108,Home Office,United States,TX,El Paso
9487,Consumer,Puerto Rico,PR,Caguas
5797,Consumer,United States,CA,La Mirada
2967,Consumer,United States,FL,Hollywood
321,Consumer,United States,MI,Ann Arbor
7444,Consumer,Puerto Rico,PR,Caguas
4107,Consumer,United States,UT,Clearfield
11552,Consumer,United States,FL,Orlando
6795,Consumer,United States,CA,Granada Hills
1496,Consumer,United States,NJ,Bridgeton
20127,Consumer,United States,CA,Rancho Cucamonga
18254,Consumer,United States,NV,Las Vegas
19223,Consumer,United States,NC,Sanford
19147,Consumer,United States,NC,Raleigh
19236,Consumer,United States,OH,Strongsville
4535,Consumer,United States,CA,Los Angeles
20676,Consumer,United States,IL,Granite City
11630,Consumer,United States,FL,Miami
16026,Consumer,United States,CO,Colorado Springs
3479,Consumer,United States,NY,Brooklyn
15464,Consumer,United States,NV,North Las Vegas
245,Consumer,United States,NY,Yonkers
10699,Consumer,United States,FL,Jacksonville
5302,Consumer,United States,MA,Medford
16373,Consumer,United States,CA,Santa Ana
18205,Consumer,United States,AZ,Tucson
16621,Consumer,United States,MN,Saint Paul
20611,Consumer,United States,FL,Jacksonville
401,Consumer,United States,CO,Aurora
6936,Consumer,United States,OH,Findlay
50,Consumer,United States,CA,San Bernardino
20362,Consumer,United States,NV,Las Vegas
15161,Consumer,United States,GA,Stone Mountain
18536,Consumer,United States,AZ,Phoenix
5752,Consumer,United States,NM,Albuquerque
8148,Consumer,United States,FL,Tampa
1211,Consumer,United States,CA,Los Angeles
12321,Consumer,United States,MD,Pasadena
11277,Consumer,United States,NY,Brooklyn
3679,Consumer,United States,NY,New York
9529,Consumer,United States,TX,Sugar Land
12360,Consumer,United States,IL,Chicago
4135,Consumer,United States,GA,Augusta
6516,Consumer,United States,NM,Las Cruces
9989,Consumer,United States,GA,Augusta
8086,Consumer,United States,PA,Philadelphia
7051,Consumer,United States,IL,Wheaton
9864,Consumer,United States,IL,Carol Stream
10776,Consumer,United States,TX,Fort Worth
6610,Consumer,United States,NY,Buffalo
7326,Consumer,United States,IL,Aurora
4570,Consumer,United States,CA,San Jose
1240,Consumer,United States,NC,Raleigh
7204,Consumer,United States,CA,Fresno
5159,Consumer,United States,FL,Fort Lauderdale
8519,Consumer,United States,IL,Granite City
4360,Consumer,United States,MI,Ypsilanti
11428,Consumer,United States,TX,Fort Worth
3394,Consumer,United States,IL,Chicago
1952,Consumer,United States,MD,Silver Spring
9653,Consumer,United States,NY,New York
7040,Consumer,United States,FL,Pompano Beach
6817,Consumer,United States,OH,Zanesville
9892,Consumer,United States,KY,Louisville
464,Consumer,United States,PA,Morrisville
12120,Consumer,United States,FL,Pompano Beach
1214,Home Office,Puerto Rico,PR,Caguas
1423,Consumer,Puerto Rico,PR,Caguas
10496,Home Office,United States,WA,Longview
248,Corporate,United States,TX,Houston
11458,Home Office,Puerto Rico,PR,Caguas
5960,Corporate,United States,TX,Round Rock
4330,Home Office,Puerto Rico,PR,Caguas
2550,Consumer,United States,IL,Elgin
12031,Corporate,Puerto Rico,PR,Caguas
11603,Corporate,United States,CA,Los Angeles
7912,Consumer,United States,OR,Bend
7920,Consumer,United States,MA,Plymouth
2590,Consumer,Puerto Rico,PR,Caguas
5840,Home Office,United States,CA,Los Angeles
1316,Corporate,United States,TX,Houston
4860,Corporate,United States,CO,Aurora
6453,Corporate,United States,NY,Brooklyn
9267,Consumer,United States,IL,Chicago
11159,Corporate,United States,CA,Sylmar
8044,Home Office,United States,MD,Gaithersburg
12407,Corporate,United States,PA,Philadelphia
7544,Consumer,United States,MI,Detroit
5880,Corporate,United States,CA,Santa Clara
8325,Corporate,United States,NY,Brooklyn
7862,Home Office,Puerto Rico,PR,Caguas
1464,Consumer,Puerto Rico,PR,Caguas
6696,Corporate,United States,GA,Alpharetta
10377,Corporate,Puerto Rico,PR,Caguas
4903,Home Office,United States,MD,Silver Spring
5314,Consumer,United States,WA,Everett
9427,Consumer,United States,TX,San Antonio
6979,Home Office,United States,MD,Hyattsville
9938,Corporate,Puerto Rico,PR,Caguas
6071,Corporate,United States,NY,New York
9521,Consumer,Puerto Rico,PR,Caguas
6081,Corporate,United States,IL,Chicago
8897,Home Office,Puerto Rico,PR,Caguas
5864,Home Office,United States,NY,Newburgh
491,Home Office,United States,NV,Henderson
1130,Corporate,Puerto Rico,PR,Caguas
2910,Corporate,United States,IL,Mount Prospect
6178,Corporate,United States,SC,Lancaster
3411,Corporate,United States,KS,Salina
9860,Consumer,Puerto Rico,PR,Caguas
3120,Corporate,United States,CO,Denver
2282,Home Office,United States,CA,West Covina
9678,Corporate,United States,UT,Salt Lake City
7643,Corporate,United States,NY,Buffalo
7024,Consumer,Puerto Rico,PR,Caguas
12219,Home Office,Puerto Rico,PR,Caguas
9626,Corporate,United States,TX,El Paso
3621,Consumer,Puerto Rico,PR,Caguas
1534,Home Office,United States,CA,Fountain Valley
3132,Corporate,Puerto Rico,PR,Caguas
7534,Corporate,United States,CA,Sylmar
1263,Corporate,United States,CA,Ontario
8690,Corporate,United States,HI,Honolulu
3906,Corporate,United States,AZ,Tucson
4275,Home Office,United States,HI,Waipahu
6235,Home Office,Puerto Rico,PR,Caguas
5916,Consumer,United States,CA,Hayward
12162,Home Office,United States,CA,North Hollywood
10785,Corporate,Puerto Rico,PR,Caguas
8406,Consumer,United States,CA,El Centro
1352,Consumer,United States,MA,Lawrence
9192,Home Office,United States,IL,Chicago
8906,Corporate,United States,NY,New York
2868,Home Office,United States,GA,Atlanta
6389,Home Office,United States,OR,Portland
944,Corporate,United States,MI,Wyoming
9002,Corporate,United States,NY,New York
6915,Corporate,Puerto Rico,PR,Caguas
217,Corporate,Puerto Rico,PR,Caguas
9789,Corporate,Puerto Rico,PR,Caguas
15792,Home Office,Puerto Rico,PR,Caguas
1644,Home Office,Puerto Rico,PR,Caguas
11052,Home Office,Puerto Rico,PR,Caguas
1337,Home Office,Puerto Rico,PR,Caguas
18188,Home Office,Puerto Rico,PR,Caguas
10325,Home Office,Puerto Rico,PR,Caguas
5766,Home Office,Puerto Rico,PR,Caguas
15512,Home Office,Puerto Rico,PR,Caguas
10531,Home Office,Puerto Rico,PR,Caguas
9670,Home Office,Puerto Rico,PR,Caguas
13335,Home Office,Puerto Rico,PR,Caguas
5681,Home Office,Puerto Rico,PR,Caguas
14018,Home Office,Puerto Rico,PR,Caguas
13744,Home Office,Puerto Rico,PR,Caguas
11261,Home Office,Puerto Rico,PR,Caguas
9213,Home Office,Puerto Rico,PR,Rio Grande
2201,Home Office,Puerto Rico,PR,Caguas
1604,Home Office,Puerto Rico,PR,Caguas
9049,Home Office,Puerto Rico,PR,Caguas
17062,Home Office,Puerto Rico,PR,Caguas
3782,Home Office,Puerto Rico,PR,Caguas
4962,Home Office,Puerto Rico,PR,Caguas
10906,Home Office,Puerto Rico,PR,Caguas
17180,Home Office,Puerto Rico,PR,Caguas
8589,Home Office,Puerto Rico,PR,Caguas
66,Home Office,Puerto Rico,PR,Caguas
13037,Home Office,Puerto Rico,PR,Caguas
13132,Home Office,Puerto Rico,PR,Caguas
12502,Home Office,Puerto Rico,PR,Caguas
2745,Home Office,Puerto Rico,PR,Caguas
11292,Home Office,Puerto Rico,PR,Caguas
16246,Home Office,Puerto Rico,PR,Caguas
5436,Home Office,Puerto Rico,PR,Caguas
10590,Corporate,Puerto Rico,PR,Caguas
6038,Consumer,United States,NJ,Plainfield
1976,Corporate,Puerto Rico,PR,Caguas
753,Home Office,United States,NY,New York
8332,Home Office,United States,CA,Hanford
8795,Corporate,United States,NC,Greenville
10116,Consumer,United States,TX,El Paso
9937,Corporate,United States,CA,West Covina
8954,Corporate,United States,SC,Columbia
10131,Consumer,Puerto Rico,PR,Caguas
7208,Consumer,United States,CT,Middletown
10064,Corporate,United States,WA,Longview
821,Corporate,United States,NJ,Piscataway
6166,Home Office,United States,NC,Greenville
80,Corporate,Puerto Rico,PR,Caguas
362,Corporate,United States,CA,Diamond Bar
4420,Home Office,Puerto Rico,PR,Caguas
10522,Consumer,United States,IL,Chicago
5236,Consumer,Puerto Rico,PR,Caguas
7911,Consumer,United States,NV,Las Vegas
9709,Home Office,United States,NV,North Las Vegas
3074,Home Office,United States,CA,Montebello
5599,Corporate,United States,NY,Levittown
1474,Consumer,United States,CA,Milpitas
5173,Home Office,United States,CA,Corona
4160,Consumer,Puerto Rico,PR,Caguas
2905,Home Office,Puerto Rico,PR,Caguas
3574,Home Office,United States,UT,Salt Lake City
152,Consumer,Puerto Rico,PR,Caguas
9188,Consumer,United States,CA,Bakersfield
563,Corporate,United States,CA,Los Angeles
5327,Corporate,United States,NC,Raleigh
10689,Corporate,United States,NV,Las Vegas
10199,Corporate,United States,FL,Miami
6342,Corporate,United States,TX,El Paso
11579,Home Office,United States,OH,Cleveland
11348,Consumer,United States,IL,Granite City
10884,Corporate,United States,CA,Sacramento
5669,Consumer,United States,CA,Cerritos
1816,Home Office,United States,FL,Miami
3192,Corporate,United States,CA,Panorama City
7281,Corporate,United States,IL,Chicago
3305,Home Office,Puerto Rico,PR,Caguas
1225,Corporate,United States,AZ,Scottsdale
1672,Home Office,United States,CA,San Bernardino
10793,Consumer,Puerto Rico,PR,Caguas
6830,Consumer,United States,OH,Lakewood
5899,Consumer,United States,NY,Brooklyn
12384,Consumer,Puerto Rico,PR,Caguas
8594,Home Office,United States,OH,Massillon
3324,Corporate,United States,CO,Aurora
4505,Consumer,United States,CA,San Diego
8348,Consumer,Puerto Rico,PR,Caguas
12291,Consumer,Puerto Rico,PR,Caguas
2153,Corporate,United States,CA,Bakersfield
8073,Home Office,United States,CA,San Jose
7305,Corporate,United States,NY,Brooklyn
1376,Corporate,United States,NY,Brooklyn
9027,Home Office,United States,CO,Denver
10807,Consumer,Puerto Rico,PR,Caguas
1392,Corporate,United States,TX,Amarillo
8180,Home Office,United States,NY,Brooklyn
4571,Consumer,United States,CA,San Pedro
4994,Corporate,Puerto Rico,PR,Caguas
1419,Home Office,United States,NY,Brooklyn
6460,Home Office,United States,NC,Morganton
1558,Home Office,Puerto Rico,PR,Caguas
8153,Consumer,Puerto Rico,PR,Caguas
6112,Home Office,United States,CA,Riverside
2938,Consumer,United States,CA,Antioch
972,Consumer,Puerto Rico,PR,Caguas
8745,Corporate,United States,CA,Ontario
353,Home Office,United States,TX,San Antonio
2131,Consumer,United States,VA,Annandale
11149,Consumer,Puerto Rico,PR,Caguas
6477,Consumer,Puerto Rico,PR,Caguas
621,Corporate,United States,CA,Anaheim
156,Consumer,United States,CA,Los Angeles
9046,Consumer,Puerto Rico,PR,San Juan
2847,Consumer,United States,NY,Tonawanda
12005,Consumer,Puerto Rico,PR,Caguas
11032,Corporate,United States,CA,Garden Grove
2080,Consumer,Puerto Rico,PR,Caguas
9334,Consumer,United States,FL,Tampa
10494,Consumer,United States,NJ,East Brunswick
8786,Home Office,United States,CA,Compton
4870,Corporate,United States,GA,Decatur
1120,Corporate,United States,CT,Danbury
4846,Consumer,United States,NY,Buffalo
5748,Home Office,Puerto Rico,PR,Caguas
10218,Corporate,United States,CA,Vallejo
6535,Consumer,Puerto Rico,PR,Caguas
7344,Corporate,United States,PA,Lancaster
5194,Consumer,United States,AZ,Chandler
10002,Corporate,United States,NY,New York
2021,Corporate,United States,UT,West Jordan
8765,Corporate,United States,TX,College Station
11452,Home Office,United States,FL,Hollywood
13755,Home Office,Puerto Rico,PR,Caguas
18801,Home Office,Puerto Rico,PR,Caguas
20608,Home Office,Puerto Rico,PR,Caguas
9059,Home Office,Puerto Rico,PR,Caguas
5516,Home Office,Puerto Rico,PR,Caguas
6106,Home Office,Puerto Rico,PR,Caguas
10504,Home Office,Puerto Rico,PR,Caguas
19845,Home Office,Puerto Rico,PR,Caguas
19911,Home Office,Puerto Rico,PR,Caguas
17196,Home Office,Puerto Rico,PR,Caguas
20522,Home Office,Puerto Rico,PR,Caguas
10655,Home Office,Puerto Rico,PR,Caguas
1070,Home Office,Puerto Rico,PR,Caguas
9711,Home Office,Puerto Rico,PR,Caguas
20063,Home Office,Puerto Rico,PR,Caguas
6383,Corporate,United States,CA,San Pedro
11940,Consumer,Puerto Rico,PR,Caguas
7635,Consumer,Puerto Rico,PR,Caguas
6663,Consumer,Puerto Rico,PR,Caguas
8744,Consumer,United States,CA,Salinas
492,Consumer,Puerto Rico,PR,Bayamon
10686,Home Office,United States,NC,Greensboro
12344,Consumer,United States,CO,Aurora
3015,Consumer,Puerto Rico,PR,Rio Grande
8193,Consumer,Puerto Rico,PR,Caguas
12429,Home Office,United States,CA,Gardena
1897,Home Office,Puerto Rico,PR,Caguas
3722,Consumer,Puerto Rico,PR,Caguas
4126,Consumer,Puerto Rico,PR,Caguas
3045,Consumer,Puerto Rico,PR,Caguas
945,Corporate,United States,CA,Indio
4043,Home Office,United States,CA,San Bernardino
11647,Consumer,Puerto Rico,PR,Caguas
787,Corporate,United States,NJ,Piscataway
1864,Corporate,United States,IL,Chicago
90,Consumer,Puerto Rico,PR,Caguas
8119,Consumer,Puerto Rico,PR,Caguas
2500,Home Office,United States,MI,Ypsilanti
10392,Corporate,United States,CA,Gardena
154,Corporate,United States,FL,Brandon
25,Home Office,United States,AZ,Peoria
11547,Consumer,United States,CA,Escondido
3429,Corporate,Puerto Rico,PR,Caguas
807,Consumer,United States,CA,Elk Grove
11040,Consumer,United States,FL,Fort Lauderdale
432,Consumer,Puerto Rico,PR,Caguas
12126,Home Office,United States,MI,East Lansing
5489,Consumer,Puerto Rico,PR,Caguas
11759,Consumer,Puerto Rico,PR,Caguas
6835,Consumer,United States,PA,Wilkes Barre
19827,Consumer,Puerto Rico,PR,Caguas
17108,Consumer,Puerto Rico,PR,San Juan
8914,Consumer,Puerto Rico,PR,Yauco
1732,Consumer,Puerto Rico,PR,Caguas
913,Consumer,Puerto Rico,PR,Caguas
9825,Consumer,Puerto Rico,PR,Caguas
4544,Consumer,Puerto Rico,PR,Caguas
10564,Consumer,Puerto Rico,PR,Caguas
6778,Consumer,Puerto Rico,PR,Caguas
1497,Consumer,Puerto Rico,PR,Caguas
1857,Consumer,Puerto Rico,PR,San Sebastian
14140,Consumer,Puerto Rico,PR,Caguas
168,Consumer,Puerto Rico,PR,Caguas
10150,Consumer,Puerto Rico,PR,Caguas
15916,Consumer,Puerto Rico,PR,Caguas
17738,Consumer,Puerto Rico,PR,Caguas
19956,Consumer,Puerto Rico,PR,Caguas
635,Consumer,Puerto Rico,PR,Caguas
16562,Consumer,Puerto Rico,PR,Caguas
13408,Consumer,Puerto Rico,PR,Caguas
12762,Consumer,Puerto Rico,PR,Caguas
4509,Consumer,Puerto Rico,PR,Caguas
19960,Consumer,Puerto Rico,PR,Caguas
10859,Consumer,Puerto Rico,PR,Caguas
13156,Consumer,Puerto Rico,PR,Caguas
13007,Consumer,Puerto Rico,PR,Caguas
1538,Consumer,Puerto Rico,PR,Caguas
13974,Consumer,Puerto Rico,PR,Caguas
13357,Consumer,Puerto Rico,PR,Caguas
13915,Consumer,Puerto Rico,PR,Caguas
14871,Consumer,Puerto Rico,PR,Caguas
8114,Consumer,Puerto Rico,PR,Caguas
12519,Consumer,Puerto Rico,PR,Caguas
14851,Consumer,Puerto Rico,PR,Caguas
13579,Consumer,Puerto Rico,PR,Caguas
12336,Consumer,Puerto Rico,PR,Caguas
3247,Consumer,Puerto Rico,PR,Caguas
18048,Consumer,Puerto Rico,PR,Caguas
17642,Consumer,Puerto Rico,PR,Caguas
18666,Consumer,Puerto Rico,PR,Caguas
15790,Consumer,Puerto Rico,PR,Caguas
18739,Consumer,Puerto Rico,PR,Caguas
18376,Consumer,Puerto Rico,PR,Arecibo
18339,Consumer,Puerto Rico,PR,Caguas
20314,Consumer,Puerto Rico,PR,Caguas
17222,Consumer,Puerto Rico,PR,Caguas
18897,Consumer,Puerto Rico,PR,Caguas
20209,Consumer,Puerto Rico,PR,Caguas
18209,Consumer,Puerto Rico,PR,Caguas
3948,Consumer,Puerto Rico,PR,Caguas
15282,Consumer,Puerto Rico,PR,Caguas
20642,Consumer,Puerto Rico,PR,Caguas
4076,Consumer,Puerto Rico,PR,Trujillo Alto
7970,Consumer,Puerto Rico,PR,Caguas
7750,Home Office,United States,NY,Bronx
5575,Home Office,United States,CA,Elk Grove
6691,Home Office,United States,FL,Miami
15053,Home Office,United States,CA,Santa Ana
14654,Home Office,United States,CA,Escondido
12740,Home Office,United States,CT,New Haven
2746,Home Office,United States,MI,Dearborn
8484,Home Office,United States,MO,Saint Louis
3928,Home Office,United States,NY,New York
12395,Home Office,United States,UT,Provo
3347,Home Office,United States,TX,El Paso
4518,Home Office,United States,CA,Anaheim
16521,Home Office,United States,CA,Panorama City
15852,Home Office,United States,TX,Houston
17345,Home Office,United States,TX,Weslaco
4142,Home Office,United States,IL,Wheaton
16071,Home Office,United States,CA,San Jose
18923,Home Office,United States,CA,Los Angeles
15205,Home Office,United States,HI,Honolulu
16245,Home Office,United States,NJ,Lakewood
10627,Home Office,United States,NJ,Union City
12078,Home Office,United States,IL,Moline
9831,Home Office,United States,MD,Hagerstown
8310,Home Office,United States,ND,Fargo
10971,Home Office,United States,CA,Vista
5150,Home Office,United States,NC,Raleigh
9328,Home Office,United States,CA,Moreno Valley
13219,Home Office,United States,CO,Broomfield
10373,Home Office,United States,FL,Brandon
17895,Home Office,United States,KS,Wichita
20082,Home Office,United States,NJ,Newark
3900,Home Office,United States,IL,Moline
19274,Home Office,United States,AZ,Glendale
10007,Home Office,United States,NY,New York
5449,Home Office,United States,TX,Houston
11781,Home Office,United States,GA,Marietta
18932,Home Office,United States,CA,Oceanside
9066,Home Office,United States,MA,Lawrence
17901,Home Office,United States,GA,Marietta
16098,Home Office,United States,NY,Troy
17148,Home Office,United States,NJ,Lakewood
19856,Home Office,United States,CT,New Haven
16196,Home Office,United States,CA,Pico Rivera
11242,Home Office,United States,MI,Wyoming
6824,Home Office,United States,CA,Escondido
6015,Home Office,United States,CA,Escondido
14945,Home Office,United States,FL,Tampa
12474,Home Office,United States,LA,Opelousas
19102,Home Office,United States,OR,Eugene
20748,Home Office,United States,NY,Bronx
9759,Home Office,United States,TX,Houston
13102,Home Office,United States,FL,Orange Park
18805,Home Office,United States,OH,Mentor
20532,Home Office,United States,CA,San Jose
5307,Home Office,United States,TX,New Braunfels
13666,Home Office,United States,CA,Ventura
13392,Home Office,United States,NY,Bronx
14204,Home Office,United States,NV,Las Vegas
13695,Home Office,United States,WA,Everett
13883,Home Office,United States,DE,Newark
8142,Home Office,United States,CA,Clovis
14638,Home Office,United States,TX,Mesquite
395,Home Office,United States,MA,Revere
18835,Home Office,United States,MA,Quincy
15308,Home Office,United States,NY,Bronx
20293,Home Office,United States,NY,Brooklyn
16197,Home Office,United States,CA,Hayward
19975,Home Office,United States,CA,Huntington Beach
5193,Consumer,Puerto Rico,PR,Caguas
3686,Consumer,Puerto Rico,PR,Caguas
8057,Consumer,Puerto Rico,PR,Caguas
18695,Consumer,Puerto Rico,PR,Caguas
16279,Consumer,Puerto Rico,PR,Caguas
13809,Consumer,Puerto Rico,PR,Caguas
12646,Consumer,Puerto Rico,PR,Caguas
6136,Consumer,Puerto Rico,PR,Caguas
15370,Consumer,Puerto Rico,PR,Caguas
1671,Consumer,Puerto Rico,PR,Caguas
10749,Consumer,Puerto Rico,PR,Caguas
14793,Consumer,Puerto Rico,PR,Caguas
15018,Consumer,Puerto Rico,PR,Caguas
9035,Consumer,Puerto Rico,PR,Caguas
6852,Consumer,Puerto Rico,PR,Caguas
18180,Consumer,Puerto Rico,PR,Caguas
15294,Consumer,Puerto Rico,PR,Caguas
19031,Consumer,Puerto Rico,PR,Caguas
16335,Consumer,Puerto Rico,PR,Caguas
6479,Consumer,Puerto Rico,PR,Caguas
1251,Consumer,Puerto Rico,PR,Caguas
12588,Consumer,Puerto Rico,PR,Caguas
8901,Consumer,Puerto Rico,PR,Guayama
4062,Corporate,United States,CA,Oceanside
9901,Corporate,United States,NY,Jamaica
11499,Consumer,United States,NY,Brooklyn
6603,Corporate,United States,CA,Rancho Cucamonga
11667,Corporate,United States,NC,Hickory
2405,Consumer,United States,IL,Aurora
4628,Corporate,United States,GA,Duluth
5467,Corporate,United States,FL,Apopka
5375,Corporate,United States,CA,Los Angeles
12208,Corporate,Puerto Rico,PR,Caguas
1693,Corporate,United States,MD,Catonsville
10001,Corporate,United States,DC,Washington
10734,Corporate,United States,NY,Flushing
2150,Corporate,Puerto Rico,PR,Caguas
10316,Consumer,United States,MO,Saint Peters
16495,Home Office,Puerto Rico,PR,Caguas
15875,Home Office,Puerto Rico,PR,Caguas
5949,Consumer,United States,CA,Laguna Hills
7157,Corporate,United States,CA,Vallejo
6906,Consumer,United States,TX,Dallas
4813,Corporate,United States,CA,Chino
19477,Corporate,Puerto Rico,PR,Canovanas
19472,Corporate,Puerto Rico,PR,Caguas
19447,Corporate,United States,NY,Rochester
19446,Corporate,United States,TX,Dallas
14287,Consumer,Puerto Rico,PR,Caguas
14676,Consumer,Puerto Rico,PR,Caguas
20423,Corporate,United States,TX,Amarillo
18349,Corporate,United States,NY,New York
17446,Corporate,United States,TX,Houston
7705,Corporate,United States,IL,Chicago
8730,Corporate,United States,CA,Hayward
19432,Corporate,United States,HI,Honolulu
19400,Corporate,United States,CA,Los Angeles
19398,Home Office,Puerto Rico,PR,Caguas
19397,Home Office,United States,MO,Springfield
19396,Home Office,Puerto Rico,PR,Caguas
19391,Corporate,Puerto Rico,PR,Caguas
19390,Home Office,United States,MI,Ypsilanti
19376,Corporate,Puerto Rico,PR,Caguas
19365,Consumer,Puerto Rico,PR,Caguas
14770,Consumer,Puerto Rico,PR,Caguas
5939,Consumer,United States,CT,Enfield
19322,Consumer,United States,MI,Dearborn
19318,Consumer,United States,TX,Carrollton
16742,Consumer,United States,VA,Norfolk
16723,Consumer,United States,CA,Bakersfield
16721,Corporate,United States,CA,Compton
16707,Corporate,United States,CA,Carmichael
16699,Corporate,Puerto Rico,PR,Caguas
16698,Consumer,United States,MI,Detroit
16695,Consumer,Puerto Rico,PR,Caguas
16662,Home Office,United States,FL,Hialeah
16661,Home Office,United States,CA,Los Angeles
16650,Corporate,Puerto Rico,PR,Caguas
13370,Home Office,Puerto Rico,PR,Caguas
14748,Home Office,Puerto Rico,PR,Caguas
13611,Consumer,Puerto Rico,PR,Caguas
18521,Corporate,United States,CA,San Diego
17347,Corporate,United States,CA,Santa Cruz
2035,Corporate,United States,NY,Lockport
15367,Corporate,United States,TX,New Braunfels
15489,Corporate,United States,WA,Kent
3396,Corporate,United States,CA,San Bernardino
1219,Corporate,United States,MI,Detroit
8100,Corporate,United States,CA,Upland
8841,Corporate,United States,CA,Los Angeles
16638,Home Office,United States,MD,Catonsville
7651,Consumer,United States,CA,Elk Grove
8072,Home Office,Puerto Rico,PR,Caguas
12563,Home Office,Puerto Rico,PR,Caguas
12342,Consumer,Puerto Rico,PR,Caguas
18396,Consumer,Puerto Rico,PR,Caguas
18697,Consumer,Puerto Rico,PR,Caguas
3298,Corporate,Puerto Rico,PR,Caguas
2733,Consumer,United States,IL,Chicago
11369,Consumer,United States,PA,Irwin
8872,Consumer,United States,OR,Portland
7725,Consumer,United States,SC,Columbia
11625,Corporate,United States,NY,Brooklyn
618,Corporate,United States,NY,Jackson Heights
8545,Corporate,United States,LA,Opelousas
10857,Corporate,United States,PA,Bensalem
13339,Consumer,United States,CA,San Jose
14192,Consumer,United States,TX,Dallas
13733,Consumer,United States,CA,San Diego
19030,Consumer,United States,TN,Memphis
11121,Home Office,Puerto Rico,PR,Caguas
9444,Home Office,Puerto Rico,PR,Caguas
17239,Consumer,Puerto Rico,PR,Caguas
19799,Consumer,Puerto Rico,PR,Caguas
18786,Corporate,Puerto Rico,PR,Caguas
9212,Corporate,Puerto Rico,PR,Caguas
14075,Corporate,Puerto Rico,PR,Caguas
1080,Corporate,Puerto Rico,PR,Caguas
13571,Corporate,Puerto Rico,PR,Caguas
5638,Corporate,Puerto Rico,PR,Caguas
6781,Corporate,Puerto Rico,PR,Caguas
2408,Corporate,Puerto Rico,PR,Caguas
19128,Corporate,Puerto Rico,PR,Caguas
2317,Corporate,United States,CA,Santa Cruz
4258,Corporate,United States,CA,San Diego
6601,Corporate,United States,FL,Fort Lauderdale
2526,Corporate,United States,WA,Seattle
1974,Corporate,United States,IL,Wheaton
1258,Corporate,United States,TX,Houston
8839,Corporate,United States,CA,Campbell
11122,Consumer,United States,MI,Troy
4409,Consumer,United States,CA,Garden Grove
10037,Corporate,United States,TX,Weslaco
5069,Corporate,United States,FL,Hialeah
1776,Corporate,United States,AZ,Glendale
13216,Home Office,Puerto Rico,PR,Caguas
13667,Home Office,Puerto Rico,PR,Caguas
14844,Home Office,Puerto Rico,PR,Caguas
18216,Home Office,Puerto Rico,PR,Caguas
12821,Home Office,Puerto Rico,PR,Caguas
13073,Home Office,Puerto Rico,PR,Caguas
15952,Home Office,Puerto Rico,PR,Caguas
16306,Home Office,Puerto Rico,PR,Caguas
14292,Home Office,Puerto Rico,PR,Caguas
14080,Home Office,Puerto Rico,PR,Caguas
14833,Home Office,Puerto Rico,PR,Caguas
14719,Home Office,Puerto Rico,PR,Caguas
12788,Home Office,Puerto Rico,PR,Caguas
14494,Consumer,Puerto Rico,PR,Caguas
12976,Consumer,Puerto Rico,PR,Caguas
12972,Consumer,Puerto Rico,PR,Caguas
14168,Consumer,Puerto Rico,PR,Caguas
14777,Consumer,Puerto Rico,PR,Caguas
14950,Consumer,Puerto Rico,PR,Caguas
13419,Consumer,Puerto Rico,PR,Caguas
963,Corporate,United States,NJ,Toms River
3751,Corporate,United States,NJ,Jersey City
12251,Consumer,United States,CA,Los Angeles
15462,Consumer,United States,GA,Augusta
16304,Consumer,United States,AZ,Chandler
20321,Consumer,United States,WA,Spokane
9644,Consumer,United States,CA,Mission Viejo
952,Consumer,United States,CA,Hesperia
9768,Corporate,United States,CA,Goleta
8031,Corporate,United States,VA,Richmond
18676,Corporate,United States,NY,New York
14566,Corporate,United States,TX,Austin
14561,Corporate,United States,OR,Bend
15351,Consumer,United States,CA,Mission Viejo
11368,Consumer,United States,NY,Huntington Station
14724,Consumer,United States,CA,Indio
6330,Consumer,United States,MD,Pasadena
451,Consumer,United States,NC,Asheboro
5901,Consumer,Puerto Rico,PR,Caguas
20698,Consumer,Puerto Rico,PR,Caguas
16035,Consumer,Puerto Rico,PR,Caguas
20675,Consumer,Puerto Rico,PR,Caguas
20599,Consumer,Puerto Rico,PR,Caguas
20382,Consumer,Puerto Rico,PR,Caguas
20489,Consumer,Puerto Rico,PR,Caguas
17670,Consumer,Puerto Rico,PR,Caguas
18629,Consumer,Puerto Rico,PR,Caguas
15229,Consumer,Puerto Rico,PR,Caguas
18044,Consumer,Puerto Rico,PR,Caguas
14752,Corporate,United States,NJ,West Orange
12735,Corporate,United States,MI,Troy
4069,Corporate,United States,IL,Tinley Park
11279,Corporate,United States,IL,Berwyn
19126,Corporate,United States,NY,Brooklyn
15870,Corporate,United States,NC,Greensboro
10609,Corporate,United States,CA,Ontario
15435,Corporate,United States,AZ,Glendale
9373,Corporate,United States,NY,Brooklyn
8289,Corporate,United States,CA,Los Angeles
6290,Corporate,United States,CA,Ontario
16494,Corporate,United States,CA,San Jose
18756,Corporate,United States,CA,Simi Valley
16221,Corporate,United States,NV,Las Vegas
16177,Corporate,United States,OH,Elyria
18636,Corporate,United States,NY,New York
7976,Corporate,United States,NJ,East Brunswick
13318,Corporate,Puerto Rico,PR,Caguas
14946,Corporate,Puerto Rico,PR,Caguas
18050,Corporate,Puerto Rico,PR,Caguas
20448,Corporate,Puerto Rico,PR,Caguas
6876,Corporate,Puerto Rico,PR,Caguas
5157,Corporate,Puerto Rico,PR,Caguas
1166,Corporate,United States,NV,Las Vegas
17825,Corporate,United States,CA,Salinas
4527,Corporate,United States,OH,Findlay
3023,Corporate,United States,CA,Long Beach
5956,Corporate,United States,TX,Arlington
19243,Corporate,United States,CA,Spring Valley
13250,Corporate,United States,IL,Chicago
13680,Corporate,United States,WI,Fond Du Lac
20705,Corporate,United States,VA,Woodbridge
6839,Corporate,United States,TX,Austin
2542,Corporate,United States,TN,Memphis
12628,Home Office,Puerto Rico,PR,Caguas
13437,Home Office,Puerto Rico,PR,Caguas
13367,Home Office,Puerto Rico,PR,Caguas
20677,Home Office,Puerto Rico,PR,Caguas
10103,Corporate,United States,CO,Aurora
14896,Consumer,United States,CA,San Pablo
1770,Consumer,United States,PA,Philadelphia
9323,Consumer,United States,FL,Tallahassee
18061,Consumer,United States,NY,Brooklyn
19213,Consumer,United States,IL,Chicago
19133,Consumer,United States,MA,Dorchester Center
19132,Consumer,United States,LA,Marrero
16510,Consumer,United States,PA,West Chester
15682,Consumer,United States,CA,San Jose
17915,Consumer,United States,NY,New York
5798,Consumer,United States,NM,Albuquerque
18715,Consumer,United States,NC,Apex
18727,Consumer,United States,MI,Ypsilanti
15635,Consumer,United States,NY,New York
19972,Consumer,United States,TX,Round Rock
18548,Consumer,United States,CA,Clovis
13177,Consumer,United States,NY,Brooklyn
9205,Consumer,United States,OH,Hilliard
14885,Consumer,United States,IL,Elgin
13954,Consumer,United States,MD,Baltimore
1973,Consumer,United States,WA,Kent
14914,Consumer,United States,NV,Las Vegas
8685,Consumer,United States,CA,Santa Ana
11885,Consumer,United States,TX,San Antonio
13885,Consumer,United States,GA,Lawrenceville
12611,Consumer,United States,CA,Los Angeles
12437,Consumer,United States,TX,Brownsville
9284,Consumer,United States,AZ,Tempe
17082,Consumer,United States,OH,Loveland
13523,Consumer,United States,TX,Richardson
14125,Consumer,United States,NY,Troy
13514,Consumer,United States,CA,Los Angeles
14334,Consumer,United States,VA,Virginia Beach
14616,Consumer,United States,GA,Stockbridge
13079,Consumer,United States,LA,New Orleans
12794,Consumer,United States,TX,San Antonio
12753,Consumer,United States,NJ,Wayne
2393,Consumer,United States,CA,Hesperia
12801,Consumer,United States,CA,Garden Grove
20337,Corporate,Puerto Rico,PR,Caguas
17646,Corporate,Puerto Rico,PR,Caguas
16425,Corporate,Puerto Rico,PR,Caguas
8146,Corporate,Puerto Rico,PR,Caguas
3819,Corporate,Puerto Rico,PR,Caguas
4410,Corporate,Puerto Rico,PR,Caguas
14607,Corporate,Puerto Rico,PR,Caguas
14089,Corporate,Puerto Rico,PR,Caguas
13531,Corporate,Puerto Rico,PR,Caguas
13297,Corporate,Puerto Rico,PR,Caguas
13294,Corporate,Puerto Rico,PR,Caguas
4051,Corporate,Puerto Rico,PR,Caguas
13865,Corporate,Puerto Rico,PR,Caguas
12699,Corporate,Puerto Rico,PR,Caguas
12511,Corporate,Puerto Rico,PR,Caguas
16408,Corporate,Puerto Rico,PR,Caguas
17952,Corporate,Puerto Rico,PR,Caguas
18520,Corporate,Puerto Rico,PR,Caguas
18713,Corporate,Puerto Rico,PR,Caguas
18606,Corporate,Puerto Rico,PR,Caguas
15204,Corporate,Puerto Rico,PR,Caguas
20196,Corporate,Puerto Rico,PR,Caguas
15994,Corporate,Puerto Rico,PR,Caguas
17173,Corporate,Puerto Rico,PR,Caguas
966,Consumer,United States,CA,Los Angeles
7817,Consumer,United States,IN,West Lafayette
9592,Consumer,United States,SC,Goose Creek
2726,Consumer,United States,MD,Annapolis
19014,Consumer,United States,WA,Kent
18567,Consumer,United States,CA,La Mesa
14575,Consumer,United States,CA,Los Angeles
14111,Consumer,United States,TX,Sugar Land
15303,Consumer,United States,CA,Van Nuys
17528,Consumer,United States,OR,Salem
14520,Corporate,United States,CA,Compton
14659,Corporate,United States,VA,Virginia Beach
14085,Corporate,United States,NJ,New Brunswick
14457,Corporate,United States,UT,West Jordan
14186,Corporate,United States,CA,La Mesa
14972,Corporate,United States,CA,Los Angeles
7238,Corporate,United States,HI,Honolulu
1866,Corporate,United States,NY,Buffalo
19146,Corporate,United States,IL,Elgin
18317,Corporate,United States,HI,Kailua
16034,Corporate,United States,AZ,Tucson
20601,Corporate,United States,DC,Washington
4365,Corporate,United States,CA,Mission Viejo
18947,Corporate,United States,OR,Eugene
20283,Corporate,United States,GA,Lilburn
17658,Corporate,United States,CA,Rancho Cordova
12988,Corporate,United States,CA,Los Angeles
13768,Corporate,United States,MD,Baltimore
12694,Corporate,United States,PA,Philadelphia
12756,Corporate,United States,IL,Chicago
11483,Corporate,United States,NJ,Piscataway
17740,Corporate,United States,NM,Albuquerque
18500,Corporate,United States,IL,Algonquin
20681,Corporate,United States,CA,San Diego
14486,Corporate,United States,PA,Doylestown
13446,Corporate,United States,CA,Walnut
14100,Corporate,United States,MI,Jackson
14224,Corporate,United States,FL,Fort Lauderdale
14708,Corporate,United States,SC,Goose Creek
19763,Consumer,United States,GA,Lawrenceville
19761,Home Office,United States,TX,Fort Worth
19756,Home Office,United States,NV,Las Vegas
19738,Home Office,Puerto Rico,PR,Caguas
19735,Home Office,United States,CA,Hayward
19729,Corporate,Puerto Rico,PR,Caguas
19701,Corporate,United States,CA,Colton
19698,Consumer,Puerto Rico,PR,Caguas
19676,Corporate,Puerto Rico,PR,Caguas
19661,Home Office,Puerto Rico,PR,Caguas
19652,Consumer,Puerto Rico,PR,Caguas
19644,Consumer,Puerto Rico,PR,Caguas
19602,Consumer,United States,CA,San Bernardino
19579,Consumer,Puerto Rico,PR,Caguas
19569,Home Office,United States,MI,Taylor
19555,Corporate,Puerto Rico,PR,Caguas
19532,Consumer,Puerto Rico,PR,Caguas
19523,Consumer,Puerto Rico,PR,Caguas
19519,Corporate,United States,MA,Dorchester Center
19507,Home Office,United States,GA,Duluth
19503,Consumer,United States,PA,West Chester
17015,Corporate,United States,TX,San Antonio
16937,Consumer,United States,CA,Watsonville
16857,Corporate,United States,GA,Atlanta
16847,Consumer,United States,MA,Brighton
16820,Consumer,United States,CO,Denver
16796,Consumer,United States,MI,Ypsilanti
16787,Corporate,United States,TN,Antioch
16777,Consumer,United States,NY,Hempstead
9846,Consumer,United States,CA,Los Angeles
9861,Consumer,United States,IL,Oak Lawn
651,Consumer,United States,NM,Santa Fe
14576,Consumer,Puerto Rico,PR,Caguas
18132,Consumer,Puerto Rico,PR,Caguas
16501,Consumer,Puerto Rico,PR,Caguas
18929,Consumer,Puerto Rico,PR,Caguas
14602,Consumer,Puerto Rico,PR,Caguas
15116,Consumer,Puerto Rico,PR,Caguas
12765,Corporate,United States,FL,Miami
12701,Corporate,United States,IA,Dubuque
12572,Corporate,United States,MA,Lynn
12847,Corporate,United States,DC,Washington
14342,Corporate,United States,FL,Lutz
7930,Corporate,United States,FL,Pompano Beach
16614,Corporate,United States,FL,Miami
20425,Corporate,United States,NY,Bay Shore
2658,Consumer,United States,TX,Weslaco
12684,Home Office,United States,TX,Houston
16592,Home Office,United States,CA,Fairfield
20257,Home Office,United States,GA,Atlanta
17202,Home Office,United States,CT,West Haven
14296,Home Office,United States,CA,Fresno
12878,Home Office,United States,PA,Allentown
15058,Home Office,United States,NC,Fayetteville
20739,Home Office,United States,CT,Danbury
16202,Home Office,United States,CA,Garden Grove
13444,Consumer,United States,CA,Sacramento
14807,Consumer,United States,TX,Baytown
10433,Consumer,United States,TX,Houston
15066,Consumer,United States,IL,Chicago
18252,Consumer,United States,NJ,Lakewood
19278,Consumer,United States,OR,Eugene
20718,Consumer,United States,NV,Las Vegas
15452,Consumer,United States,CO,Denver
17607,Consumer,United States,TX,Katy
20188,Consumer,United States,CA,Long Beach
17251,Consumer,United States,CO,Englewood
20300,Consumer,United States,TX,Del Rio
19191,Consumer,United States,IL,Chicago
14222,Corporate,Puerto Rico,PR,Yauco
15583,Corporate,Puerto Rico,PR,Caguas
17090,Corporate,Puerto Rico,PR,Caguas
17295,Corporate,Puerto Rico,PR,Caguas
4687,Corporate,Puerto Rico,PR,Caguas
20479,Corporate,Puerto Rico,PR,Caguas
13173,Corporate,United States,CA,Pomona
20146,Corporate,United States,WA,Lynnwood
18856,Corporate,United States,VA,Richmond
14769,Corporate,United States,MA,Malden
17968,Corporate,United States,CA,Antioch
16053,Corporate,United States,MI,Jackson
10606,Home Office,United States,CO,Littleton
4507,Consumer,United States,NY,Ithaca
14310,Consumer,United States,CA,Los Angeles
14112,Consumer,United States,NC,Charlotte
14385,Consumer,United States,DC,Washington
14805,Consumer,United States,OH,Findlay
14705,Consumer,United States,CA,Riverside
14916,Consumer,United States,WI,Milwaukee
13970,Consumer,United States,CA,Fountain Valley
12561,Consumer,United States,CA,Oxnard
15093,Consumer,United States,PA,Allentown
15037,Consumer,United States,CA,Porterville
12524,Consumer,United States,GA,Atlanta
14439,Corporate,United States,PA,Lancaster
13351,Corporate,United States,OK,Broken Arrow
12825,Corporate,United States,CA,Modesto
14816,Corporate,United States,MO,Springfield
13525,Corporate,United States,NC,Raleigh
13269,Corporate,United States,IA,Dubuque
14876,Corporate,United States,CA,Alhambra
13022,Corporate,United States,TX,San Marcos
12504,Corporate,United States,AZ,Peoria
17514,Corporate,United States,NC,Apex
17165,Corporate,United States,CA,El Centro
19814,Corporate,United States,IL,Chicago
5422,Consumer,United States,FL,Hollywood
1872,Consumer,United States,NV,Las Vegas
15733,Consumer,United States,CA,Moreno Valley
15984,Consumer,United States,CA,San Diego
18223,Consumer,United States,MI,Westland
18255,Consumer,United States,MI,Ann Arbor
19173,Consumer,United States,NV,Reno
19261,Consumer,United States,MN,Saint Paul
16529,Consumer,United States,MA,Brockton
15735,Consumer,United States,NY,Bronx
17649,Consumer,United States,MI,Warren
18402,Consumer,United States,NJ,Princeton
17728,Consumer,United States,CA,Pomona
15377,Consumer,United States,NY,Bronx
15510,Consumer,United States,CA,Montebello
19825,Consumer,United States,NY,Jamaica
20364,Consumer,United States,NY,Bronx
20273,Consumer,United States,SC,Lancaster
17218,Consumer,United States,CA,Tulare
17037,Consumer,United States,MI,Warren
16284,Consumer,United States,TX,New Braunfels
19003,Consumer,United States,CA,Alhambra
7688,Consumer,United States,CA,Walnut
12487,Corporate,Puerto Rico,PR,Caguas
12509,Corporate,Puerto Rico,PR,Caguas
17704,Corporate,Puerto Rico,PR,Caguas
18293,Corporate,Puerto Rico,PR,Caguas
20725,Corporate,Puerto Rico,PR,Caguas
17653,Corporate,Puerto Rico,PR,Caguas
12771,Corporate,Puerto Rico,PR,Caguas
19081,Corporate,Puerto Rico,PR,Caguas
17284,Corporate,Puerto Rico,PR,Caguas
18998,Corporate,Puerto Rico,PR,Caguas
17182,Corporate,Puerto Rico,PR,Caguas
16301,Corporate,Puerto Rico,PR,Caguas
18104,Consumer,United States,CA,Montebello
19205,Consumer,United States,MI,Westland
19149,Consumer,United States,CA,Santa Ana
18738,Consumer,United States,OH,Westerville
18837,Consumer,United States,FL,Brandon
18743,Consumer,United States,IL,Chicago
15882,Consumer,United States,CA,Corona
17380,Consumer,United States,CT,West Haven
16092,Consumer,United States,PA,Philadelphia
18005,Consumer,United States,AZ,Tempe
16065,Consumer,United States,NY,North Tonawanda
16077,Consumer,United States,FL,Miami
15629,Consumer,United States,MI,Westland
15348,Consumer,United States,CA,Simi Valley
18630,Consumer,United States,CA,Moreno Valley
17245,Consumer,United States,CA,Hayward
17225,Consumer,United States,TX,Dallas
17114,Consumer,United States,CA,Compton
20158,Consumer,United States,DE,Newark
16208,Consumer,United States,NY,Brooklyn
17246,Consumer,United States,CA,Fremont
15711,Consumer,United States,CA,Fremont
16062,Consumer,United States,CA,Oceanside
15662,Consumer,United States,TN,Memphis
15297,Consumer,United States,HI,Honolulu
16273,Consumer,United States,CO,Aurora
20215,Consumer,United States,CA,Pacoima
20124,Consumer,United States,CA,Spring Valley
13469,Home Office,United States,FL,Miami
12685,Home Office,United States,OR,Portland
18834,Home Office,United States,MD,Hagerstown
18305,Home Office,United States,CA,Fremont
20062,Home Office,United States,FL,Hialeah
20155,Home Office,United States,CA,Fresno
15421,Home Office,United States,VA,Hampton
17861,Home Office,United States,CA,Los Angeles
12570,Home Office,United States,NY,Brooklyn
14442,Home Office,United States,OK,Broken Arrow
14598,Home Office,United States,GA,Decatur
13972,Home Office,United States,CA,Fountain Valley
13828,Consumer,United States,TX,Amarillo
14166,Consumer,United States,CA,Lake Forest
19140,Consumer,United States,MD,Hyattsville
18908,Consumer,United States,FL,Orlando
17870,Consumer,United States,MA,Brighton
12585,Consumer,United States,CA,Colton
15443,Consumer,United States,IL,Chicago
14911,Consumer,United States,MI,Detroit
13604,Consumer,United States,TX,Edinburg
14308,Consumer,United States,NV,Las Vegas
14003,Consumer,United States,CA,San Diego
10654,Consumer,United States,CA,San Diego
13998,Consumer,United States,FL,Orlando
14070,Consumer,United States,PA,Morrisville
14351,Consumer,United States,FL,Hialeah
16569,Consumer,United States,CA,Los Angeles
20271,Consumer,United States,AZ,Tucson
20048,Consumer,United States,MA,Revere
14649,Consumer,United States,NC,Chapel Hill
13839,Consumer,United States,UT,Bountiful
13852,Consumer,United States,GA,Atlanta
14832,Consumer,United States,AZ,Phoenix
13527,Consumer,United States,AZ,Tucson
13804,Consumer,United States,FL,Miami
12789,Consumer,United States,TX,San Antonio
14762,Consumer,United States,IL,Chicago
15112,Consumer,United States,PA,Bensalem
17662,Corporate,Puerto Rico,PR,Caguas
20422,Corporate,Puerto Rico,PR,Caguas
15538,Corporate,Puerto Rico,PR,Caguas
3998,Corporate,Puerto Rico,PR,Caguas
657,Corporate,Puerto Rico,PR,Caguas
3349,Consumer,United States,CA,San Diego
302,Corporate,United States,CA,Fullerton
6067,Corporate,Puerto Rico,PR,Caguas
4356,Corporate,Puerto Rico,PR,Caguas
7769,Corporate,Puerto Rico,PR,Caguas
561,Corporate,Puerto Rico,PR,Caguas
5815,Corporate,Puerto Rico,PR,Caguas
3627,Corporate,Puerto Rico,PR,Caguas
533,Corporate,Puerto Rico,PR,Caguas
2453,Corporate,Puerto Rico,PR,Caguas
1323,Corporate,Puerto Rico,PR,Caguas
11934,Corporate,Puerto Rico,PR,Caguas
5690,Corporate,Puerto Rico,PR,Caguas
7172,Corporate,Puerto Rico,PR,Bayamon
7813,Corporate,Puerto Rico,PR,Caguas
9129,Corporate,Puerto Rico,PR,Caguas
11851,Corporate,Puerto Rico,PR,Guayama
672,Corporate,Puerto Rico,PR,Caguas
10711,Corporate,Puerto Rico,PR,Caguas
2650,Corporate,Puerto Rico,PR,Caguas
4422,Corporate,Puerto Rico,PR,Caguas
3176,Corporate,Puerto Rico,PR,Caguas
8546,Corporate,Puerto Rico,PR,Caguas
3733,Corporate,Puerto Rico,PR,Caguas
6638,Corporate,Puerto Rico,PR,Caguas
7779,Corporate,Puerto Rico,PR,Caguas
14547,Corporate,Puerto Rico,PR,Caguas
1102,Corporate,Puerto Rico,PR,Caguas
1772,Corporate,Puerto Rico,PR,Caguas
14674,Corporate,Puerto Rico,PR,Caguas
3591,Corporate,Puerto Rico,PR,Caguas
4412,Corporate,Puerto Rico,PR,Caguas
4406,Corporate,Puerto Rico,PR,Caguas
14519,Corporate,Puerto Rico,PR,Caguas
14344,Corporate,Puerto Rico,PR,Caguas
8509,Corporate,Puerto Rico,PR,Caguas
2909,Corporate,Puerto Rico,PR,Caguas
4699,Corporate,Puerto Rico,PR,Caguas
2510,Corporate,Puerto Rico,PR,Caguas
6694,Corporate,Puerto Rico,PR,Caguas
7070,Corporate,Puerto Rico,PR,Caguas
7739,Corporate,Puerto Rico,PR,Caguas
7489,Corporate,Puerto Rico,PR,Caguas
6044,Corporate,Puerto Rico,PR,Caguas
3286,Corporate,Puerto Rico,PR,Caguas
490,Corporate,Puerto Rico,PR,Caguas
6505,Corporate,Puerto Rico,PR,Caguas
5722,Corporate,Puerto Rico,PR,Caguas
17244,Corporate,Puerto Rico,PR,Caguas
18143,Corporate,Puerto Rico,PR,Caguas
18825,Corporate,Puerto Rico,PR,Caguas
11195,Corporate,Puerto Rico,PR,Caguas
15391,Corporate,Puerto Rico,PR,Caguas
17060,Corporate,Puerto Rico,PR,Caguas
16101,Corporate,Puerto Rico,PR,Caguas
272,Corporate,Puerto Rico,PR,Caguas
16257,Corporate,Puerto Rico,PR,Caguas
17079,Corporate,Puerto Rico,PR,Caguas
20147,Corporate,Puerto Rico,PR,Caguas
5216,Corporate,Puerto Rico,PR,Caguas
1442,Corporate,Puerto Rico,PR,Caguas
9801,Corporate,Puerto Rico,PR,Caguas
17452,Consumer,Puerto Rico,PR,San Juan
8398,Consumer,Puerto Rico,PR,Bayamon
2055,Consumer,Puerto Rico,PR,Caguas
15183,Consumer,Puerto Rico,PR,Caguas
20263,Consumer,Puerto Rico,PR,Caguas
275,Consumer,Puerto Rico,PR,Caguas
1479,Consumer,Puerto Rico,PR,Caguas
3200,Consumer,Puerto Rico,PR,Caguas
8420,Consumer,Puerto Rico,PR,Caguas
7500,Consumer,Puerto Rico,PR,Caguas
2620,Consumer,Puerto Rico,PR,Caguas
7991,Consumer,Puerto Rico,PR,Caguas
1858,Consumer,Puerto Rico,PR,Caguas
1599,Consumer,Puerto Rico,PR,Caguas
2183,Consumer,Puerto Rico,PR,Caguas
551,Consumer,Puerto Rico,PR,Caguas
1554,Consumer,Puerto Rico,PR,Caguas
7827,Consumer,Puerto Rico,PR,Caguas
1624,Consumer,Puerto Rico,PR,Caguas
10269,Consumer,Puerto Rico,PR,Caguas
5677,Consumer,Puerto Rico,PR,Caguas
18344,Consumer,Puerto Rico,PR,Caguas
10375,Consumer,Puerto Rico,PR,Caguas
3727,Consumer,Puerto Rico,PR,Caguas
15412,Consumer,Puerto Rico,PR,Caguas
12283,Consumer,Puerto Rico,PR,San Juan
6549,Consumer,Puerto Rico,PR,Caguas
5994,Consumer,Puerto Rico,PR,Caguas
2567,Consumer,Puerto Rico,PR,Caguas
9652,Consumer,Puerto Rico,PR,Caguas
11593,Consumer,Puerto Rico,PR,Caguas
1387,Consumer,Puerto Rico,PR,Caguas
13528,Consumer,Puerto Rico,PR,Caguas
1931,Consumer,Puerto Rico,PR,Caguas
8740,Consumer,Puerto Rico,PR,Caguas
1125,Consumer,Puerto Rico,PR,Caguas
9339,Consumer,Puerto Rico,PR,Caguas
7377,Consumer,Puerto Rico,PR,Caguas
4194,Consumer,Puerto Rico,PR,Caguas
11118,Consumer,Puerto Rico,PR,Caguas
3740,Consumer,Puerto Rico,PR,Caguas
3050,Consumer,Puerto Rico,PR,Caguas
9619,Consumer,Puerto Rico,PR,Caguas
3335,Consumer,Puerto Rico,PR,Caguas
12418,Consumer,Puerto Rico,PR,Caguas
11941,Consumer,Puerto Rico,PR,Cayey
11035,Consumer,Puerto Rico,PR,Manati
7186,Consumer,Puerto Rico,PR,Caguas
5444,Consumer,Puerto Rico,PR,Caguas
9604,Consumer,Puerto Rico,PR,Caguas
9368,Consumer,Puerto Rico,PR,Caguas
11310,Consumer,Puerto Rico,PR,Caguas
12852,Consumer,Puerto Rico,PR,Caguas
2922,Consumer,Puerto Rico,PR,Caguas
5887,Consumer,Puerto Rico,PR,Caguas
3661,Consumer,Puerto Rico,PR,Caguas
7491,Consumer,Puerto Rico,PR,Caguas
6910,Consumer,Puerto Rico,PR,Caguas
11189,Consumer,Puerto Rico,PR,Caguas
7685,Consumer,Puerto Rico,PR,Caguas
2011,Consumer,Puerto Rico,PR,Caguas
4293,Consumer,Puerto Rico,PR,Caguas
9581,Consumer,Puerto Rico,PR,Caguas
7424,Consumer,Puerto Rico,PR,Caguas
2058,Consumer,Puerto Rico,PR,Caguas
8861,Consumer,Puerto Rico,PR,Caguas
11572,Consumer,Puerto Rico,PR,Caguas
3573,Consumer,Puerto Rico,PR,Caguas
4433,Consumer,Puerto Rico,PR,Caguas
7285,Consumer,Puerto Rico,PR,Caguas
18224,Consumer,Puerto Rico,PR,Caguas
16511,Consumer,Puerto Rico,PR,Caguas
15765,Consumer,Puerto Rico,PR,Caguas
1832,Consumer,Puerto Rico,PR,Caguas
1296,Consumer,Puerto Rico,PR,Caguas
1774,Consumer,Puerto Rico,PR,Caguas
10056,Consumer,United States,UT,Salt Lake City
10129,Consumer,United States,PA,Philadelphia
8391,Consumer,United States,TX,Amarillo
474,Consumer,United States,PA,Philadelphia
10051,Consumer,United States,TX,Weslaco
407,Consumer,United States,GA,Atlanta
10261,Consumer,United States,NY,Jamaica
2,Consumer,United States,CO,Littleton
6703,Consumer,United States,GA,Columbus
9195,Consumer,United States,CA,Fresno
827,Consumer,United States,NY,New York
10730,Consumer,United States,FL,Miami
10328,Consumer,United States,TX,Dallas
10301,Consumer,United States,TX,Edinburg
3772,Consumer,United States,NY,Brooklyn
3257,Consumer,United States,SC,Columbia
4848,Consumer,United States,CA,Watsonville
9775,Consumer,United States,IL,Chicago
7785,Consumer,United States,MD,Fort Washington
10921,Consumer,United States,MI,Wyoming
3187,Consumer,United States,NJ,Jersey City
7333,Consumer,United States,TX,Richardson
8635,Consumer,United States,NY,Yonkers
2362,Consumer,United States,CA,Placentia
10408,Consumer,United States,CA,Los Angeles
5836,Consumer,United States,NY,New York
5107,Consumer,United States,CA,Corona
6880,Consumer,United States,VA,Annandale
1498,Consumer,United States,TX,Houston
8167,Consumer,United States,NY,Rochester
6578,Consumer,United States,TX,Laredo
4602,Consumer,United States,MI,East Lansing
1107,Consumer,United States,HI,Waipahu
6513,Consumer,United States,TX,Sugar Land
598,Consumer,United States,CA,Paramount
1555,Consumer,United States,NY,Staten Island
411,Consumer,United States,DC,Washington
4398,Consumer,United States,CA,Azusa
975,Consumer,United States,MI,Saginaw
10257,Consumer,United States,AZ,Tucson
6920,Consumer,United States,IL,Chicago
1553,Consumer,United States,CA,Oakland
1307,Consumer,United States,CA,Highland
9536,Consumer,United States,CA,Los Angeles
7907,Consumer,United States,NY,Jamaica
10194,Consumer,United States,NY,Rome
8705,Consumer,United States,CA,Stockton
6521,Consumer,United States,OH,Chillicothe
6387,Consumer,United States,TX,San Benito
3336,Consumer,United States,NY,Brooklyn
10501,Consumer,United States,MA,Plymouth
10396,Consumer,United States,IL,Elmhurst
1565,Consumer,United States,CA,Campbell
8350,Consumer,United States,CA,Watsonville
12245,Consumer,United States,CA,Anaheim
5754,Consumer,United States,TX,San Antonio
9387,Consumer,United States,FL,Valrico
959,Consumer,United States,AZ,Tempe
10165,Consumer,United States,CA,Bakersfield
11431,Consumer,United States,CA,Sacramento
8536,Consumer,United States,NJ,Bayonne
8192,Consumer,United States,TX,Houston
3572,Consumer,United States,WI,La Crosse
1232,Consumer,United States,AZ,Peoria
10621,Consumer,United States,FL,Miami
8298,Consumer,United States,AZ,Scottsdale
1702,Consumer,United States,TX,Austin
5135,Consumer,United States,AZ,Tempe
1855,Consumer,United States,CA,Santa Cruz
775,Consumer,United States,TX,College Station
10459,Consumer,United States,TX,El Paso
8189,Consumer,United States,OR,Portland
4183,Consumer,United States,IL,Chicago
2691,Consumer,United States,WI,La Crosse
11901,Consumer,United States,MO,Saint Louis
10224,Consumer,United States,NV,North Las Vegas
7523,Consumer,United States,TX,San Antonio
7094,Consumer,United States,NJ,Newark
7390,Consumer,United States,MA,New Bedford
8375,Consumer,United States,PA,Philadelphia
7013,Consumer,United States,TX,Amarillo
11265,Consumer,United States,IL,Waukegan
8614,Consumer,United States,CA,Sunnyvale
12125,Consumer,United States,AZ,Tucson
9276,Consumer,United States,TX,Dallas
10317,Consumer,United States,CA,Moreno Valley
3206,Consumer,United States,NY,North Tonawanda
1562,Consumer,United States,FL,Orlando
9324,Consumer,United States,WI,Madison
4391,Consumer,United States,CA,Stockton
7780,Consumer,United States,TX,Richardson
646,Consumer,United States,MI,Ann Arbor
3328,Consumer,United States,IL,Chicago
7127,Consumer,United States,NY,Bronx
11683,Consumer,United States,NY,Brooklyn
6664,Consumer,United States,OR,Portland
6622,Consumer,United States,CA,Canoga Park
2666,Corporate,United States,CA,Los Angeles
10460,Corporate,United States,TX,New Braunfels
2177,Consumer,United States,CA,Norwalk
9391,Consumer,United States,OR,Beaverton
11419,Corporate,United States,PA,York
6741,Corporate,United States,FL,Winter Park
3302,Corporate,United States,OR,Salem
8478,Corporate,United States,CA,Rowland Heights
2989,Corporate,Puerto Rico,PR,Caguas
6426,Home Office,Puerto Rico,PR,Caguas
11027,Consumer,United States,OH,Columbus
2084,Corporate,United States,CA,Compton
11521,Home Office,United States,SC,Goose Creek
151,Consumer,United States,TX,Richmond
3345,Consumer,Puerto Rico,PR,Caguas
2128,Consumer,Puerto Rico,PR,Caguas
6742,Corporate,Puerto Rico,PR,Caguas
444,Corporate,United States,CA,Sunnyvale
8211,Consumer,Puerto Rico,PR,Caguas
865,Consumer,Puerto Rico,PR,Caguas
7374,Consumer,Puerto Rico,PR,Caguas
4154,Consumer,Puerto Rico,PR,Caguas
6294,Consumer,Puerto Rico,PR,Caguas
205,Corporate,Puerto Rico,PR,Caguas
1743,Consumer,United States,LA,New Orleans
2263,Consumer,United States,MD,Parkville
9974,Home Office,Puerto Rico,PR,Caguas
3758,Consumer,United States,UT,Salt Lake City
11489,Corporate,United States,IL,Chicago
5267,Corporate,United States,NY,Brooklyn
2696,Consumer,United States,TN,Memphis
7716,Home Office,Puerto Rico,PR,Caguas
5655,Home Office,United States,CA,Los Angeles
6181,Consumer,Puerto Rico,PR,Caguas
9684,Corporate,United States,NM,Albuquerque
7073,Consumer,United States,TX,Del Rio
11049,Consumer,United States,CA,Milpitas
1766,Home Office,United States,CO,Denver
2882,Consumer,United States,TX,Amarillo
2819,Consumer,Puerto Rico,PR,Caguas
6956,Corporate,United States,IL,Joliet
3603,Corporate,United States,CO,Longmont
8411,Corporate,Puerto Rico,PR,Caguas
3656,Home Office,United States,PA,Philadelphia
9708,Home Office,United States,CA,Los Angeles
10558,Corporate,United States,HI,Kailua
187,Consumer,United States,CA,Antioch
12289,Consumer,Puerto Rico,PR,Caguas
2146,Corporate,Puerto Rico,PR,Caguas
3212,Corporate,United States,DC,Washington
8764,Home Office,United States,AZ,Peoria
5019,Corporate,Puerto Rico,PR,Caguas
3973,Consumer,United States,CA,Alhambra
7442,Consumer,United States,TX,Denton
9907,Consumer,United States,TN,Nashville
5694,Corporate,United States,NC,Cary
122,Consumer,United States,OH,Cincinnati
4431,Home Office,Puerto Rico,PR,Caguas
4649,Consumer,United States,SC,Goose Creek
5321,Corporate,Puerto Rico,PR,Caguas
3623,Corporate,United States,NJ,Bayonne
11957,Corporate,United States,OH,Cincinnati
5112,Corporate,United States,OR,Roseburg
990,Corporate,United States,CA,Merced
6456,Consumer,United States,NV,Las Vegas
8492,Corporate,United States,CA,San Diego
904,Corporate,Puerto Rico,PR,Caguas
4434,Home Office,United States,CA,Bellflower
915,Consumer,United States,OK,Broken Arrow
8681,Corporate,United States,CO,Longmont
7847,Corporate,United States,MO,Saint Louis
9456,Consumer,United States,NY,South Richmond Hill
10345,Corporate,United States,TX,Richmond
1201,Consumer,Puerto Rico,PR,Caguas
8948,Home Office,United States,CA,Cerritos
641,Consumer,United States,NJ,Plainfield
7602,Corporate,United States,TX,Harlingen
7971,Consumer,United States,VA,Annandale
10783,Home Office,Puerto Rico,PR,Caguas
6161,Consumer,United States,MN,Burnsville
12029,Home Office,Puerto Rico,PR,Caguas
10523,Consumer,United States,IL,Chicago
6724,Corporate,United States,IL,Chicago
3013,Consumer,United States,MI,Canton
9191,Home Office,Puerto Rico,PR,Caguas
2940,Consumer,Puerto Rico,PR,Caguas
92,Home Office,Puerto Rico,PR,Caguas
49,Consumer,Puerto Rico,PR,Caguas
1860,Consumer,United States,CA,Fresno
10009,Corporate,Puerto Rico,PR,Caguas
7658,Corporate,Puerto Rico,PR,Caguas
4668,Corporate,United States,PA,Mechanicsburg
2416,Consumer,United States,TX,Houston
7277,Corporate,United States,CO,Littleton
11188,Corporate,United States,NY,New York
6440,Consumer,Puerto Rico,PR,Caguas
6942,Home Office,United States,CA,Long Beach
613,Consumer,United States,NY,South Ozone Park
11175,Consumer,United States,AZ,Phoenix
7469,Consumer,United States,NY,Brooklyn
19185,Consumer,United States,CA,Westminster
15681,Consumer,United States,CA,Hayward
18124,Consumer,United States,CA,San Jose
15817,Consumer,United States,OR,Portland
3802,Consumer,United States,FL,Miami
17714,Consumer,United States,FL,Fort Lauderdale
17329,Consumer,United States,AZ,Phoenix
15493,Consumer,United States,IL,Chicago
15379,Consumer,United States,UT,Salt Lake City
4206,Consumer,United States,OH,Strongsville
9486,Consumer,United States,PA,Philadelphia
19037,Consumer,United States,TN,Murfreesboro
20697,Consumer,United States,OH,Columbus
254,Consumer,United States,TX,San Antonio
17974,Consumer,United States,CA,Salinas
12233,Consumer,United States,IL,Chicago
9250,Consumer,United States,MI,Detroit
18468,Consumer,United States,HI,Mililani
3492,Consumer,United States,CA,Campbell
17652,Consumer,United States,NC,Fayetteville
1852,Consumer,United States,NY,Rome
2350,Consumer,United States,CT,West Haven
4397,Consumer,United States,CA,Long Beach
15280,Consumer,United States,NC,Greenville
8324,Consumer,United States,CA,South Gate
1795,Consumer,United States,DC,Washington
11211,Consumer,United States,NY,New York
9101,Consumer,United States,NV,Las Vegas
9174,Consumer,United States,NY,Corona
2608,Consumer,United States,PA,Philadelphia
3701,Consumer,United States,FL,Hollywood
6144,Consumer,United States,OK,Broken Arrow
11301,Consumer,United States,FL,Winter Park
1788,Consumer,United States,FL,Fort Lauderdale
5168,Consumer,United States,TX,Fort Worth
7059,Consumer,United States,CO,Colorado Springs
7947,Consumer,United States,TX,Richardson
5383,Consumer,United States,NY,Staten Island
6548,Consumer,United States,CA,San Diego
6075,Consumer,United States,TX,Austin
1456,Consumer,United States,TX,Spring
2895,Consumer,United States,TX,Houston
1758,Consumer,United States,NY,Bronx
6313,Consumer,United States,AZ,Phoenix
869,Consumer,United States,CA,Ontario
11762,Consumer,United States,FL,Tampa
9746,Consumer,United States,CA,Reseda
9570,Consumer,United States,TX,Houston
2067,Consumer,United States,MO,Columbia
8440,Consumer,United States,CA,Napa
5473,Consumer,Puerto Rico,PR,Caguas
2562,Corporate,United States,NC,Apex
8676,Corporate,United States,NV,North Las Vegas
11241,Consumer,Puerto Rico,PR,Caguas
3613,Corporate,United States,NY,Brooklyn
9399,Consumer,United States,AZ,Tucson
4419,Home Office,United States,CA,Fremont
8985,Home Office,United States,MI,Wyoming
7575,Home Office,United States,MI,Roseville
9435,Home Office,United States,CA,Granada Hills
8033,Corporate,United States,FL,Miami
11682,Home Office,United States,CA,La Puente
993,Home Office,United States,OH,Fairfield
2089,Home Office,United States,GA,Atlanta
4010,Corporate,United States,HI,Honolulu
2706,Home Office,Puerto Rico,PR,Caguas
10931,Consumer,Puerto Rico,PR,Caguas
9392,Corporate,United States,FL,Hollywood
6765,Home Office,United States,MD,Silver Spring
8835,Corporate,United States,TX,Richmond
11960,Corporate,United States,VA,Chesapeake
11924,Corporate,United States,CA,Westminster
9362,Home Office,Puerto Rico,PR,Caguas
8474,Corporate,United States,CA,Los Angeles
3489,Corporate,United States,TX,Austin
6063,Home Office,Puerto Rico,PR,Caguas
5663,Consumer,Puerto Rico,PR,Caguas
9353,Home Office,Puerto Rico,PR,Caguas
8707,Home Office,Puerto Rico,PR,Caguas
4034,Consumer,United States,CA,Fontana
8975,Corporate,United States,TX,Fort Worth
1809,Home Office,Puerto Rico,PR,Caguas
3010,Consumer,Puerto Rico,PR,Caguas
9472,Home Office,United States,CA,Huntington Beach
1806,Corporate,United States,TX,El Paso
1083,Corporate,United States,MA,Dorchester Center
3945,Home Office,United States,OR,Portland
2418,Home Office,United States,CT,Enfield
7617,Consumer,United States,NY,New York
9628,Consumer,Puerto Rico,PR,Caguas
12397,Corporate,United States,MI,Dearborn
6225,Corporate,United States,CA,Riverside
2378,Home Office,United States,PA,Irwin
4617,Consumer,Puerto Rico,PR,Toa Baja
160,Home Office,United States,NY,Brooklyn
6318,Consumer,Puerto Rico,PR,Caguas
6158,Home Office,United States,CA,Alhambra
12347,Home Office,United States,CA,Daly City
12216,Consumer,United States,CA,Visalia
11626,Consumer,United States,GA,Marietta
7225,Home Office,United States,FL,Miami
5120,Consumer,Puerto Rico,PR,Caguas
10513,Home Office,Puerto Rico,PR,Caguas
11933,Corporate,United States,CA,Citrus Heights
793,Consumer,United States,TX,San Antonio
1471,Consumer,United States,CA,Costa Mesa
10492,Home Office,Puerto Rico,PR,Caguas
8624,Corporate,United States,FL,Miami
1959,Consumer,Puerto Rico,PR,Caguas
1607,Corporate,United States,NJ,Piscataway
8414,Consumer,United States,CA,San Marcos
11455,Consumer,Puerto Rico,PR,Caguas
7151,Consumer,Puerto Rico,PR,Caguas
5660,Corporate,Puerto Rico,PR,Caguas
1239,Home Office,United States,IL,Chicago
7398,Home Office,Puerto Rico,PR,Caguas
10246,Corporate,United States,NY,Bronx
10488,Consumer,United States,FL,Miami
862,Home Office,United States,TX,San Antonio
2800,Home Office,United States,MI,Detroit
8311,Home Office,Puerto Rico,PR,Caguas
380,Corporate,Puerto Rico,PR,Caguas
9661,Corporate,Puerto Rico,PR,Caguas
4482,Corporate,Puerto Rico,PR,Caguas
3795,Corporate,Puerto Rico,PR,Caguas
6559,Corporate,Puerto Rico,PR,San Sebastian
8511,Home Office,Puerto Rico,PR,Caguas
7531,Home Office,Puerto Rico,PR,Caguas
5256,Home Office,Puerto Rico,PR,Caguas
10803,Home Office,Puerto Rico,PR,San Juan
2743,Home Office,Puerto Rico,PR,Caguas
8027,Home Office,Puerto Rico,PR,Caguas
17483,Home Office,Puerto Rico,PR,Caguas
5055,Home Office,Puerto Rico,PR,Caguas
2801,Home Office,Puerto Rico,PR,Caguas
7629,Home Office,Puerto Rico,PR,Caguas
11798,Home Office,Puerto Rico,PR,Caguas
10644,Home Office,Puerto Rico,PR,Caguas
20352,Home Office,Puerto Rico,PR,Caguas
7888,Home Office,Puerto Rico,PR,Caguas
2753,Home Office,Puerto Rico,PR,Caguas
8138,Home Office,Puerto Rico,PR,Caguas
14528,Home Office,Puerto Rico,PR,Caguas
6355,Home Office,Puerto Rico,PR,Caguas
11482,Home Office,Puerto Rico,PR,Caguas
202,Home Office,Puerto Rico,PR,Caguas
11619,Home Office,Puerto Rico,PR,Caguas
3780,Home Office,Puerto Rico,PR,Caguas
12071,Home Office,Puerto Rico,PR,Caguas
8660,Home Office,Puerto Rico,PR,Caguas
17487,Home Office,Puerto Rico,PR,Caguas
5450,Home Office,Puerto Rico,PR,Caguas
15309,Home Office,Puerto Rico,PR,Caguas
9507,Corporate,United States,CA,Simi Valley
5342,Home Office,United States,CA,San Jose
11988,Consumer,United States,TX,Round Rock
3650,Corporate,United States,FL,Pompano Beach
6953,Home Office,United States,NY,Brooklyn
8797,Consumer,United States,CA,Bakersfield
2230,Corporate,United States,CA,San Bernardino
9868,Home Office,Puerto Rico,PR,Caguas
1101,Corporate,United States,CA,Rowland Heights
1831,Consumer,United States,MD,Catonsville
8247,Consumer,United States,PA,Philadelphia
1969,Corporate,United States,WI,La Crosse
9829,Home Office,United States,NC,Greensboro
8036,Corporate,United States,CA,San Francisco
9494,Corporate,United States,TX,Del Rio
8427,Consumer,United States,IL,Chicago
6223,Corporate,United States,OH,Columbus
10282,Consumer,Puerto Rico,PR,Caguas
7908,Corporate,United States,TX,Sugar Land
2760,Consumer,United States,CA,Santa Ana
9169,Consumer,United States,AZ,Phoenix
1846,Corporate,United States,MA,Pittsfield
7577,Consumer,United States,TX,North Richland Hills
8741,Consumer,United States,CA,Vista
4814,Corporate,United States,CA,Simi Valley
137,Consumer,United States,OK,Broken Arrow
1321,Consumer,United States,CA,Santa Clara
4381,Corporate,United States,IL,Chicago
6309,Consumer,United States,PA,Carlisle
7731,Corporate,Puerto Rico,PR,Caguas
9447,Corporate,United States,CA,Palmdale
5617,Consumer,United States,NY,Huntington Station
12133,Corporate,United States,HI,Mililani
3093,Home Office,Puerto Rico,PR,Caguas
10128,Consumer,United States,CA,San Diego
3902,Consumer,United States,CA,Oceanside
5039,Consumer,United States,CO,Englewood
4792,Consumer,Puerto Rico,PR,Caguas
11219,Consumer,Puerto Rico,PR,Caguas
138,Consumer,Puerto Rico,PR,Caguas
739,Home Office,United States,CA,Los Angeles
2870,Consumer,United States,TX,El Paso
2113,Home Office,United States,IL,Harvey
6785,Corporate,Puerto Rico,PR,Caguas
12034,Corporate,United States,CA,Simi Valley
1491,Consumer,Puerto Rico,PR,Caguas
5010,Home Office,United States,OH,Cleveland
8644,Corporate,United States,CO,Englewood
8030,Corporate,United States,VA,Virginia Beach
8305,Consumer,United States,MI,Jackson
403,Consumer,United States,NV,Las Vegas
796,Corporate,United States,FL,Tallahassee
12204,Home Office,United States,CA,Los Angeles
2751,Corporate,Puerto Rico,PR,Caguas
843,Corporate,Puerto Rico,PR,Caguas
6007,Consumer,Puerto Rico,PR,Caguas
8555,Consumer,Puerto Rico,PR,Caguas
5709,Consumer,United States,OH,Strongsville
1246,Consumer,United States,WA,Everett
11478,Consumer,United States,MI,Jackson
8894,Corporate,United States,CA,Chino
6913,Home Office,United States,CA,Cypress
11127,Corporate,Puerto Rico,PR,Caguas
3481,Consumer,United States,MI,Wyoming
5639,Corporate,United States,FL,Tampa
4339,Corporate,United States,NY,Astoria
8378,Consumer,Puerto Rico,PR,Caguas
345,Corporate,United States,IL,Chicago
6950,Corporate,United States,LA,Marrero
1132,Corporate,Puerto Rico,PR,Caguas
9780,Consumer,United States,IL,Chicago
12374,Home Office,United States,OR,Bend
1338,Corporate,United States,AR,Conway
6836,Consumer,United States,NM,Albuquerque
8983,Home Office,United States,IL,Pekin
5171,Consumer,United States,MO,Saint Louis
5534,Corporate,United States,CA,South El Monte
8578,Consumer,Puerto Rico,PR,Caguas
9352,Corporate,United States,CA,South El Monte
5576,Home Office,Puerto Rico,PR,Caguas
12022,Consumer,United States,FL,Miami
10610,Corporate,Puerto Rico,PR,Caguas
3372,Consumer,United States,NJ,Princeton
9214,Consumer,United States,PA,Philadelphia
3860,Corporate,United States,TX,San Antonio
4720,Consumer,Puerto Rico,PR,Caguas
10599,Home Office,United States,PA,Doylestown
1168,Corporate,United States,TX,Edinburg
8641,Corporate,Puerto Rico,PR,Caguas
11490,Consumer,Puerto Rico,PR,Caguas
10695,Home Office,United States,IL,Chicago
5128,Home Office,Puerto Rico,PR,Caguas
7231,Consumer,United States,CT,Stamford
8141,Home Office,United States,TX,Houston
12236,Consumer,Puerto Rico,PR,Caguas
8482,Consumer,United States,AZ,Phoenix
14146,Home Office,Puerto Rico,PR,Caguas
13050,Home Office,Puerto Rico,PR,Caguas
14175,Home Office,Puerto Rico,PR,Caguas
13170,Home Office,Puerto Rico,PR,Caguas
11776,Home Office,Puerto Rico,PR,Caguas
1412,Home Office,Puerto Rico,PR,Caguas
601,Home Office,Puerto Rico,PR,Caguas
8828,Home Office,Puerto Rico,PR,Caguas
716,Home Office,Puerto Rico,PR,Caguas
15312,Home Office,Puerto Rico,PR,Caguas
20292,Home Office,Puerto Rico,PR,Caguas
20143,Home Office,Puerto Rico,PR,Caguas
18508,Home Office,Puerto Rico,PR,Caguas
18913,Home Office,Puerto Rico,PR,Caguas
14444,Home Office,Puerto Rico,PR,Caguas
11745,Home Office,Puerto Rico,PR,Caguas
7332,Corporate,United States,WI,Fond Du Lac
1427,Consumer,United States,TX,Weslaco
5935,Corporate,United States,PA,Philadelphia
4054,Home Office,United States,TX,Austin
11333,Home Office,United States,CA,San Jose
5416,Home Office,United States,MA,Medford
5666,Consumer,Puerto Rico,PR,Caguas
4619,Consumer,United States,TX,Richmond
517,Corporate,United States,NY,Brooklyn
11653,Consumer,Puerto Rico,PR,Caguas
2872,Corporate,United States,NY,Bronx
8297,Consumer,Puerto Rico,PR,Caguas
8214,Consumer,United States,CA,North Hills
7311,Consumer,Puerto Rico,PR,Caguas
7783,Consumer,United States,PA,Hanover
3403,Consumer,United States,PA,Philadelphia
10798,Corporate,Puerto Rico,PR,Caguas
1521,Corporate,United States,CA,Hawthorne
12257,Consumer,United States,FL,Pompano Beach
4702,Home Office,United States,CA,Napa
8281,Corporate,United States,CA,Bakersfield
4487,Corporate,United States,CA,Diamond Bar
3767,Consumer,Puerto Rico,PR,Caguas
2473,Corporate,United States,IL,Palatine
3380,Home Office,United States,MI,Detroit
10352,Consumer,United States,FL,Miami
7653,Consumer,United States,IL,Chicago
4477,Corporate,United States,GA,Duluth
4689,Corporate,United States,MD,Baltimore
5580,Home Office,United States,CA,Moreno Valley
2278,Consumer,United States,OH,Reynoldsburg
8875,Corporate,United States,MO,Saint Charles
8893,Corporate,Puerto Rico,PR,Caguas
17846,Consumer,Puerto Rico,PR,Caguas
17821,Consumer,Puerto Rico,PR,Caguas
2737,Consumer,Puerto Rico,PR,Caguas
7153,Consumer,Puerto Rico,PR,Caguas
8280,Consumer,Puerto Rico,PR,Caguas
3526,Consumer,Puerto Rico,PR,Caguas
4647,Consumer,Puerto Rico,PR,Caguas
12997,Consumer,Puerto Rico,PR,Caguas
12641,Consumer,Puerto Rico,PR,Caguas
13121,Consumer,Puerto Rico,PR,Caguas
4761,Consumer,Puerto Rico,PR,Caguas
2445,Consumer,Puerto Rico,PR,Caguas
5522,Consumer,Puerto Rico,PR,Caguas
10923,Consumer,Puerto Rico,PR,Caguas
15189,Consumer,Puerto Rico,PR,Caguas
19114,Consumer,Puerto Rico,PR,Caguas
14579,Consumer,Puerto Rico,PR,Caguas
19067,Consumer,Puerto Rico,PR,Caguas
18860,Consumer,Puerto Rico,PR,Caguas
15926,Consumer,Puerto Rico,PR,Caguas
3522,Consumer,Puerto Rico,PR,Caguas
14476,Consumer,Puerto Rico,PR,Caguas
15034,Consumer,Puerto Rico,PR,Caguas
13091,Consumer,Puerto Rico,PR,Caguas
5937,Consumer,Puerto Rico,PR,San Sebastian
17637,Consumer,Puerto Rico,PR,Caguas
4951,Consumer,Puerto Rico,PR,Caguas
10630,Consumer,Puerto Rico,PR,Mayaguez
4114,Consumer,Puerto Rico,PR,Caguas
3284,Consumer,Puerto Rico,PR,Caguas
4209,Consumer,Puerto Rico,PR,Caguas
14452,Consumer,Puerto Rico,PR,Caguas
593,Consumer,Puerto Rico,PR,Caguas
19795,Consumer,Puerto Rico,PR,Caguas
16528,Consumer,Puerto Rico,PR,Caguas
15298,Consumer,Puerto Rico,PR,Caguas
19260,Consumer,Puerto Rico,PR,Caguas
3230,Consumer,Puerto Rico,PR,Caguas
2132,Consumer,Puerto Rico,PR,Caguas
20753,Consumer,Puerto Rico,PR,Caguas
17211,Consumer,Puerto Rico,PR,Caguas
15263,Consumer,Puerto Rico,PR,Caguas
8743,Consumer,Puerto Rico,PR,Caguas
800,Consumer,Puerto Rico,PR,Caguas
12725,Home Office,United States,NJ,Morristown
9117,Home Office,United States,FL,Tampa
6111,Home Office,United States,TN,Clarksville
10580,Home Office,United States,CA,Poway
3051,Home Office,United States,TX,Sugar Land
11366,Home Office,United States,CA,Los Angeles
10420,Home Office,United States,NJ,Plainfield
1838,Home Office,United States,CA,Ontario
3835,Home Office,United States,CA,Fremont
18368,Home Office,United States,MA,Taunton
18383,Home Office,United States,MA,Lynn
20668,Home Office,United States,MI,Warren
5532,Home Office,United States,CA,Rowland Heights
15230,Home Office,United States,CA,Pittsburg
19910,Home Office,United States,TX,San Antonio
20252,Home Office,United States,CA,Chula Vista
17771,Home Office,United States,CA,Long Beach
9631,Home Office,United States,TX,College Station
11376,Home Office,United States,TX,Houston
9359,Home Office,United States,WI,Beloit
7079,Home Office,United States,GA,Marietta
11384,Home Office,United States,CA,Vacaville
1823,Home Office,United States,FL,Jacksonville
2358,Home Office,United States,NM,Rio Rancho
4844,Home Office,United States,CA,El Centro
8794,Home Office,United States,AZ,Tucson
3392,Home Office,United States,CA,Los Angeles
14407,Home Office,United States,WA,Seattle
19127,Home Office,United States,CO,Aurora
7166,Home Office,United States,CA,Victorville
16381,Home Office,United States,OR,Portland
17200,Home Office,United States,MI,Troy
7224,Home Office,United States,NY,New York
14668,Home Office,United States,KY,Louisville
16443,Home Office,United States,TN,Murfreesboro
15930,Home Office,United States,CA,Montebello
7715,Home Office,United States,PA,Lancaster
3893,Home Office,United States,CA,Los Angeles
14716,Home Office,United States,OR,Portland
15047,Home Office,United States,NY,South Richmond Hill
6818,Home Office,United States,CA,Carson
9449,Home Office,United States,TX,Dallas
19042,Home Office,United States,GA,Roswell
17426,Home Office,United States,AZ,Phoenix
15556,Home Office,United States,CO,Denver
5424,Home Office,United States,CA,Vista
15208,Home Office,United States,CA,San Bernardino
20234,Home Office,United States,CA,Salinas
16474,Home Office,United States,IL,Waukegan
20397,Home Office,United States,CA,Carlsbad
15224,Home Office,United States,NV,Las Vegas
2647,Home Office,United States,CA,Lancaster
20511,Home Office,United States,AZ,Tempe
12224,Home Office,United States,PA,Philadelphia
13870,Home Office,United States,OH,Loveland
14005,Home Office,United States,CA,San Diego
13535,Home Office,United States,DC,Washington
2380,Home Office,United States,MO,Springfield
13166,Home Office,United States,NY,Bronx
13771,Home Office,United States,FL,Winter Park
11004,Home Office,United States,MD,Baltimore
5825,Home Office,United States,CA,San Diego
17473,Home Office,United States,GA,Stone Mountain
18158,Home Office,United States,NJ,Edison
19846,Home Office,United States,DE,Newark
11783,Home Office,United States,MI,Highland Park
14498,Consumer,Puerto Rico,PR,Caguas
14840,Consumer,Puerto Rico,PR,Caguas
14641,Consumer,Puerto Rico,PR,Caguas
17849,Consumer,Puerto Rico,PR,Caguas
14158,Consumer,Puerto Rico,PR,Caguas
14390,Consumer,Puerto Rico,PR,Caguas
10646,Consumer,Puerto Rico,PR,Caguas
14831,Consumer,Puerto Rico,PR,Caguas
10895,Consumer,Puerto Rico,PR,Caguas
11191,Consumer,Puerto Rico,PR,Caguas
8239,Consumer,Puerto Rico,PR,Caguas
12848,Consumer,Puerto Rico,PR,Caguas
7776,Consumer,Puerto Rico,PR,Caguas
15761,Consumer,Puerto Rico,PR,Caguas
15743,Consumer,Puerto Rico,PR,Caguas
4003,Consumer,Puerto Rico,PR,Caguas
13373,Consumer,Puerto Rico,PR,Caguas
18444,Consumer,Puerto Rico,PR,Caguas
15499,Consumer,Puerto Rico,PR,Caguas
15404,Consumer,Puerto Rico,PR,Caguas
16148,Consumer,Puerto Rico,PR,Caguas
20684,Consumer,Puerto Rico,PR,Caguas
11464,Consumer,Puerto Rico,PR,Caguas
15643,Consumer,Puerto Rico,PR,Caguas
5972,Consumer,United States,CA,Pomona
5149,Corporate,Puerto Rico,PR,Caguas
7768,Corporate,United States,CA,Winnetka
9755,Corporate,United States,NY,Corona
4500,Corporate,United States,TX,Edinburg
4752,Consumer,United States,NJ,Passaic
8961,Corporate,United States,CA,Huntington Beach
9601,Corporate,United States,NC,Apex
12206,Corporate,United States,NY,New York
8152,Corporate,United States,CA,Colton
14586,Home Office,Puerto Rico,PR,Caguas
13536,Home Office,Puerto Rico,PR,Caguas
13871,Home Office,Puerto Rico,PR,Caguas
2677,Home Office,Puerto Rico,PR,Caguas
11353,Corporate,United States,CA,Temecula
393,Corporate,Puerto Rico,PR,Caguas
1610,Corporate,United States,CA,El Monte
10843,Corporate,United States,MO,Saint Louis
9375,Corporate,United States,CA,Mission Viejo
19492,Consumer,Puerto Rico,PR,Caguas
19481,Corporate,United States,CA,Salinas
19474,Consumer,United States,IL,Mount Prospect
19467,Consumer,United States,PA,Wilkes Barre
13194,Consumer,Puerto Rico,PR,Caguas
20655,Corporate,United States,OH,Mentor
16086,Corporate,United States,FL,Pompano Beach
8746,Corporate,United States,OH,Cleveland
7307,Corporate,United States,IL,Palatine
19407,Consumer,United States,TN,Murfreesboro
19374,Consumer,Puerto Rico,PR,Caguas
20402,Corporate,United States,NJ,North Bergen
19325,Consumer,United States,NY,New York
19300,Consumer,Puerto Rico,PR,Caguas
19296,Consumer,United States,FL,Miami
19282,Corporate,United States,OH,Middletown
16752,Home Office,United States,IN,Indianapolis
16713,Consumer,Puerto Rico,PR,Caguas
16697,Consumer,United States,MI,Canton
16673,Consumer,United States,OH,Strongsville
12549,Consumer,Puerto Rico,PR,Caguas
15086,Consumer,Puerto Rico,PR,Caguas
12855,Consumer,Puerto Rico,PR,Caguas
10632,Consumer,United States,CA,Escondido
5689,Corporate,United States,CA,El Cajon
9902,Corporate,United States,CA,Escondido
15447,Corporate,United States,KS,Wichita
15426,Corporate,United States,CA,Los Angeles
18659,Corporate,United States,NY,North Tonawanda
15569,Corporate,United States,NY,Freeport
3424,Corporate,United States,NJ,Clementon
7178,Corporate,United States,NC,Greenville
4986,Corporate,United States,CA,Santa Ana
10893,Corporate,United States,CA,Riverside
4521,Home Office,Puerto Rico,PR,Caguas
513,Home Office,Puerto Rico,PR,Caguas
12711,Home Office,Puerto Rico,PR,Caguas
12600,Home Office,Puerto Rico,PR,Caguas
15052,Home Office,Puerto Rico,PR,Caguas
15752,Home Office,Puerto Rico,PR,Caguas
15741,Consumer,Puerto Rico,PR,Caguas
1764,Corporate,Puerto Rico,PR,Caguas
16176,Corporate,Puerto Rico,PR,Caguas
10091,Corporate,Puerto Rico,PR,Caguas
15147,Corporate,United States,NY,Bronx
15253,Corporate,United States,IL,Harvey
15145,Corporate,United States,NY,New York
18675,Corporate,United States,CA,Watsonville
12060,Corporate,United States,TX,San Antonio
3761,Consumer,United States,CA,Hayward
10911,Corporate,United States,CA,San Diego
11066,Corporate,United States,AZ,Phoenix
5100,Corporate,United States,CA,Encinitas
736,Consumer,United States,WA,Longview
10830,Consumer,United States,CA,Rosemead
1176,Consumer,United States,CA,Chula Vista
17155,Consumer,United States,OR,Bend
17616,Home Office,Puerto Rico,PR,Caguas
19922,Home Office,Puerto Rico,PR,Caguas
19939,Consumer,Puerto Rico,PR,Caguas
16349,Corporate,Puerto Rico,PR,Caguas
17393,Corporate,Puerto Rico,PR,Caguas
18019,Corporate,Puerto Rico,PR,Caguas
7069,Corporate,United States,CA,Santa Clara
7966,Corporate,United States,IL,Elgin
9208,Corporate,United States,NY,Hempstead
3690,Corporate,United States,VA,Virginia Beach
11910,Corporate,United States,VA,Woodbridge
2561,Corporate,United States,NJ,Jersey City
13182,Consumer,United States,CA,Santa Ana
14339,Consumer,United States,VA,Blacksburg
5013,Consumer,United States,OH,Reynoldsburg
9042,Consumer,United States,UT,Ogden
7431,Consumer,United States,TX,Houston
9904,Corporate,United States,IL,Chicago
1703,Corporate,United States,AL,Birmingham
3757,Corporate,United States,CA,Rosemead
13273,Home Office,Puerto Rico,PR,Caguas
14570,Home Office,Puerto Rico,PR,Caguas
15420,Home Office,Puerto Rico,PR,Caguas
5315,Home Office,Puerto Rico,PR,Caguas
13150,Home Office,Puerto Rico,PR,Caguas
14113,Consumer,Puerto Rico,PR,Caguas
14230,Consumer,Puerto Rico,PR,Caguas
13967,Consumer,Puerto Rico,PR,Caguas
13835,Consumer,Puerto Rico,PR,Caguas
12804,Consumer,Puerto Rico,PR,Caguas
12784,Consumer,Puerto Rico,PR,Caguas
14790,Consumer,Puerto Rico,PR,Caguas
12618,Consumer,Puerto Rico,PR,Caguas
12913,Consumer,Puerto Rico,PR,Caguas
12964,Consumer,Puerto Rico,PR,Caguas
10152,Corporate,United States,TX,Houston
3999,Corporate,United States,NY,Bronx
8567,Corporate,United States,PA,Philadelphia
10526,Corporate,United States,CA,Citrus Heights
8442,Corporate,United States,IN,Crown Point
5334,Corporate,United States,KY,Richmond
12080,Consumer,United States,MD,Baltimore
1284,Consumer,United States,CA,Chino Hills
3166,Consumer,United States,FL,Fort Lauderdale
18843,Consumer,United States,NY,Brooklyn
14285,Consumer,United States,CA,Salinas
13888,Consumer,United States,NJ,Plainfield
11347,Consumer,United States,CA,San Jose
16542,Consumer,United States,CA,North Hills
15783,Consumer,United States,TX,El Paso
17971,Consumer,United States,NY,Bronx
17949,Consumer,United States,NC,Raleigh
18432,Consumer,United States,CA,Moreno Valley
5911,Consumer,United States,MN,Burnsville
18577,Consumer,United States,CA,South San Francisco
14121,Consumer,United States,IL,Chicago
13386,Consumer,United States,NV,Las Vegas
11257,Consumer,United States,CA,Folsom
7195,Consumer,United States,NJ,Newark
7067,Corporate,United States,CA,Sacramento
4607,Corporate,United States,CA,Cupertino
1345,Corporate,United States,OH,Mentor
16302,Corporate,United States,FL,Jacksonville
17029,Corporate,United States,NJ,Princeton
17031,Corporate,United States,KS,Wichita
10524,Corporate,United States,NC,Asheboro
15599,Corporate,United States,MO,Saint Louis
1418,Corporate,United States,NM,Roswell
14401,Corporate,United States,IL,Joliet
14189,Corporate,United States,IL,Pekin
19864,Consumer,United States,TX,Houston
18499,Consumer,United States,HI,Waipahu
17718,Consumer,United States,TX,Irving
18356,Consumer,United States,IL,Elmhurst
17564,Consumer,United States,PA,Morrisville
6449,Consumer,United States,CA,Corona
12320,Consumer,United States,OH,Elyria
20093,Consumer,United States,CA,Lynwood
18153,Consumer,Puerto Rico,PR,Caguas
18145,Consumer,Puerto Rico,PR,Caguas
18036,Consumer,Puerto Rico,PR,Caguas
19086,Consumer,Puerto Rico,PR,Caguas
16432,Consumer,Puerto Rico,PR,Caguas
18840,Consumer,Puerto Rico,PR,Caguas
17489,Consumer,Puerto Rico,PR,Caguas
17434,Consumer,Puerto Rico,PR,Caguas
16017,Consumer,Puerto Rico,PR,Caguas
20636,Consumer,Puerto Rico,PR,Caguas
17496,Consumer,Puerto Rico,PR,Caguas
17404,Consumer,Puerto Rico,PR,Caguas
19807,Consumer,Puerto Rico,PR,Caguas
19824,Consumer,Puerto Rico,PR,Caguas
17074,Consumer,Puerto Rico,PR,Caguas
18042,Consumer,Puerto Rico,PR,Caguas
20172,Consumer,Puerto Rico,PR,Caguas
4305,Corporate,United States,CA,Gardena
12137,Corporate,United States,DC,Washington
12656,Corporate,United States,CA,Salinas
10233,Corporate,United States,NY,Far Rockaway
16606,Corporate,United States,TX,Amarillo
20694,Corporate,United States,SC,Columbia
12772,Corporate,United States,NY,New York
12862,Corporate,United States,NY,Endicott
12908,Corporate,United States,CA,Bellflower
13830,Corporate,United States,NV,North Las Vegas
19245,Corporate,United States,FL,Miami
18300,Corporate,United States,CA,National City
18452,Corporate,United States,GA,Atlanta
18936,Corporate,United States,AZ,Tucson
20050,Corporate,United States,IL,Chicago
7608,Corporate,United States,CA,El Cajon
18948,Corporate,Puerto Rico,PR,Caguas
7821,Corporate,Puerto Rico,PR,Caguas
8304,Corporate,Puerto Rico,PR,Carolina
18230,Corporate,Puerto Rico,PR,Caguas
10236,Corporate,United States,CA,San Francisco
13779,Corporate,United States,TX,Del Rio
13911,Corporate,United States,CA,Rosemead
7456,Corporate,United States,NY,Brooklyn
16000,Corporate,United States,NV,North Las Vegas
10557,Corporate,United States,PA,Philadelphia
12860,Corporate,United States,PA,Carlisle
20331,Corporate,United States,CT,New Haven
9493,Corporate,United States,CA,North Hills
19200,Corporate,United States,TX,Amarillo
20685,Corporate,United States,CA,Oxnard
16358,Home Office,Puerto Rico,PR,Caguas
3208,Consumer,United States,FL,Hollywood
9935,Corporate,Puerto Rico,PR,Caguas
5347,Consumer,United States,VA,Woodbridge
12023,Consumer,United States,NY,New York
12496,Consumer,United States,NY,Webster
15710,Consumer,United States,IL,Des Plaines
5124,Consumer,United States,CA,Los Angeles
18476,Consumer,United States,CA,Corona
17990,Consumer,United States,CT,Manchester
15152,Consumer,United States,CA,Milpitas
16248,Consumer,United States,TN,Hendersonville
19867,Consumer,United States,CA,Modesto
5932,Consumer,United States,CA,Sun Valley
14271,Consumer,United States,NY,Buffalo
14502,Consumer,United States,NY,Brooklyn
13193,Consumer,United States,AZ,Tempe
13192,Consumer,United States,MA,Peabody
10419,Consumer,United States,OR,Beaverton
19958,Consumer,United States,NC,Asheboro
13593,Consumer,United States,OH,Hilliard
14228,Consumer,United States,NJ,Jersey City
14371,Consumer,United States,GA,Alpharetta
4919,Consumer,United States,FL,Opa Locka
13672,Consumer,United States,NC,Chapel Hill
13761,Consumer,United States,CT,New Haven
10575,Consumer,United States,CA,Ontario
13741,Consumer,United States,SC,Columbia
14758,Consumer,United States,CA,Walnut
14485,Corporate,Puerto Rico,PR,Caguas
10768,Corporate,Puerto Rico,PR,Caguas
18129,Corporate,Puerto Rico,PR,Caguas
19156,Corporate,Puerto Rico,PR,Caguas
19151,Corporate,Puerto Rico,PR,Caguas
15814,Corporate,Puerto Rico,PR,Caguas
15533,Corporate,Puerto Rico,PR,Caguas
16106,Corporate,Puerto Rico,PR,Caguas
14908,Corporate,Puerto Rico,PR,Caguas
15106,Corporate,Puerto Rico,PR,Caguas
2490,Corporate,Puerto Rico,PR,Caguas
16419,Corporate,Puerto Rico,PR,Caguas
18403,Corporate,Puerto Rico,PR,Caguas
17425,Corporate,Puerto Rico,PR,Caguas
20524,Corporate,Puerto Rico,PR,Caguas
17348,Corporate,Puerto Rico,PR,Caguas
12917,Consumer,United States,CA,Los Angeles
18052,Consumer,United States,TX,Dallas
16626,Consumer,United States,RI,Woonsocket
15911,Consumer,United States,GA,Augusta
15793,Consumer,United States,FL,Lutz
16039,Consumer,United States,CO,Longmont
18906,Consumer,United States,IL,Normal
18565,Consumer,United States,CA,Encinitas
20157,Consumer,United States,NY,Brooklyn
19957,Consumer,United States,FL,Fort Lauderdale
9221,Consumer,United States,CA,San Bernardino
6077,Consumer,United States,TN,Memphis
13118,Corporate,United States,CA,Salinas
14386,Corporate,United States,MA,New Bedford
13555,Corporate,United States,TX,North Richland Hills
17471,Corporate,United States,NC,Jacksonville
20653,Corporate,United States,CA,Rowland Heights
18826,Corporate,United States,FL,Pompano Beach
15546,Corporate,United States,PA,Irwin
17782,Corporate,United States,AZ,Phoenix
15146,Corporate,United States,NM,Albuquerque
15251,Corporate,United States,NJ,Lakewood
4004,Corporate,United States,CA,Pacoima
10004,Corporate,United States,MI,Saginaw
12537,Corporate,United States,MA,Dorchester Center
17525,Corporate,United States,NY,Webster
17283,Corporate,United States,TN,Memphis
13109,Corporate,United States,CA,Chula Vista
18067,Corporate,United States,TX,Houston
15484,Corporate,United States,CA,Chula Vista
18578,Corporate,United States,CA,San Diego
17839,Corporate,United States,DE,Newark
13346,Corporate,United States,OH,Hilliard
13366,Corporate,United States,CA,Mission Viejo
13966,Corporate,United States,PA,West Chester
13675,Corporate,United States,IL,Chicago
12773,Corporate,United States,CT,New Haven
13726,Corporate,United States,VA,Chesapeake
19764,Corporate,United States,NY,South Ozone Park
19753,Corporate,United States,FL,Jacksonville
19728,Consumer,United States,MD,Dundalk
19712,Corporate,United States,NY,Brooklyn
19705,Corporate,United States,FL,Hollywood
19656,Consumer,United States,MN,Saint Paul
19654,Consumer,Puerto Rico,PR,Caguas
19638,Consumer,United States,TX,Fort Worth
19630,Corporate,United States,MD,Parkville
19628,Corporate,United States,CA,Los Angeles
19625,Corporate,Puerto Rico,PR,Caguas
19581,Consumer,United States,TX,Fort Worth
19566,Consumer,United States,CA,Pico Rivera
19559,Consumer,Puerto Rico,PR,Caguas
17024,Home Office,United States,OH,Cleveland
17023,Home Office,Puerto Rico,PR,Caguas
17019,Corporate,Puerto Rico,PR,Caguas
17004,Corporate,United States,IL,Wheaton
16970,Corporate,Puerto Rico,PR,Caguas
16955,Consumer,Puerto Rico,PR,Caguas
16913,Consumer,United States,GA,Duluth
16897,Home Office,United States,CA,San Jose
16896,Home Office,United States,CA,Los Angeles
16893,Consumer,Puerto Rico,PR,Caguas
16866,Consumer,United States,MI,Detroit
16822,Corporate,United States,NY,Brooklyn
16804,Home Office,Puerto Rico,PR,Caguas
16775,Corporate,United States,NY,Astoria
1531,Consumer,Puerto Rico,PR,Caguas
13000,Consumer,Puerto Rico,PR,Caguas
13820,Consumer,Puerto Rico,PR,Caguas
12769,Consumer,Puerto Rico,PR,Caguas
13829,Consumer,Puerto Rico,PR,Caguas
17888,Consumer,Puerto Rico,PR,Caguas
14178,Consumer,Puerto Rico,PR,Caguas
13812,Corporate,United States,NY,Brooklyn
12408,Corporate,United States,TX,Fort Worth
12660,Corporate,United States,WV,Wheeling
14418,Corporate,United States,PA,Washington
8878,Corporate,United States,HI,Waipahu
16385,Corporate,United States,PA,Philadelphia
16418,Corporate,United States,TX,Dallas
15843,Corporate,United States,CA,Clovis
15822,Corporate,United States,TX,Laredo
15780,Corporate,United States,VA,Virginia Beach
15847,Corporate,United States,KS,Salina
4804,Corporate,United States,FL,Jacksonville
13435,Home Office,United States,MN,Saint Paul
18345,Home Office,United States,VA,Woodbridge
20741,Home Office,United States,MI,Detroit
15311,Home Office,United States,CT,Danbury
12822,Home Office,United States,TX,Richmond
20509,Home Office,United States,CA,Stockton
13038,Home Office,United States,NY,Brooklyn
1476,Home Office,United States,HI,Ewa Beach
1434,Home Office,United States,OH,Loveland
20060,Home Office,United States,CA,Rancho Cordova
13983,Home Office,United States,AZ,Phoenix
13671,Home Office,United States,CA,Fairfield
17421,Home Office,United States,MI,Westland
17784,Home Office,United States,CA,Vacaville
2850,Home Office,United States,NY,New York
14627,Consumer,United States,CA,Watsonville
13191,Consumer,United States,AZ,Tucson
14732,Consumer,United States,AZ,Phoenix
13722,Consumer,United States,NV,Las Vegas
13685,Consumer,United States,TX,San Antonio
15117,Consumer,United States,GA,Duluth
14981,Consumer,United States,TX,Richardson
15698,Consumer,United States,IL,Aurora
16042,Consumer,United States,NY,New York
15530,Consumer,United States,CA,San Jose
6984,Consumer,United States,IL,Chicago
20079,Consumer,United States,MA,Taunton
19914,Consumer,United States,CA,Diamond Bar
19921,Consumer,United States,IL,Chicago
17925,Consumer,United States,TX,Houston
15587,Consumer,United States,IL,Aurora
17797,Consumer,United States,NY,Webster
14200,Corporate,Puerto Rico,PR,Caguas
20231,Corporate,Puerto Rico,PR,Caguas
12534,Corporate,Puerto Rico,PR,Caguas
12499,Corporate,Puerto Rico,PR,Caguas
18331,Corporate,Puerto Rico,PR,Caguas
17930,Corporate,Puerto Rico,PR,Caguas
14860,Corporate,United States,FL,Jacksonville
17953,Corporate,United States,IL,Mchenry
15169,Corporate,United States,IL,Chicago
15441,Corporate,United States,CA,San Diego
13186,Corporate,United States,IL,Chicago
16505,Corporate,United States,IL,Tinley Park
18387,Corporate,United States,FL,Lutz
18433,Corporate,United States,PA,Philadelphia
19052,Corporate,United States,TX,Garland
13055,Consumer,United States,TX,Houston
14661,Consumer,United States,CA,San Diego
13155,Consumer,United States,AZ,Tucson
14281,Consumer,United States,PA,York
12578,Consumer,United States,FL,Opa Locka
10652,Consumer,United States,NC,Lenoir
14525,Corporate,United States,GA,Atlanta
13028,Corporate,United States,MI,Detroit
13350,Corporate,United States,NY,Bronx
12567,Corporate,United States,MA,Methuen
12941,Corporate,United States,AZ,Scottsdale
13280,Corporate,United States,NV,Las Vegas
13810,Corporate,United States,FL,Miami
18191,Corporate,United States,AZ,Phoenix
16421,Corporate,United States,OH,Chillicothe
17424,Corporate,United States,NY,Rego Park
15522,Corporate,United States,FL,Tampa
17859,Corporate,United States,CA,Costa Mesa
18783,Corporate,United States,CA,Fresno
18460,Corporate,United States,TX,Houston
20555,Corporate,United States,MI,Ann Arbor
15400,Corporate,United States,MN,Saint Paul
9629,Consumer,United States,TX,San Antonio
9428,Consumer,United States,OR,Oregon City
15566,Consumer,United States,LA,New Orleans
20036,Consumer,United States,MD,Hyattsville
20101,Consumer,United States,TX,Sugar Land
18194,Consumer,United States,RI,Woonsocket
16588,Consumer,United States,NY,Brooklyn
19246,Consumer,United States,TX,Dallas
20732,Consumer,United States,MI,Wyandotte
17431,Consumer,United States,CA,Union City
17394,Consumer,United States,TX,Katy
15969,Consumer,United States,NY,Lindenhurst
15593,Consumer,United States,UT,West Jordan
15323,Consumer,United States,CA,Madera
19895,Consumer,United States,TX,San Antonio
18958,Consumer,United States,NY,New York
20197,Consumer,United States,CA,Cupertino
20107,Consumer,United States,CA,Compton
20179,Consumer,United States,HI,Honolulu
19980,Consumer,United States,CA,Spring Valley
18527,Consumer,United States,NY,New York
17086,Consumer,United States,IL,Chicago Heights
13083,Corporate,Puerto Rico,PR,Caguas
14969,Corporate,Puerto Rico,PR,Caguas
15887,Corporate,Puerto Rico,PR,Caguas
18879,Corporate,Puerto Rico,PR,Caguas
17472,Corporate,Puerto Rico,PR,Caguas
15474,Corporate,Puerto Rico,PR,Caguas
16313,Corporate,Puerto Rico,PR,Caguas
20166,Corporate,Puerto Rico,PR,Caguas
19788,Corporate,Puerto Rico,PR,Caguas
17736,Corporate,Puerto Rico,PR,Caguas
18152,Consumer,United States,GA,Augusta
18102,Consumer,United States,VA,Hampton
16446,Consumer,United States,HI,Honolulu
15753,Consumer,United States,CA,Los Angeles
15836,Consumer,United States,CA,Moreno Valley
17997,Consumer,United States,FL,Hollywood
16075,Consumer,United States,AZ,Tempe
20606,Consumer,United States,IL,Chicago
16055,Consumer,United States,CT,West Haven
20712,Consumer,United States,CA,Los Angeles
20441,Consumer,United States,CA,San Marcos
17696,Consumer,United States,CA,Los Angeles
15996,Consumer,United States,OH,Sandusky
18327,Consumer,United States,CA,Moreno Valley
18287,Consumer,United States,SC,Columbia
17493,Consumer,United States,WI,Sheboygan
15402,Consumer,United States,TX,Lewisville
1401,Consumer,United States,OK,Lawton
16364,Consumer,United States,NY,New York
19879,Consumer,United States,TX,Carrollton
20130,Consumer,United States,HI,Kaneohe
18959,Consumer,United States,MA,Methuen
20307,Consumer,United States,AZ,Tucson
18602,Consumer,United States,WI,La Crosse
17073,Consumer,United States,OH,Medina
17071,Consumer,United States,MN,Saint Paul
17877,Consumer,United States,NY,Tonawanda
18596,Consumer,United States,IL,Chicago
20244,Consumer,United States,AZ,Phoenix
17388,Consumer,United States,NM,Rio Rancho
17368,Consumer,United States,NY,Lindenhurst
16275,Consumer,United States,PA,Mechanicsburg
17115,Consumer,United States,CA,Los Angeles
13220,Home Office,United States,CA,Los Angeles
15210,Home Office,United States,IL,Lockport
15021,Home Office,United States,NY,Brooklyn
16370,Home Office,United States,IL,Algonquin
14365,Home Office,United States,TX,San Antonio
13209,Home Office,United States,MN,Saint Paul
14822,Home Office,United States,CA,San Bernardino
14488,Consumer,United States,OH,Loveland
12983,Consumer,United States,MD,Hyattsville
17721,Consumer,United States,WI,La Crosse
20408,Consumer,United States,CA,Fountain Valley
18147,Consumer,United States,CA,Rowland Heights
18215,Consumer,United States,AL,Birmingham
18634,Consumer,United States,CA,Fullerton
15644,Consumer,United States,FL,Hollywood
13202,Consumer,United States,TX,Austin
15838,Consumer,United States,CA,Moreno Valley
17457,Consumer,United States,NY,Brooklyn
20220,Consumer,United States,AZ,Peoria
17039,Consumer,United States,FL,Opa Locka
18811,Consumer,United States,MI,Hamtramck
18306,Consumer,United States,PA,Lancaster
20098,Consumer,United States,UT,Clearfield
16200,Consumer,United States,CA,Los Angeles
19949,Consumer,United States,MD,Cumberland
17183,Consumer,United States,CA,Bakersfield
14870,Consumer,United States,NC,Fayetteville
12856,Consumer,United States,TX,Round Rock
13232,Consumer,United States,FL,Tallahassee
13429,Consumer,United States,OH,Fairfield
13063,Consumer,United States,HI,Honolulu
14242,Consumer,United States,TX,El Paso
14927,Consumer,United States,CA,Pico Rivera
17518,Corporate,Puerto Rico,PR,Caguas
17387,Corporate,Puerto Rico,PR,Caguas
15777,Corporate,Puerto Rico,PR,Caguas
7727,Consumer,United States,OR,Eugene
10046,Corporate,Puerto Rico,PR,Caguas
6711,Corporate,Puerto Rico,PR,Yauco
3119,Corporate,Puerto Rico,PR,Caguas
1417,Corporate,Puerto Rico,PR,Caguas
12102,Corporate,Puerto Rico,PR,Caguas
4469,Corporate,Puerto Rico,PR,Caguas
8691,Corporate,Puerto Rico,PR,Guaynabo
6345,Corporate,Puerto Rico,PR,Rio Grande
7771,Corporate,Puerto Rico,PR,Caguas
6260,Corporate,Puerto Rico,PR,Caguas
7508,Corporate,Puerto Rico,PR,Caguas
8409,Corporate,Puerto Rico,PR,Caguas
8597,Corporate,Puerto Rico,PR,Caguas
6437,Corporate,Puerto Rico,PR,Caguas
8499,Corporate,Puerto Rico,PR,Caguas
2636,Corporate,Puerto Rico,PR,Caguas
8149,Corporate,Puerto Rico,PR,Caguas
4816,Corporate,Puerto Rico,PR,Caguas
5296,Corporate,Puerto Rico,PR,Caguas
10174,Corporate,Puerto Rico,PR,Caguas
3689,Corporate,Puerto Rico,PR,San Juan
14045,Corporate,Puerto Rico,PR,Caguas
2578,Corporate,Puerto Rico,PR,Caguas
11984,Corporate,Puerto Rico,PR,Caguas
911,Corporate,Puerto Rico,PR,Caguas
11398,Corporate,Puerto Rico,PR,Caguas
13568,Corporate,Puerto Rico,PR,Caguas
5204,Corporate,Puerto Rico,PR,Caguas
5973,Corporate,Puerto Rico,PR,Caguas
1586,Corporate,Puerto Rico,PR,Caguas
7115,Corporate,Puerto Rico,PR,Caguas
12858,Corporate,Puerto Rico,PR,Caguas
1379,Corporate,Puerto Rico,PR,Caguas
3458,Corporate,Puerto Rico,PR,Caguas
3073,Corporate,Puerto Rico,PR,Caguas
9774,Corporate,Puerto Rico,PR,Caguas
6511,Corporate,Puerto Rico,PR,Caguas
4819,Corporate,Puerto Rico,PR,Caguas
8840,Corporate,Puerto Rico,PR,Caguas
6023,Corporate,Puerto Rico,PR,Caguas
4770,Corporate,Puerto Rico,PR,Caguas
77,Corporate,Puerto Rico,PR,Caguas
9144,Corporate,Puerto Rico,PR,Caguas
6634,Corporate,Puerto Rico,PR,Toa Alta
4635,Corporate,Puerto Rico,PR,Caguas
7161,Corporate,Puerto Rico,PR,Caguas
5098,Corporate,Puerto Rico,PR,Caguas
18113,Corporate,Puerto Rico,PR,Caguas
15784,Corporate,Puerto Rico,PR,Caguas
3907,Corporate,Puerto Rico,PR,Caguas
17344,Corporate,Puerto Rico,PR,Caguas
6289,Corporate,Puerto Rico,PR,Caguas
11390,Corporate,Puerto Rico,PR,Caguas
18465,Corporate,Puerto Rico,PR,Caguas
4472,Corporate,Puerto Rico,PR,Caguas
1181,Corporate,Puerto Rico,PR,Caguas
10892,Corporate,Puerto Rico,PR,Caguas
8569,Corporate,Puerto Rico,PR,Caguas
10593,Corporate,Puerto Rico,PR,Caguas
20058,Corporate,Puerto Rico,PR,Caguas
20237,Corporate,Puerto Rico,PR,Caguas
20463,Corporate,Puerto Rico,PR,Caguas
6184,Corporate,Puerto Rico,PR,Caguas
12340,Corporate,Puerto Rico,PR,Caguas
1720,Corporate,Puerto Rico,PR,Caguas
7217,Corporate,Puerto Rico,PR,Caguas
5430,Corporate,Puerto Rico,PR,Caguas
2499,Corporate,Puerto Rico,PR,Caguas
109,Corporate,Puerto Rico,PR,Caguas
11722,Corporate,Puerto Rico,PR,Caguas
4517,Corporate,Puerto Rico,PR,Caguas
4317,Corporate,Puerto Rico,PR,Caguas
7620,Consumer,Puerto Rico,PR,Caguas
12301,Consumer,Puerto Rico,PR,Caguas
10967,Consumer,Puerto Rico,PR,Caguas
13106,Consumer,Puerto Rico,PR,Caguas
11146,Consumer,Puerto Rico,PR,Caguas
5624,Consumer,Puerto Rico,PR,Caguas
11545,Consumer,Puerto Rico,PR,Caguas
7299,Consumer,Puerto Rico,PR,Caguas
2946,Consumer,Puerto Rico,PR,Caguas
8994,Consumer,Puerto Rico,PR,Caguas
11895,Consumer,Puerto Rico,PR,Caguas
8434,Consumer,Puerto Rico,PR,Caguas
6078,Consumer,Puerto Rico,PR,Caguas
6757,Consumer,Puerto Rico,PR,Caguas
8989,Consumer,Puerto Rico,PR,Caguas
11518,Consumer,Puerto Rico,PR,San Juan
6592,Consumer,Puerto Rico,PR,Caguas
3401,Consumer,Puerto Rico,PR,Caguas
9995,Consumer,Puerto Rico,PR,Caguas
8447,Consumer,Puerto Rico,PR,Caguas
8769,Consumer,Puerto Rico,PR,Caguas
2192,Consumer,Puerto Rico,PR,Caguas
16411,Consumer,Puerto Rico,PR,Caguas
19262,Consumer,Puerto Rico,PR,Caguas
16567,Consumer,Puerto Rico,PR,Guayama
9752,Consumer,Puerto Rico,PR,Caguas
7290,Consumer,Puerto Rico,PR,Caguas
5461,Consumer,Puerto Rico,PR,Caguas
17044,Consumer,Puerto Rico,PR,Caguas
6854,Consumer,Puerto Rico,PR,Caguas
5167,Consumer,Puerto Rico,PR,Caguas
925,Consumer,Puerto Rico,PR,Caguas
10415,Consumer,Puerto Rico,PR,Caguas
3599,Consumer,Puerto Rico,PR,Caguas
5001,Consumer,Puerto Rico,PR,Caguas
10443,Consumer,Puerto Rico,PR,Caguas
8190,Consumer,Puerto Rico,PR,Caguas
10391,Consumer,Puerto Rico,PR,Caguas
10032,Consumer,Puerto Rico,PR,Caguas
11448,Consumer,Puerto Rico,PR,Caguas
13214,Consumer,Puerto Rico,PR,Caguas
14241,Consumer,Puerto Rico,PR,Caguas
5965,Consumer,Puerto Rico,PR,Caguas
2304,Consumer,Puerto Rico,PR,Caguas
5151,Consumer,Puerto Rico,PR,Caguas
2402,Consumer,Puerto Rico,PR,Caguas
8386,Consumer,Puerto Rico,PR,Caguas
2347,Consumer,Puerto Rico,PR,Caguas
12749,Consumer,Puerto Rico,PR,Caguas
767,Consumer,Puerto Rico,PR,Caguas
9475,Consumer,Puerto Rico,PR,Caguas
11496,Consumer,Puerto Rico,PR,Caguas
1752,Consumer,Puerto Rico,PR,Humacao
1847,Consumer,Puerto Rico,PR,Caguas
6065,Consumer,Puerto Rico,PR,Caguas
11106,Consumer,Puerto Rico,PR,Caguas
5948,Consumer,Puerto Rico,PR,Caguas
4827,Consumer,Puerto Rico,PR,Caguas
7461,Consumer,Puerto Rico,PR,Caguas
10829,Consumer,Puerto Rico,PR,Caguas
2143,Consumer,Puerto Rico,PR,Caguas
7054,Consumer,Puerto Rico,PR,Caguas
6952,Consumer,Puerto Rico,PR,Caguas
2265,Consumer,Puerto Rico,PR,Caguas
12252,Consumer,Puerto Rico,PR,Caguas
6109,Consumer,Puerto Rico,PR,Caguas
4457,Consumer,Puerto Rico,PR,Caguas
5583,Consumer,Puerto Rico,PR,Caguas
4653,Consumer,Puerto Rico,PR,Caguas
17395,Consumer,Puerto Rico,PR,Caguas
9019,Consumer,Puerto Rico,PR,Caguas
1729,Consumer,Puerto Rico,PR,Caguas
2640,Consumer,Puerto Rico,PR,Caguas
10027,Consumer,Puerto Rico,PR,Caguas
3632,Consumer,Puerto Rico,PR,Caguas
1019,Consumer,Puerto Rico,PR,Caguas
209,Consumer,United States,TX,Fort Worth
12189,Consumer,United States,MI,Ann Arbor
1932,Consumer,United States,TX,Irving
941,Consumer,United States,CA,Modesto
4769,Consumer,United States,CA,Bakersfield
2301,Consumer,United States,CA,Spring Valley
9669,Consumer,United States,OH,Cleveland
10462,Consumer,United States,IN,West Lafayette
2169,Consumer,United States,CA,San Marcos
7041,Consumer,United States,IL,Elmhurst
10672,Consumer,United States,CA,Los Angeles
10040,Consumer,United States,MD,Dundalk
3364,Consumer,United States,CA,Martinez
953,Consumer,United States,PA,Philadelphia
7234,Consumer,United States,TX,San Antonio
2963,Consumer,United States,CA,Los Angeles
12040,Consumer,United States,TX,Harlingen
3826,Consumer,United States,VA,Richmond
2006,Consumer,United States,OK,Broken Arrow
7336,Consumer,United States,FL,Miami
10789,Consumer,United States,FL,Pompano Beach
4556,Consumer,United States,MI,Detroit
7812,Consumer,United States,NC,Hickory
10905,Consumer,United States,CA,Hayward
9553,Consumer,United States,MO,Florissant
4292,Consumer,United States,MI,Dearborn
2710,Consumer,United States,NM,Albuquerque
9740,Consumer,United States,CA,San Jose
11565,Consumer,United States,TX,Harlingen
10498,Consumer,United States,NY,Corona
6766,Consumer,United States,MD,Fort Washington
8979,Consumer,United States,NM,Albuquerque
3647,Consumer,United States,MD,Cumberland
6319,Consumer,United States,CA,San Jose
9700,Consumer,United States,MO,Ballwin
3270,Consumer,United States,CA,National City
9557,Consumer,United States,CA,Gardena
848,Consumer,United States,CA,Los Angeles
5658,Consumer,United States,TX,Harlingen
8522,Consumer,United States,OH,Findlay
10530,Consumer,United States,CA,Lake Forest
6540,Consumer,United States,AZ,Phoenix
2142,Consumer,United States,MI,East Lansing
4187,Consumer,United States,GA,Augusta
1045,Consumer,United States,NY,Huntington Station
9443,Consumer,United States,CA,Garden Grove
5585,Consumer,United States,CA,Moreno Valley
4665,Consumer,United States,CA,Escondido
1543,Consumer,United States,NC,Fayetteville
726,Consumer,United States,HI,Mililani
11976,Consumer,United States,MI,Detroit
3042,Consumer,United States,FL,Orange Park
115,Consumer,United States,CA,West Covina
4543,Consumer,United States,GA,Stone Mountain
7218,Consumer,United States,NY,Brooklyn
4997,Consumer,United States,FL,Valrico
1994,Consumer,United States,OH,Cleveland
4840,Consumer,United States,TX,Irving
5711,Consumer,United States,PA,Chambersburg
11856,Consumer,United States,CA,Ventura
1022,Consumer,United States,UT,Ogden
4386,Consumer,United States,NY,Brooklyn
4782,Consumer,United States,NV,Las Vegas
8734,Consumer,United States,NY,Ridgewood
666,Consumer,United States,FL,Orange Park
6580,Consumer,United States,AZ,Tempe
3966,Consumer,United States,NY,Brooklyn
5702,Consumer,United States,AZ,Tucson
1443,Consumer,United States,NJ,West Orange
2675,Consumer,United States,CA,Anaheim
6618,Consumer,United States,CA,Huntington Beach
9812,Consumer,United States,CA,El Monte
6940,Consumer,United States,CA,Encinitas
3168,Consumer,United States,IL,Chicago
5739,Consumer,United States,MI,East Lansing
11874,Consumer,United States,OH,Elyria
9331,Consumer,United States,NJ,Clementon
8328,Consumer,United States,IN,Crown Point
12213,Consumer,United States,IL,Algonquin
11567,Consumer,United States,CA,Spring Valley
7892,Consumer,United States,TX,Dallas
9856,Consumer,United States,NM,Albuquerque
971,Consumer,United States,GA,Douglasville
7677,Consumer,United States,IL,Chicago
5139,Consumer,United States,NC,Greenville
4341,Consumer,United States,NY,Hempstead
974,Consumer,United States,CA,Fresno
3448,Consumer,United States,IL,Chicago
744,Consumer,United States,CA,North Hollywood
6782,Consumer,United States,OR,Roseburg
2722,Consumer,United States,DE,Newark
11461,Consumer,United States,NM,Albuquerque
10772,Consumer,United States,IL,Carol Stream
1926,Consumer,United States,CA,Los Angeles
11760,Consumer,United States,MO,Ballwin
10414,Consumer,United States,OR,Eugene
8319,Consumer,United States,OR,Albany
3340,Consumer,United States,NC,Chapel Hill
8283,Consumer,United States,MD,Baltimore
1147,Consumer,United States,NY,Brooklyn
9247,Consumer,United States,IL,Chicago
2193,Consumer,United States,IL,Moline
6288,Consumer,United States,MI,Detroit
11108,Consumer,United States,IL,Plainfield
11065,Consumer,United States,NY,New York
3374,Consumer,United States,IL,Chicago
11998,Consumer,United States,CA,Montebello
4323,Consumer,United States,AZ,Mesa
7354,Consumer,United States,NY,Flushing
1547,Consumer,United States,AZ,Phoenix
5196,Consumer,United States,CA,South San Francisco
2118,Corporate,United States,NJ,Lakewood
7863,Home Office,United States,HI,Mililani
6503,Corporate,United States,CA,Costa Mesa
9417,Home Office,United States,KS,Olathe
12293,Consumer,United States,NV,Las Vegas
7664,Corporate,United States,NJ,Piscataway
9625,Corporate,United States,NY,New York
486,Home Office,United States,OH,Lancaster
55,Home Office,United States,AZ,Phoenix
10399,Corporate,Puerto Rico,PR,Caguas
10834,Corporate,United States,NM,Albuquerque
3256,Consumer,United States,DE,Newark
6301,Corporate,United States,IL,Moline
1527,Consumer,United States,CA,Alameda
11920,Corporate,Puerto Rico,PR,Caguas
7587,Home Office,Puerto Rico,PR,Caguas
11017,Home Office,Puerto Rico,PR,Caguas
7601,Corporate,Puerto Rico,PR,Caguas
5950,Consumer,Puerto Rico,PR,Caguas
11184,Consumer,United States,CA,La Puente
3260,Home Office,Puerto Rico,PR,Caguas
8582,Home Office,United States,TX,Houston
2267,Consumer,United States,AZ,Glendale
8607,Home Office,United States,CA,Diamond Bar
6016,Home Office,Puerto Rico,PR,Caguas
1971,Corporate,United States,WA,Seattle
3490,Consumer,Puerto Rico,PR,Caguas
358,Consumer,United States,TX,San Antonio
3413,Home Office,United States,CA,Madera
3797,Consumer,Puerto Rico,PR,Caguas
1208,Consumer,Puerto Rico,PR,Caguas
3828,Corporate,United States,TX,El Paso
624,Corporate,United States,CA,Oceanside
3943,Home Office,United States,MA,Lawrence
8077,Corporate,Puerto Rico,PR,Caguas
1623,Consumer,United States,OH,Strongsville
6029,Corporate,United States,NY,Elmhurst
3949,Consumer,United States,PA,Philadelphia
3776,Corporate,Puerto Rico,PR,Caguas
9296,Home Office,Puerto Rico,PR,Caguas
5294,Consumer,United States,MO,Ballwin
2291,Consumer,Puerto Rico,PR,Caguas
3223,Consumer,Puerto Rico,PR,Caguas
7633,Home Office,Puerto Rico,PR,Caguas
3465,Home Office,United States,CA,Santa Clara
9713,Home Office,United States,IL,Bolingbrook
11153,Consumer,Puerto Rico,PR,Caguas
6382,Corporate,Puerto Rico,PR,Caguas
9964,Consumer,United States,KY,Frankfort
8326,Home Office,United States,OR,Oregon City
10387,Corporate,United States,NY,New York
7478,Corporate,United States,NY,Buffalo
942,Consumer,Puerto Rico,PR,Caguas
2231,Home Office,United States,MO,Florissant
2211,Consumer,Puerto Rico,PR,Caguas
4041,Consumer,United States,WI,Madison
7529,Corporate,United States,CO,Denver
684,Corporate,United States,MI,Highland Park
12082,Consumer,Puerto Rico,PR,Caguas
11145,Consumer,United States,CA,Simi Valley
8527,Corporate,United States,FL,Orlando
8652,Corporate,United States,NY,Woodside
7564,Consumer,United States,GA,Powder Springs
1169,Corporate,United States,CA,Oxnard
8275,Corporate,United States,CA,Panorama City
9223,Consumer,Puerto Rico,PR,Caguas
9272,Home Office,Puerto Rico,PR,Caguas
11202,Home Office,United States,CA,Santa Cruz
1695,Corporate,United States,MN,Saint Paul
8977,Corporate,United States,OH,Elyria
5396,Home Office,Puerto Rico,PR,Caguas
8779,Home Office,United States,FL,Opa Locka
10230,Home Office,United States,TX,San Antonio
934,Corporate,Puerto Rico,PR,Caguas
7545,Consumer,Puerto Rico,PR,Caguas
3805,Corporate,United States,MA,Quincy
633,Home Office,Puerto Rico,PR,Caguas
7496,Home Office,Puerto Rico,PR,Caguas
11422,Home Office,United States,CA,Moreno Valley
3644,Corporate,Puerto Rico,PR,Caguas
5300,Consumer,United States,FL,Orlando
7065,Corporate,United States,KS,Olathe
8860,Consumer,United States,MI,Hamtramck
420,Consumer,United States,TX,Round Rock
4326,Consumer,United States,CA,Riverside
6570,Consumer,United States,OH,Mentor
7216,Consumer,United States,CA,Highland
7819,Consumer,United States,CA,Santa Ana
9354,Consumer,United States,GA,Roswell
6614,Consumer,United States,CA,Carmichael
4742,Consumer,United States,CA,Oceanside
6889,Consumer,United States,CA,Hanford
18272,Consumer,United States,CA,El Cajon
16458,Consumer,United States,TX,Garland
18406,Consumer,United States,NY,Tonawanda
2717,Consumer,United States,NY,Spring Valley
570,Consumer,United States,NY,Buffalo
831,Consumer,United States,IL,Crystal Lake
15744,Consumer,United States,VA,Annandale
15905,Consumer,United States,HI,Waipahu
20641,Consumer,United States,NC,Raleigh
18491,Consumer,United States,FL,Miami
5979,Consumer,United States,CA,Vista
17081,Consumer,United States,PA,Philadelphia
20131,Consumer,United States,LA,New Orleans
17109,Consumer,United States,OR,Bend
16194,Consumer,United States,UT,Salt Lake City
16189,Consumer,United States,CA,Fresno
11646,Consumer,United States,AZ,Phoenix
4763,Consumer,United States,WV,Martinsburg
18493,Consumer,United States,NC,Greensboro
3760,Consumer,United States,CA,Pico Rivera
1585,Consumer,United States,IA,Dubuque
17405,Consumer,United States,NY,Bronx
20377,Consumer,United States,CO,Aurora
8113,Consumer,United States,MA,Pittsfield
17833,Consumer,United States,OR,Portland
17210,Consumer,United States,GA,Stockbridge
16435,Consumer,United States,NY,Bronx
3560,Consumer,United States,OH,Sandusky
7122,Consumer,United States,NY,New York
12194,Consumer,United States,IL,Chicago
5377,Consumer,United States,OH,Middletown
4817,Consumer,United States,IL,Chicago
3222,Consumer,United States,NJ,Lakewood
11220,Consumer,United States,NJ,Passaic
4161,Consumer,United States,IL,Chicago
4101,Consumer,United States,NY,Yonkers
6096,Consumer,United States,CA,Sun Valley
1902,Consumer,United States,OH,Elyria
1157,Consumer,United States,OH,Hilliard
3330,Consumer,United States,MD,Hagerstown
11110,Consumer,United States,CA,Santa Ana
4393,Consumer,United States,TN,Columbia
7497,Consumer,United States,AZ,Chandler
6037,Consumer,United States,CA,Tulare
10355,Consumer,United States,MN,Saint Paul
449,Consumer,United States,OH,Columbus
3658,Consumer,United States,CA,Huntington Beach
2960,Consumer,United States,CT,Manchester
334,Consumer,United States,CA,Tracy
4658,Consumer,United States,WA,Seattle
2901,Consumer,United States,NY,Tonawanda
9762,Consumer,United States,CA,San Diego
2523,Consumer,United States,NY,Buffalo
6892,Consumer,United States,CA,Bakersfield
6397,Consumer,United States,OR,Oregon City
11131,Consumer,United States,NY,Brooklyn
9736,Consumer,United States,NV,Las Vegas
1949,Consumer,United States,DC,Washington
10663,Consumer,Puerto Rico,PR,Caguas
3612,Home Office,United States,CO,Aurora
11056,Corporate,United States,LA,Opelousas
3378,Consumer,Puerto Rico,PR,Caguas
7533,Corporate,Puerto Rico,PR,Caguas
8773,Consumer,Puerto Rico,PR,Caguas
8463,Home Office,United States,OR,Albany
8678,Corporate,United States,FL,Hialeah
10049,Home Office,United States,NM,Santa Fe
2434,Home Office,United States,NC,Fayetteville
948,Corporate,United States,MA,Lawrence
5629,Corporate,United States,AZ,Glendale
649,Corporate,United States,CA,Stockton
4797,Consumer,United States,CA,Pomona
1684,Home Office,Puerto Rico,PR,Caguas
6386,Corporate,United States,CA,Folsom
4056,Home Office,Puerto Rico,PR,Caguas
2241,Home Office,United States,IL,Bolingbrook
5438,Home Office,Puerto Rico,PR,Caguas
9673,Corporate,Puerto Rico,PR,Caguas
10664,Corporate,United States,CA,San Ramon
1025,Home Office,Puerto Rico,PR,Caguas
97,Corporate,United States,AZ,Phoenix
577,Consumer,Puerto Rico,PR,Caguas
9436,Home Office,Puerto Rico,PR,Caguas
2783,Home Office,United States,OH,Middletown
8815,Home Office,United States,FL,Pompano Beach
3997,Corporate,United States,NY,Brooklyn
2892,Corporate,United States,TX,San Antonio
946,Corporate,United States,CA,La Mesa
9540,Corporate,United States,CO,Aurora
2007,Consumer,United States,MI,Warren
5682,Home Office,United States,WA,Redmond
8580,Corporate,Puerto Rico,PR,Caguas
1999,Consumer,United States,NJ,Princeton
9845,Home Office,Puerto Rico,PR,Caguas
9308,Consumer,United States,IL,Chicago
8615,Corporate,United States,TX,San Antonio
10919,Home Office,United States,CA,San Marcos
7975,Corporate,United States,NJ,Wayne
1721,Corporate,United States,CA,Ventura
1160,Home Office,United States,CA,Los Angeles
274,Consumer,United States,TX,San Antonio
11463,Corporate,United States,TN,Murfreesboro
5024,Corporate,United States,NY,Flushing
6734,Home Office,United States,FL,Hialeah
3728,Consumer,United States,OH,Loveland
1115,Consumer,Puerto Rico,PR,Caguas
8969,Home Office,United States,TX,Carrollton
4757,Corporate,United States,LA,New Orleans
9040,Corporate,United States,KY,Bowling Green
359,Consumer,Puerto Rico,PR,Caguas
5941,Corporate,United States,OH,Newark
12118,Home Office,United States,FL,Orlando
328,Consumer,Puerto Rico,PR,Caguas
7207,Consumer,United States,DC,Washington
11688,Consumer,United States,MD,Germantown
5919,Home Office,United States,NY,Staten Island
4633,Home Office,Puerto Rico,PR,Caguas
2754,Home Office,United States,CA,Vacaville
8212,Home Office,United States,CA,Spring Valley
10899,Corporate,United States,CA,Encinitas
8768,Corporate,United States,MI,Hamtramck
12326,Home Office,United States,CA,Los Angeles
2906,Corporate,United States,CA,Gardena
856,Consumer,United States,CA,Fountain Valley
2715,Consumer,Puerto Rico,PR,Caguas
6403,Home Office,United States,CA,Modesto
10687,Corporate,United States,FL,Hialeah
4841,Consumer,Puerto Rico,PR,Caguas
11000,Corporate,United States,NY,Elmhurst
1584,Home Office,United States,FL,Miami
8462,Home Office,Puerto Rico,PR,Caguas
468,Consumer,Puerto Rico,PR,Caguas
2260,Home Office,Puerto Rico,PR,Caguas
10136,Consumer,Puerto Rico,PR,Caguas
5349,Home Office,Puerto Rico,PR,Caguas
5657,Consumer,United States,OH,Lakewood
10293,Consumer,United States,NY,Bronx
4328,Corporate,United States,OH,Elyria
8272,Consumer,Puerto Rico,PR,Caguas
8354,Corporate,Puerto Rico,PR,Caguas
6864,Corporate,Puerto Rico,PR,Caguas
13468,Home Office,Puerto Rico,PR,Caguas
1890,Home Office,Puerto Rico,PR,Caguas
16366,Home Office,Puerto Rico,PR,Caguas
7891,Home Office,Puerto Rico,PR,Caguas
12077,Home Office,Puerto Rico,PR,Caguas
2604,Home Office,Puerto Rico,PR,Caguas
2381,Home Office,Puerto Rico,PR,Caguas
12079,Home Office,Puerto Rico,PR,Caguas
1824,Home Office,Puerto Rico,PR,Caguas
10121,Home Office,Puerto Rico,PR,Caguas
10871,Home Office,Puerto Rico,PR,Caguas
10348,Home Office,Puerto Rico,PR,Caguas
2248,Home Office,Puerto Rico,PR,Caguas
10982,Home Office,Puerto Rico,PR,Caguas
7563,Home Office,Puerto Rico,PR,Caguas
19105,Home Office,Puerto Rico,PR,Caguas
6350,Home Office,Puerto Rico,PR,Caguas
354,Home Office,Puerto Rico,PR,Caguas
7361,Home Office,Puerto Rico,PR,Carolina
19882,Home Office,Puerto Rico,PR,Caguas
16380,Home Office,Puerto Rico,PR,Caguas
2481,Home Office,Puerto Rico,PR,Caguas
6275,Home Office,Puerto Rico,PR,Caguas
2903,Home Office,Puerto Rico,PR,Caguas
12434,Home Office,Puerto Rico,PR,Caguas
1429,Home Office,Puerto Rico,PR,Caguas
96,Home Office,Puerto Rico,PR,Caguas
14582,Home Office,Puerto Rico,PR,Caguas
14932,Home Office,Puerto Rico,PR,Caguas
6088,Home Office,Puerto Rico,PR,Caguas
12266,Home Office,Puerto Rico,PR,Caguas
10965,Home Office,Puerto Rico,PR,Caguas
12391,Home Office,Puerto Rico,PR,Caguas
2645,Home Office,Puerto Rico,PR,Caguas
7789,Home Office,Puerto Rico,PR,Caguas
13101,Home Office,Puerto Rico,PR,Caguas
13704,Home Office,Puerto Rico,PR,Caguas
8562,Home Office,Puerto Rico,PR,Caguas
994,Home Office,Puerto Rico,PR,Caguas
13827,Home Office,Puerto Rico,PR,Caguas
15065,Home Office,Puerto Rico,PR,Caguas
2279,Home Office,Puerto Rico,PR,Caguas
19116,Home Office,Puerto Rico,PR,Caguas
20535,Home Office,Puerto Rico,PR,Caguas
20750,Home Office,Puerto Rico,PR,Caguas
10658,Home Office,Puerto Rico,PR,Caguas
8535,Consumer,Puerto Rico,PR,Caguas
694,Consumer,United States,NY,Elmhurst
5389,Corporate,Puerto Rico,PR,Caguas
4931,Consumer,United States,FL,Tampa
11038,Corporate,United States,NJ,Newark
4728,Consumer,Puerto Rico,PR,Caguas
2538,Consumer,Puerto Rico,PR,Caguas
8715,Corporate,United States,NC,Apex
11392,Consumer,Puerto Rico,PR,Caguas
3144,Home Office,United States,FL,Hialeah
10959,Corporate,Puerto Rico,PR,Caguas
7278,Corporate,United States,AZ,Tucson
5336,Corporate,United States,FL,Lutz
6192,Consumer,Puerto Rico,PR,Caguas
2120,Consumer,United States,NY,Brooklyn
9069,Home Office,United States,PA,Carlisle
2916,Home Office,Puerto Rico,PR,Caguas
11859,Home Office,United States,AZ,Tucson
1957,Consumer,United States,IL,Chicago
3007,Corporate,United States,IL,Chicago
2382,Consumer,United States,NY,Bronx
1336,Home Office,United States,CA,San Diego
2188,Corporate,United States,CA,Tulare
12399,Corporate,United States,FL,Valrico
605,Home Office,United States,NY,Brooklyn
5226,Corporate,Puerto Rico,PR,Caguas
3915,Consumer,Puerto Rico,PR,Caguas
3598,Corporate,United States,AZ,Tucson
1923,Home Office,Puerto Rico,PR,Caguas
1618,Corporate,United States,PA,Philadelphia
12401,Consumer,United States,CA,Los Angeles
5931,Corporate,United States,CA,Compton
11494,Consumer,United States,IL,Joliet
7185,Corporate,United States,KS,Wichita
4789,Consumer,United States,OH,Medina
3608,Home Office,United States,NY,Brooklyn
5851,Consumer,United States,NY,Brooklyn
12069,Home Office,Puerto Rico,PR,Caguas
5786,Home Office,United States,WA,Sumner
3441,Consumer,United States,NY,Lockport
3965,Consumer,Puerto Rico,PR,Caguas
9729,Home Office,United States,DC,Washington
3153,Corporate,United States,TX,Grand Prairie
3129,Corporate,Puerto Rico,PR,Caguas
11771,Consumer,Puerto Rico,PR,Caguas
9074,Consumer,United States,CA,Gardena
6756,Home Office,United States,LA,Metairie
6320,Consumer,Puerto Rico,PR,Caguas
7335,Corporate,United States,OH,Lancaster
8042,Corporate,United States,NJ,Lakewood
447,Consumer,Puerto Rico,PR,Caguas
7754,Consumer,Puerto Rico,PR,Caguas
12279,Consumer,Puerto Rico,PR,Caguas
8728,Consumer,United States,NC,Raleigh
9468,Corporate,United States,OH,Loveland
5465,Corporate,United States,CA,Alameda
11816,Home Office,United States,NY,New York
928,Consumer,United States,NY,Brooklyn
1951,Consumer,Puerto Rico,PR,Caguas
9307,Corporate,United States,GA,Stone Mountain
6439,Corporate,United States,SC,Lancaster
4273,Home Office,United States,AZ,Tucson
4075,Consumer,Puerto Rico,PR,Caguas
4938,Consumer,United States,NJ,Jersey City
11744,Home Office,United States,NJ,West Orange
8353,Consumer,United States,HI,Mililani
562,Consumer,United States,CA,Tracy
6253,Consumer,Puerto Rico,PR,Caguas
7017,Corporate,Puerto Rico,PR,Caguas
344,Consumer,Puerto Rico,PR,Caguas
3923,Consumer,United States,NM,Albuquerque
2268,Home Office,United States,GA,Marietta
150,Corporate,United States,NJ,Union
6826,Home Office,United States,NY,Staten Island
136,Corporate,United States,MA,Lynn
9707,Corporate,United States,NY,Brooklyn
6101,Corporate,United States,CA,Los Angeles
8774,Consumer,United States,TX,Dallas
2076,Home Office,United States,OH,Hamilton
7674,Consumer,Puerto Rico,PR,Caguas
7455,Corporate,Puerto Rico,PR,Caguas
53,Corporate,United States,GA,Roswell
3460,Corporate,Puerto Rico,PR,Caguas
7558,Corporate,United States,NY,Bronx
11624,Corporate,Puerto Rico,PR,Caguas
11372,Corporate,United States,CA,Bakersfield
14173,Home Office,Puerto Rico,PR,Caguas
14715,Home Office,Puerto Rico,PR,Caguas
12674,Home Office,Puerto Rico,PR,Caguas
9135,Home Office,Puerto Rico,PR,Caguas
11423,Home Office,Puerto Rico,PR,Caguas
17733,Home Office,Puerto Rico,PR,Caguas
17409,Home Office,Puerto Rico,PR,Caguas
18504,Home Office,Puerto Rico,PR,Caguas
16186,Home Office,Puerto Rico,PR,Caguas
15157,Home Office,Puerto Rico,PR,Caguas
17149,Home Office,Puerto Rico,PR,Caguas
16143,Home Office,Puerto Rico,PR,Caguas
17070,Home Office,Puerto Rico,PR,Caguas
17141,Home Office,Puerto Rico,PR,Caguas
6871,Home Office,Puerto Rico,PR,Caguas
8318,Home Office,Puerto Rico,PR,Caguas
301,Home Office,Puerto Rico,PR,Caguas
13735,Home Office,Puerto Rico,PR,Caguas
12672,Home Office,Puerto Rico,PR,Caguas
3269,Home Office,Puerto Rico,PR,Caguas
10313,Corporate,United States,MN,Saint Paul
2014,Consumer,Puerto Rico,PR,Caguas
9547,Corporate,United States,CA,Los Angeles
6722,Corporate,United States,IL,Normal
7380,Consumer,Puerto Rico,PR,Caguas
4620,Consumer,Puerto Rico,PR,Caguas
7364,Consumer,Puerto Rico,PR,Caguas
9274,Corporate,United States,TN,Murfreesboro
1539,Corporate,United States,MO,Saint Louis
11092,Corporate,United States,NY,Rochester
9682,Corporate,Puerto Rico,PR,Caguas
822,Corporate,United States,CA,Rowland Heights
11677,Home Office,United States,AZ,Phoenix
3506,Home Office,United States,AZ,Phoenix
3500,Home Office,United States,CA,Escondido
4224,Corporate,United States,NY,Brooklyn
12363,Consumer,Puerto Rico,PR,Caguas
1164,Corporate,United States,OH,Elyria
4539,Corporate,United States,TX,Houston
2516,Consumer,Puerto Rico,PR,Caguas
7098,Consumer,United States,IL,Chicago
8637,Corporate,Puerto Rico,PR,Caguas
8162,Corporate,United States,TX,Fort Worth
4899,Consumer,Puerto Rico,PR,Caguas
12300,Consumer,United States,GA,Roswell
11697,Corporate,United States,CA,Laguna Niguel
12314,Consumer,Puerto Rico,PR,Caguas
9411,Home Office,United States,NY,Huntington Station
7338,Corporate,United States,CA,Santee
7056,Consumer,Puerto Rico,PR,Caguas
7320,Corporate,United States,KS,Salina
1357,Corporate,United States,CA,Stockton
730,Corporate,United States,NY,Bronx
19896,Consumer,Puerto Rico,PR,Caguas
17881,Consumer,Puerto Rico,PR,Caguas
5101,Consumer,Puerto Rico,PR,Caguas
9630,Consumer,Puerto Rico,PR,Caguas
9390,Consumer,Puerto Rico,PR,Caguas
3055,Consumer,Puerto Rico,PR,Caguas
961,Consumer,Puerto Rico,PR,Caguas
10757,Consumer,Puerto Rico,PR,Caguas
11657,Consumer,Puerto Rico,PR,Caguas
6128,Consumer,Puerto Rico,PR,Caguas
12479,Consumer,Puerto Rico,PR,Caguas
13291,Consumer,Puerto Rico,PR,Caguas
12921,Consumer,Puerto Rico,PR,Caguas
13344,Consumer,Puerto Rico,PR,Caguas
18307,Consumer,Puerto Rico,PR,Caguas
7341,Consumer,Puerto Rico,PR,Caguas
20083,Consumer,Puerto Rico,PR,Caguas
16192,Consumer,Puerto Rico,PR,Caguas
4243,Consumer,Puerto Rico,PR,Caguas
14551,Consumer,Puerto Rico,PR,Caguas
13787,Consumer,Puerto Rico,PR,Caguas
16231,Consumer,Puerto Rico,PR,Caguas
899,Consumer,Puerto Rico,PR,Caguas
19833,Consumer,Puerto Rico,PR,Juana Diaz
20565,Consumer,Puerto Rico,PR,Caguas
7681,Consumer,Puerto Rico,PR,Caguas
20680,Consumer,Puerto Rico,PR,Caguas
171,Consumer,Puerto Rico,PR,Caguas
1948,Consumer,Puerto Rico,PR,Caguas
9020,Consumer,Puerto Rico,PR,Bayamon
9123,Consumer,Puerto Rico,PR,Caguas
2998,Consumer,Puerto Rico,PR,Caguas
14883,Consumer,Puerto Rico,PR,Caguas
7007,Consumer,Puerto Rico,PR,Caguas
12715,Consumer,Puerto Rico,PR,Bayamon
13308,Consumer,Puerto Rico,PR,Caguas
14127,Consumer,Puerto Rico,PR,Caguas
14754,Consumer,Puerto Rico,PR,Caguas
14858,Consumer,Puerto Rico,PR,San Juan
506,Consumer,Puerto Rico,PR,Caguas
10902,Consumer,Puerto Rico,PR,Caguas
8645,Consumer,Puerto Rico,PR,Caguas
9204,Consumer,Puerto Rico,PR,Caguas
10403,Consumer,Puerto Rico,PR,Caguas
17371,Consumer,Puerto Rico,PR,Caguas
18469,Consumer,Puerto Rico,PR,Caguas
15320,Consumer,Puerto Rico,PR,Caguas
18668,Consumer,Puerto Rico,PR,Caguas
19878,Consumer,Puerto Rico,PR,Caguas
16159,Consumer,Puerto Rico,PR,Humacao
18075,Consumer,Puerto Rico,PR,Caguas
10191,Consumer,Puerto Rico,PR,Caguas
17914,Consumer,Puerto Rico,PR,Caguas
18290,Consumer,Puerto Rico,PR,Caguas
15605,Consumer,Puerto Rico,PR,Caguas
15388,Consumer,Puerto Rico,PR,Caguas
15315,Consumer,Puerto Rico,PR,Caguas
18960,Consumer,Puerto Rico,PR,Caguas
4589,Consumer,Puerto Rico,PR,Caguas
9173,Consumer,Puerto Rico,PR,Caguas
3381,Home Office,United States,OR,Portland
10180,Home Office,United States,CT,Middletown
8783,Home Office,United States,CA,Buena Park
11847,Home Office,United States,NC,Charlotte
14735,Home Office,United States,AZ,Phoenix
11185,Home Office,United States,NY,Bronx
11391,Home Office,United States,PA,Philadelphia
2216,Home Office,United States,CA,Fremont
19107,Home Office,United States,CA,Los Angeles
16610,Home Office,United States,CA,San Francisco
19172,Home Office,United States,IL,Wheaton
4099,Home Office,United States,NY,Flushing
4961,Home Office,United States,FL,Opa Locka
2215,Home Office,United States,CA,Hayward
17764,Home Office,United States,FL,Valrico
16095,Home Office,United States,PA,Philadelphia
20003,Home Office,United States,NC,Asheboro
18532,Home Office,United States,CA,Antioch
20341,Home Office,United States,CA,San Diego
19872,Home Office,United States,IL,Chicago
17401,Home Office,United States,TX,Baytown
9134,Home Office,United States,CA,Fresno
78,Home Office,United States,MD,Parkville
4264,Home Office,United States,IL,Chicago
4690,Home Office,United States,NV,Las Vegas
2761,Home Office,United States,MI,Taylor
9122,Home Office,United States,NV,Las Vegas
995,Home Office,United States,IN,Richmond
5451,Home Office,United States,IL,Chicago
153,Home Office,United States,FL,Hollywood
10342,Home Office,United States,CA,Ontario
1363,Home Office,United States,DC,Washington
3866,Home Office,United States,FL,Jacksonville
14497,Home Office,United States,TN,Memphis
8131,Home Office,United States,NY,Massapequa
11491,Home Office,United States,VA,Virginia Beach
14906,Home Office,United States,CA,Los Angeles
10143,Home Office,United States,NY,Freeport
16442,Home Office,United States,NJ,Clementon
20569,Home Office,United States,NY,Jackson Heights
12985,Home Office,United States,TX,Sugar Land
14689,Home Office,United States,TN,Memphis
9545,Home Office,United States,CA,La Mirada
13614,Home Office,United States,FL,Hialeah
14901,Home Office,United States,CA,Diamond Bar
13630,Home Office,United States,CA,Riverside
14008,Home Office,United States,AZ,Yuma
9878,Home Office,United States,CA,Van Nuys
9742,Home Office,United States,NY,New York
6619,Home Office,United States,CA,San Diego
5577,Home Office,United States,CA,Modesto
459,Home Office,United States,NC,Sanford
20388,Home Office,United States,MI,Dearborn
19838,Home Office,United States,CA,Santa Cruz
18836,Home Office,United States,CA,Upland
18366,Home Office,United States,NY,Brooklyn
17732,Home Office,United States,HI,Honolulu
16045,Home Office,United States,FL,Hollywood
15558,Home Office,United States,GA,Augusta
16272,Home Office,United States,VA,Chesapeake
12025,Home Office,United States,CA,San Diego
12556,Home Office,United States,NY,Bronx
14394,Home Office,United States,PA,Lancaster
18680,Home Office,United States,FL,Pompano Beach
19888,Home Office,United States,NY,New York
15422,Home Office,United States,IL,Chicago
17524,Home Office,United States,OH,Reynoldsburg
10369,Home Office,United States,AZ,Tucson
12473,Home Office,United States,VA,Norfolk
19034,Home Office,United States,CA,Pacoima
13151,Home Office,United States,IA,Dubuque
12779,Home Office,United States,TX,San Antonio
15121,Home Office,United States,WI,La Crosse
16553,Home Office,United States,NC,Raleigh
16359,Home Office,United States,NM,Albuquerque
19850,Home Office,United States,IL,Chicago
16135,Home Office,United States,CA,La Habra
18613,Home Office,United States,CA,Goleta
20659,Home Office,United States,HI,Waipahu
18587,Home Office,United States,NV,Las Vegas
2342,Home Office,United States,DC,Washington
14268,Consumer,Puerto Rico,PR,Caguas
18907,Consumer,Puerto Rico,PR,Caguas
13889,Consumer,Puerto Rico,PR,Caguas
19212,Consumer,Puerto Rico,PR,Caguas
18390,Consumer,Puerto Rico,PR,Caguas
15407,Consumer,Puerto Rico,PR,Caguas
3472,Consumer,Puerto Rico,PR,Caguas
14328,Consumer,Puerto Rico,PR,Caguas
8497,Consumer,Puerto Rico,PR,Caguas
10044,Consumer,Puerto Rico,PR,Caguas
17362,Consumer,Puerto Rico,PR,Caguas
15358,Consumer,Puerto Rico,PR,Caguas
19020,Consumer,Puerto Rico,PR,Guayama
15149,Consumer,Puerto Rico,PR,Caguas
1216,Consumer,Puerto Rico,PR,Caguas
13313,Consumer,Puerto Rico,PR,Caguas
14887,Consumer,Puerto Rico,PR,Caguas
12956,Consumer,Puerto Rico,PR,Caguas
16507,Consumer,Puerto Rico,PR,Caguas
18763,Consumer,Puerto Rico,PR,Caguas
20596,Consumer,Puerto Rico,PR,Caguas
15578,Consumer,Puerto Rico,PR,Caguas
15352,Consumer,Puerto Rico,PR,Caguas
11726,Consumer,Puerto Rico,PR,Caguas
18847,Consumer,Puerto Rico,PR,Toa Alta
9097,Consumer,Puerto Rico,PR,Caguas
19890,Consumer,Puerto Rico,PR,Caguas
2300,Corporate,Puerto Rico,PR,Caguas
1925,Consumer,United States,CA,Moreno Valley
5376,Home Office,Puerto Rico,PR,Caguas
6934,Corporate,United States,OH,Middletown
7416,Corporate,United States,OH,Sandusky
1616,Corporate,United States,NY,Endicott
10671,Corporate,United States,CA,Long Beach
11083,Corporate,United States,NM,Las Cruces
1394,Corporate,United States,NV,North Las Vegas
12724,Home Office,Puerto Rico,PR,San Juan
16132,Home Office,Puerto Rico,PR,Caguas
17894,Home Office,Puerto Rico,PR,Caguas
5269,Consumer,Puerto Rico,PR,Caguas
10694,Consumer,Puerto Rico,PR,Caguas
8801,Consumer,United States,CA,Livermore
3344,Consumer,United States,VA,Virginia Beach
12165,Corporate,Puerto Rico,PR,Caguas
6501,Consumer,United States,OH,Fairfield
19479,Corporate,United States,MA,Peabody
19459,Consumer,United States,TX,Dallas
13196,Consumer,Puerto Rico,PR,Caguas
14508,Consumer,Puerto Rico,PR,Caguas
4104,Consumer,United States,IL,Pekin
8696,Corporate,United States,DC,Washington
5088,Corporate,United States,CA,Oceanside
19424,Consumer,United States,UT,Provo
19412,Corporate,Puerto Rico,PR,Caguas
19411,Corporate,United States,IL,Chicago
19406,Consumer,Puerto Rico,PR,Caguas
19395,Home Office,United States,CA,Mission Viejo
19370,Corporate,Puerto Rico,PR,Caguas
19363,Consumer,United States,OH,Columbus
18007,Corporate,United States,MD,Baltimore
17747,Corporate,United States,NY,Spring Valley
4627,Corporate,United States,IL,Arlington Heights
19333,Consumer,United States,HI,Honolulu
19316,Corporate,Puerto Rico,PR,Caguas
19315,Consumer,United States,CA,Compton
19310,Consumer,Puerto Rico,PR,Arecibo
19305,Consumer,United States,HI,Waipahu
19303,Consumer,United States,AZ,Tucson
19301,Home Office,United States,CA,Carmichael
19297,Corporate,United States,OH,Loveland
16773,Consumer,Puerto Rico,PR,Caguas
16766,Home Office,Puerto Rico,PR,Caguas
16751,Home Office,Puerto Rico,PR,Caguas
16710,Corporate,Puerto Rico,PR,Caguas
16705,Consumer,United States,CA,Tustin
16658,Home Office,United States,WI,Beloit
16654,Home Office,Puerto Rico,PR,Caguas
14684,Home Office,Puerto Rico,PR,Caguas
13208,Home Office,Puerto Rico,PR,Caguas
13665,Consumer,Puerto Rico,PR,Caguas
2465,Consumer,United States,CA,Diamond Bar
12286,Consumer,United States,MD,Baltimore
14745,Corporate,Puerto Rico,PR,Caguas
8202,Consumer,United States,MA,Brighton
18519,Corporate,United States,TX,Austin
20663,Corporate,United States,PA,York
8714,Corporate,United States,MD,Germantown
15500,Corporate,United States,CA,Hacienda Heights
10666,Corporate,United States,CA,Anaheim
7268,Corporate,United States,CA,Davis
8650,Corporate,United States,NY,Buffalo
6967,Corporate,United States,CA,Oceanside
8508,Corporate,United States,LA,New Orleans
16647,Consumer,Puerto Rico,PR,Caguas
7832,Corporate,United States,IL,Chicago
12445,Home Office,Puerto Rico,PR,Caguas
18408,Home Office,Puerto Rico,PR,Caguas
1330,Consumer,Puerto Rico,PR,Caguas
18123,Consumer,Puerto Rico,PR,Caguas
16568,Consumer,Puerto Rico,PR,Caguas
20543,Consumer,Puerto Rico,PR,Caguas
17909,Consumer,Puerto Rico,PR,Caguas
16023,Consumer,Puerto Rico,PR,Caguas
17829,Corporate,Puerto Rico,PR,Caguas
6384,Corporate,Puerto Rico,PR,Caguas
12536,Corporate,Puerto Rico,PR,Caguas
6726,Corporate,Puerto Rico,PR,Caguas
8087,Corporate,Puerto Rico,PR,Caguas
7816,Corporate,Puerto Rico,PR,Caguas
10204,Corporate,United States,CA,Modesto
18946,Corporate,United States,VA,Chesapeake
16256,Corporate,United States,OR,Beaverton
15155,Corporate,United States,CA,Palmdale
16146,Corporate,United States,MO,Springfield
18953,Corporate,United States,NM,Albuquerque
17049,Corporate,United States,NY,Brooklyn
20064,Corporate,United States,CA,Fremont
20280,Corporate,United States,PA,Philadelphia
19177,Corporate,United States,MA,Dorchester Center
17978,Corporate,United States,CA,Los Angeles
6798,Consumer,United States,MD,Gaithersburg
6727,Corporate,United States,NY,Ridgewood
2844,Corporate,United States,NC,Greenville
10088,Corporate,United States,OH,Grove City
3639,Corporate,United States,AZ,Tempe
8558,Corporate,United States,UT,West Jordan
2071,Corporate,United States,CA,Los Angeles
3421,Corporate,Puerto Rico,PR,Caguas
14986,Consumer,United States,IL,Elgin
19084,Consumer,United States,TX,Austin
18982,Consumer,United States,AZ,Tucson
5993,Consumer,United States,CA,Carson
2261,Home Office,Puerto Rico,PR,Aguadilla
20088,Home Office,Puerto Rico,PR,Caguas
18919,Home Office,Puerto Rico,PR,Caguas
20212,Home Office,Puerto Rico,PR,Caguas
17504,Consumer,Puerto Rico,PR,Caguas
19268,Corporate,Puerto Rico,PR,Caguas
14817,Corporate,Puerto Rico,PR,Caguas
14862,Corporate,Puerto Rico,PR,Caguas
5466,Corporate,Puerto Rico,PR,Caguas
3596,Corporate,Puerto Rico,PR,Caguas
16531,Corporate,Puerto Rico,PR,Caguas
9582,Corporate,United States,OH,Cleveland
8538,Corporate,United States,TX,Laredo
7647,Corporate,United States,MI,Muskegon
9994,Corporate,United States,CA,Encinitas
2246,Corporate,United States,CA,Ontario
8620,Corporate,United States,PA,Philadelphia
1189,Corporate,United States,MI,Detroit
4170,Corporate,United States,TX,Amarillo
4250,Corporate,United States,TX,Dallas
2424,Consumer,United States,FL,Jacksonville
14811,Consumer,United States,NY,Bronx
13736,Consumer,United States,TX,Mission
1870,Corporate,United States,TX,Amarillo
3609,Corporate,United States,FL,Hollywood
2839,Corporate,United States,GA,Stockbridge
3310,Corporate,United States,IL,Glenview
2184,Corporate,United States,CA,Hollister
15101,Home Office,Puerto Rico,PR,Trujillo Alto
18902,Home Office,Puerto Rico,PR,Caguas
17946,Home Office,Puerto Rico,PR,Caguas
20153,Home Office,Puerto Rico,PR,Caguas
15423,Home Office,Puerto Rico,PR,Caguas
17628,Home Office,Puerto Rico,PR,Caguas
15012,Home Office,Puerto Rico,PR,Caguas
14628,Consumer,Puerto Rico,PR,Caguas
13056,Consumer,Puerto Rico,PR,Caguas
13233,Consumer,Puerto Rico,PR,Caguas
13430,Consumer,Puerto Rico,PR,Caguas
13043,Consumer,Puerto Rico,PR,Caguas
1706,Consumer,Puerto Rico,PR,Caguas
3774,Consumer,Puerto Rico,PR,Caguas
8798,Consumer,Puerto Rico,PR,Caguas
14128,Consumer,Puerto Rico,PR,Mayaguez
10000,Consumer,Puerto Rico,PR,Caguas
8261,Corporate,United States,TX,Dallas
1332,Corporate,United States,MD,Baltimore
10781,Corporate,United States,FL,Hialeah
8453,Corporate,United States,VA,Virginia Beach
261,Corporate,United States,CA,Cerritos
9843,Corporate,United States,CA,Hayward
11807,Corporate,United States,GA,Marietta
11821,Corporate,United States,NY,Bronx
3892,Corporate,United States,IL,Waukegan
8154,Consumer,United States,CA,Mission Viejo
2348,Consumer,United States,TX,El Paso
8496,Consumer,United States,NY,South Ozone Park
12819,Consumer,United States,CA,Huntington Beach
13595,Consumer,United States,GA,Stone Mountain
6642,Consumer,United States,MO,Florissant
13239,Consumer,United States,FL,Miami
13252,Consumer,United States,FL,Miami
14679,Consumer,United States,WA,Redmond
643,Consumer,United States,LA,New Orleans
13200,Corporate,United States,HI,Mililani
14430,Corporate,United States,OH,Cleveland
12458,Consumer,United States,NJ,North Bergen
2659,Consumer,United States,MD,Glen Burnie
16579,Consumer,United States,NV,Reno
2264,Consumer,United States,CA,Laguna Niguel
19903,Consumer,United States,CA,Stockton
19068,Consumer,United States,IL,Waukegan
16587,Consumer,Puerto Rico,PR,Caguas
16399,Consumer,Puerto Rico,PR,Caguas
16398,Consumer,Puerto Rico,PR,Caguas
19091,Consumer,Puerto Rico,PR,Caguas
18496,Consumer,Puerto Rico,PR,Caguas
18490,Consumer,Puerto Rico,PR,Caguas
18274,Consumer,Puerto Rico,PR,Caguas
15958,Consumer,Puerto Rico,PR,Caguas
15440,Consumer,Puerto Rico,PR,Caguas
18648,Consumer,Puerto Rico,PR,Caguas
19984,Consumer,Puerto Rico,PR,Caguas
20180,Consumer,Puerto Rico,PR,Caguas
19874,Consumer,Puerto Rico,PR,Caguas
14435,Corporate,United States,NJ,Princeton
13912,Corporate,United States,HI,Ewa Beach
1745,Corporate,United States,CA,Rowland Heights
11932,Corporate,United States,OK,Lawton
18774,Corporate,United States,CA,Ontario
20693,Corporate,United States,MI,Howell
17134,Corporate,United States,OH,Reynoldsburg
13466,Corporate,United States,CO,Colorado Springs
7526,Corporate,United States,FL,Jacksonville
7372,Corporate,United States,OH,Marion
5628,Corporate,Puerto Rico,PR,Caguas
2598,Corporate,Puerto Rico,PR,Caguas
12303,Corporate,Puerto Rico,PR,Caguas
13096,Corporate,Puerto Rico,PR,Caguas
12591,Corporate,Puerto Rico,PR,Caguas
5498,Corporate,Puerto Rico,PR,Caguas
18228,Corporate,Puerto Rico,PR,Caguas
15503,Corporate,Puerto Rico,PR,Caguas
15290,Corporate,Puerto Rico,PR,Caguas
6414,Corporate,Puerto Rico,PR,Ponce
13246,Corporate,United States,NV,Las Vegas
13353,Corporate,United States,IL,Palatine
13981,Corporate,United States,CA,Fontana
2990,Corporate,United States,CA,Los Angeles
20690,Corporate,United States,MI,Mount Pleasant
20449,Corporate,United States,IL,Aurora
6808,Corporate,United States,NY,Endicott
5595,Corporate,United States,CA,Spring Valley
12510,Corporate,United States,NC,Jacksonville
17294,Corporate,United States,CA,Laguna Niguel
13962,Corporate,United States,NY,Brooklyn
16052,Corporate,United States,IL,Chicago
20564,Corporate,United States,MD,Silver Spring
17091,Corporate,United States,TN,Memphis
15239,Corporate,United States,OR,Portland
6298,Consumer,United States,CA,Sun Valley
12404,Corporate,Puerto Rico,PR,Caguas
3449,Consumer,United States,CA,Cupertino
13806,Consumer,United States,MI,Highland Park
4753,Consumer,United States,MO,Saint Louis
5555,Consumer,United States,IL,Joliet
15785,Consumer,United States,CA,San Diego
17304,Consumer,United States,CA,South El Monte
18361,Consumer,United States,CA,Fountain Valley
18647,Consumer,United States,MI,Jackson
17591,Consumer,United States,NJ,Jersey City
20099,Consumer,United States,MD,Hyattsville
19826,Consumer,United States,TX,San Antonio
13600,Consumer,United States,OH,Elyria
13120,Consumer,United States,MI,Highland Park
13481,Consumer,United States,NY,Huntington Station
14036,Consumer,United States,CA,El Cajon
11360,Consumer,United States,DC,Washington
560,Consumer,United States,VA,Richmond
19940,Consumer,United States,CA,Los Angeles
17893,Consumer,United States,IN,Crown Point
15740,Consumer,United States,IL,Chicago
17856,Consumer,United States,CA,San Ramon
19987,Consumer,United States,IL,Chicago
18938,Consumer,United States,NJ,Lakewood
16268,Consumer,United States,IL,Aurora
17788,Consumer,United States,AZ,Phoenix
4254,Consumer,United States,NY,South Richmond Hill
14465,Consumer,United States,CA,San Diego
13178,Consumer,United States,CA,Santa Maria
13831,Consumer,United States,CA,Santa Ana
13577,Consumer,United States,MI,Howell
13844,Consumer,United States,IL,Chicago
14478,Corporate,Puerto Rico,PR,Caguas
13546,Corporate,Puerto Rico,PR,Caguas
8062,Corporate,Puerto Rico,PR,Caguas
15515,Corporate,Puerto Rico,PR,Caguas
5967,Corporate,Puerto Rico,PR,Caguas
14458,Corporate,Puerto Rico,PR,Caguas
14083,Corporate,Puerto Rico,PR,Caguas
14427,Corporate,Puerto Rico,PR,Caguas
10878,Corporate,Puerto Rico,PR,Caguas
17899,Corporate,Puerto Rico,PR,Caguas
16612,Corporate,Puerto Rico,PR,Caguas
17937,Corporate,Puerto Rico,PR,Caguas
15476,Corporate,Puerto Rico,PR,Caguas
18945,Corporate,Puerto Rico,PR,Caguas
16125,Corporate,Puerto Rico,PR,San Juan
15992,Corporate,Puerto Rico,PR,Caguas
179,Consumer,United States,CA,Los Angeles
8441,Consumer,United States,CA,North Hollywood
17626,Consumer,United States,AZ,Yuma
18415,Consumer,United States,CA,Placentia
10915,Consumer,United States,MA,Dorchester Center
17847,Consumer,United States,IL,Harvey
19992,Consumer,United States,NY,Brooklyn
13470,Consumer,United States,CA,Merced
13060,Consumer,United States,CA,Oceanside
19064,Consumer,United States,CA,Fontana
16289,Consumer,United States,NY,South Richmond Hill
8164,Corporate,United States,TX,Carrollton
13949,Corporate,United States,CA,North Hills
157,Corporate,United States,CA,Citrus Heights
18268,Corporate,United States,NY,Brooklyn
17327,Corporate,United States,CA,Long Beach
20464,Corporate,United States,NV,Las Vegas
18877,Corporate,United States,MO,Columbia
17951,Corporate,United States,IL,Chicago
15416,Corporate,United States,GA,Marietta
20165,Corporate,United States,NY,South Ozone Park
14136,Corporate,United States,CA,Los Angeles
6062,Corporate,United States,GA,Marietta
14304,Corporate,United States,NY,Far Rockaway
15975,Corporate,United States,DC,Washington
18698,Corporate,United States,OR,Salem
17598,Corporate,United States,TN,Memphis
20000,Corporate,United States,CA,Modesto
7671,Corporate,Puerto Rico,PR,Caguas
19757,Home Office,Puerto Rico,PR,Caguas
19709,Consumer,United States,CA,Citrus Heights
19683,Corporate,United States,MA,Methuen
19669,Consumer,United States,WI,La Crosse
19649,Home Office,United States,AZ,Phoenix
19629,Corporate,Puerto Rico,PR,Caguas
19623,Home Office,United States,PA,Philadelphia
19615,Home Office,Puerto Rico,PR,Caguas
19609,Home Office,United States,MD,Baltimore
19594,Consumer,United States,GA,Duluth
19592,Consumer,United States,CA,Long Beach
19574,Home Office,United States,NJ,North Bergen
19572,Home Office,United States,NJ,West New York
19537,Corporate,United States,NY,Ithaca
19529,Consumer,Puerto Rico,PR,Caguas
19527,Consumer,Puerto Rico,PR,Caguas
19525,Consumer,Puerto Rico,PR,Caguas
19498,Consumer,United States,IL,Carol Stream
16998,Consumer,United States,CA,Carson
16993,Consumer,Puerto Rico,PR,Caguas
16961,Consumer,Puerto Rico,PR,Caguas
16951,Consumer,Puerto Rico,PR,Caguas
16933,Consumer,Puerto Rico,PR,Caguas
16916,Consumer,Puerto Rico,PR,Vega Baja
16903,Corporate,Puerto Rico,PR,Caguas
16900,Corporate,United States,TX,Amarillo
16876,Consumer,Puerto Rico,PR,Caguas
16874,Home Office,Puerto Rico,PR,Caguas
16871,Corporate,United States,MI,Roseville
16870,Consumer,United States,CA,Bellflower
16862,Consumer,United States,TX,Dallas
16854,Consumer,Puerto Rico,PR,Caguas
16853,Home Office,United States,NY,Rochester
16835,Consumer,United States,VA,Virginia Beach
16799,Consumer,Puerto Rico,PR,Caguas
718,Consumer,Puerto Rico,PR,Caguas
2981,Home Office,United States,CA,Moreno Valley
12475,Consumer,Puerto Rico,PR,Caguas
17266,Consumer,Puerto Rico,PR,Caguas
15187,Consumer,Puerto Rico,PR,Caguas
12744,Corporate,United States,NY,South Ozone Park
14023,Corporate,United States,MI,Dearborn
12634,Corporate,United States,PA,Lancaster
16420,Corporate,United States,WA,Kent
2326,Consumer,United States,IL,Chicago
14934,Home Office,United States,OR,Salem
8630,Home Office,United States,CA,Sacramento
16555,Home Office,United States,CA,Santa Ana
19100,Home Office,United States,NJ,Bridgeton
13114,Home Office,United States,TX,Amarillo
18189,Home Office,United States,OH,Cleveland
20621,Home Office,United States,GA,Stockbridge
14139,Consumer,United States,AL,Birmingham
14244,Consumer,United States,MT,Billings
18229,Consumer,United States,NY,New York
18767,Consumer,United States,NC,Chapel Hill
20385,Consumer,United States,IA,Dubuque
15228,Consumer,United States,MA,Plymouth
20218,Consumer,United States,FL,Orange Park
20175,Consumer,United States,AZ,Tempe
18451,Corporate,Puerto Rico,PR,Caguas
19162,Corporate,Puerto Rico,PR,Caguas
18070,Corporate,Puerto Rico,PR,Caguas
18386,Corporate,Puerto Rico,PR,Caguas
17391,Corporate,Puerto Rico,PR,Caguas
17203,Corporate,Puerto Rico,PR,Caguas
15067,Corporate,United States,NY,Ithaca
1878,Corporate,United States,CA,San Diego
14487,Corporate,United States,PA,Philadelphia
17285,Corporate,United States,PA,Philadelphia
17760,Corporate,United States,NY,Brooklyn
13180,Corporate,United States,CA,North Hollywood
14152,Corporate,United States,TX,Houston
16593,Corporate,United States,CA,Garden Grove
16427,Corporate,United States,NJ,Morristown
8596,Corporate,United States,MI,Canton
4058,Consumer,United States,CA,San Jose
14237,Consumer,United States,CO,Englewood
13432,Consumer,United States,TX,Austin
14409,Consumer,United States,WA,Kent
14337,Consumer,United States,IL,Chicago
13065,Consumer,United States,CA,Van Nuys
14455,Consumer,United States,NY,Brooklyn
14017,Consumer,United States,MO,Saint Louis
13747,Consumer,United States,PA,West Chester
14704,Consumer,United States,GA,Marietta
12783,Consumer,United States,TX,Dallas
14791,Consumer,United States,TX,Katy
11009,Consumer,United States,WA,Federal Way
12619,Consumer,United States,CA,Hayward
15039,Consumer,United States,CA,Costa Mesa
12851,Consumer,United States,CA,San Diego
14667,Corporate,United States,MO,Florissant
13790,Corporate,United States,LA,Opelousas
14246,Corporate,United States,CA,Antioch
14852,Corporate,United States,TX,Houston
18917,Corporate,United States,TX,Garland
15886,Corporate,United States,CA,Diamond Bar
15141,Corporate,United States,PA,Hanover
17064,Corporate,United States,FL,Fort Lauderdale
17033,Corporate,United States,PA,Lancaster
16386,Corporate,United States,PA,York
17648,Corporate,United States,CA,Milpitas
20403,Corporate,United States,CA,El Centro
15990,Corporate,United States,CA,Los Angeles
17508,Corporate,United States,NV,Las Vegas
16506,Corporate,United States,NJ,Bridgeton
12637,Consumer,United States,FL,Jacksonville
12086,Consumer,United States,CA,El Monte
9054,Consumer,United States,DC,Washington
18083,Consumer,United States,WA,Kent
16451,Consumer,United States,CA,Rancho Cucamonga
15786,Consumer,United States,OH,Loveland
18033,Consumer,United States,WI,Sheboygan
18514,Consumer,United States,NY,Bay Shore
20604,Consumer,United States,NJ,Lakewood
17643,Consumer,United States,IL,Chicago
20576,Consumer,United States,NY,Bronx
18731,Consumer,United States,FL,Hollywood
17558,Consumer,United States,MI,Mount Pleasant
16379,Consumer,United States,MA,Lawrence
19943,Consumer,United States,MI,Saginaw
18599,Consumer,United States,UT,West Jordan
9651,Consumer,United States,OR,Bend
3824,Consumer,United States,UT,Salt Lake City
13268,Corporate,Puerto Rico,PR,Caguas
14187,Corporate,Puerto Rico,PR,Caguas
12594,Corporate,Puerto Rico,PR,Caguas
12892,Corporate,Puerto Rico,PR,Caguas
17684,Corporate,Puerto Rico,PR,Caguas
15563,Corporate,Puerto Rico,PR,Caguas
13687,Corporate,Puerto Rico,PR,Caguas
17779,Corporate,Puerto Rico,PR,Caguas
18868,Corporate,Puerto Rico,PR,Caguas
18114,Consumer,United States,IL,Chicago
19175,Consumer,United States,NJ,West Orange
19155,Consumer,United States,ID,Meridian
19129,Consumer,United States,NY,Flushing
15736,Consumer,United States,TN,Hendersonville
15879,Consumer,United States,IN,West Lafayette
18839,Consumer,United States,NJ,Lakewood
20734,Consumer,United States,FL,Miami
18407,Consumer,United States,SC,Columbia
16067,Consumer,United States,TX,Laredo
18524,Consumer,United States,CA,Montebello
20615,Consumer,United States,TX,Dallas
20754,Consumer,United States,IL,Plainfield
15340,Consumer,United States,AZ,Mesa
17605,Consumer,United States,CA,Pomona
17601,Consumer,United States,MI,Mount Pleasant
16260,Consumer,United States,UT,Salt Lake City
20041,Consumer,United States,OR,Portland
19930,Consumer,United States,GA,Roswell
16378,Consumer,United States,CA,Los Angeles
20160,Consumer,United States,OH,Fairfield
18025,Consumer,United States,MN,Saint Paul
2098,Consumer,United States,NC,Raleigh
20609,Consumer,United States,CA,Hayward
18607,Consumer,United States,IL,Chicago
17813,Consumer,United States,OH,Middletown
16374,Consumer,United States,NM,Albuquerque
12954,Home Office,United States,CA,Cerritos
18217,Home Office,United States,NJ,Jersey City
15798,Home Office,United States,CO,Denver
15797,Home Office,United States,CA,San Diego
15726,Home Office,United States,CA,San Jose
14446,Home Office,United States,TX,San Antonio
13072,Home Office,United States,CA,Long Beach
17538,Home Office,United States,MI,Ann Arbor
18901,Home Office,United States,IL,Joliet
14378,Home Office,United States,HI,Honolulu
13371,Home Office,United States,NY,New York
14006,Home Office,United States,CA,Los Angeles
13124,Consumer,United States,TX,Houston
12791,Consumer,United States,CA,Carmichael
14942,Consumer,United States,CA,Compton
12922,Consumer,United States,OH,Lancaster
18301,Consumer,United States,CA,Los Angeles
17640,Consumer,United States,CA,Davis
8021,Consumer,United States,OR,Albany
17314,Consumer,United States,PA,Philadelphia
19277,Consumer,United States,CA,Chino Hills
14592,Consumer,United States,CA,Livermore
13928,Consumer,United States,CA,Montebello
9850,Consumer,United States,CA,Garden Grove
20526,Consumer,United States,CA,Fresno
16081,Consumer,United States,CA,Watsonville
18701,Consumer,United States,OH,Mentor
19070,Consumer,United States,MI,Roseville
20542,Consumer,United States,CA,Merced
17084,Consumer,United States,CA,Palo Alto
14317,Consumer,United States,AZ,Mesa
14240,Consumer,United States,MI,Howell
14029,Consumer,United States,PA,Wilkes Barre
12651,Consumer,United States,NY,Flushing
12880,Consumer,United States,CA,Sunnyvale
14953,Consumer,United States,MD,Cumberland
13415,Consumer,United States,TX,Austin
13656,Consumer,United States,MI,Muskegon
12469,Consumer,United States,VA,Norfolk
14949,Consumer,United States,PA,Philadelphia
15038,Consumer,United States,CA,Long Beach
17535,Corporate,Puerto Rico,PR,Caguas
2507,Corporate,Puerto Rico,PR,Caguas
2138,Corporate,Puerto Rico,PR,Caguas
8727,Consumer,United States,TX,San Antonio
8054,Consumer,United States,NY,Brooklyn
10941,Consumer,United States,NY,Brooklyn
5824,Corporate,Puerto Rico,PR,Caguas
8997,Corporate,Puerto Rico,PR,Caguas
2773,Corporate,Puerto Rico,PR,Caguas
3040,Corporate,Puerto Rico,PR,Caguas
1512,Corporate,Puerto Rico,PR,Caguas
9278,Corporate,Puerto Rico,PR,Caguas
8216,Corporate,Puerto Rico,PR,Caguas
1966,Corporate,Puerto Rico,PR,Guayama
10156,Corporate,Puerto Rico,PR,Caguas
5165,Corporate,Puerto Rico,PR,Caguas
12406,Corporate,Puerto Rico,PR,Caguas
10097,Corporate,Puerto Rico,PR,Arecibo
9947,Corporate,Puerto Rico,PR,Caguas
10735,Corporate,Puerto Rico,PR,Caguas
13084,Corporate,Puerto Rico,PR,Arecibo
6032,Corporate,Puerto Rico,PR,Caguas
10653,Corporate,Puerto Rico,PR,Caguas
8043,Corporate,Puerto Rico,PR,Caguas
11485,Corporate,Puerto Rico,PR,Caguas
1912,Corporate,Puerto Rico,PR,Caguas
2224,Corporate,Puerto Rico,PR,Caguas
7793,Corporate,Puerto Rico,PR,Caguas
13557,Corporate,Puerto Rico,PR,Caguas
5068,Corporate,Puerto Rico,PR,Caguas
8623,Corporate,Puerto Rico,PR,Caguas
14219,Corporate,Puerto Rico,PR,Caguas
13228,Corporate,Puerto Rico,PR,Caguas
12430,Corporate,Puerto Rico,PR,Caguas
10813,Corporate,Puerto Rico,PR,Caguas
14785,Corporate,Puerto Rico,PR,Caguas
834,Corporate,Puerto Rico,PR,Caguas
11086,Corporate,Puerto Rico,PR,Caguas
9839,Corporate,Puerto Rico,PR,Caguas
10303,Corporate,Puerto Rico,PR,Caguas
14032,Corporate,Puerto Rico,PR,Caguas
11633,Corporate,Puerto Rico,PR,Caguas
12846,Corporate,Puerto Rico,PR,Caguas
8887,Corporate,Puerto Rico,PR,Caguas
3214,Corporate,Puerto Rico,PR,Caguas
8921,Corporate,Puerto Rico,PR,Caguas
8341,Corporate,Puerto Rico,PR,Caguas
2747,Corporate,Puerto Rico,PR,Caguas
1826,Corporate,Puerto Rico,PR,Caguas
2835,Corporate,Puerto Rico,PR,Caguas
3155,Corporate,Puerto Rico,PR,Caguas
2336,Corporate,Puerto Rico,PR,Caguas
1184,Corporate,Puerto Rico,PR,Caguas
3024,Corporate,Puerto Rico,PR,Caguas
16405,Corporate,Puerto Rico,PR,Vega Baja
19072,Corporate,Puerto Rico,PR,Caguas
9931,Corporate,Puerto Rico,PR,Caguas
9690,Corporate,Puerto Rico,PR,Caguas
20563,Corporate,Puerto Rico,PR,Caguas
17761,Corporate,Puerto Rico,PR,Caguas
11061,Corporate,Puerto Rico,PR,Caguas
15202,Corporate,Puerto Rico,PR,Caguas
10211,Corporate,Puerto Rico,PR,Caguas
1936,Corporate,Puerto Rico,PR,Caguas
4065,Corporate,Puerto Rico,PR,Caguas
7232,Corporate,Puerto Rico,PR,Caguas
4358,Corporate,Puerto Rico,PR,Caguas
8771,Corporate,Puerto Rico,PR,Caguas
5374,Corporate,Puerto Rico,PR,Caguas
5692,Corporate,Puerto Rico,PR,Caguas
5909,Corporate,Puerto Rico,PR,Caguas
2643,Consumer,Puerto Rico,PR,Caguas
8869,Consumer,Puerto Rico,PR,Caguas
1175,Consumer,Puerto Rico,PR,Caguas
194,Consumer,Puerto Rico,PR,Caguas
9294,Consumer,Puerto Rico,PR,Caguas
10946,Consumer,Puerto Rico,PR,Caguas
6076,Consumer,Puerto Rico,PR,Caguas
6278,Consumer,Puerto Rico,PR,Vega Baja
4148,Consumer,Puerto Rico,PR,Caguas
4128,Consumer,Puerto Rico,PR,Caguas
16570,Consumer,Puerto Rico,PR,Caguas
9777,Consumer,Puerto Rico,PR,Caguas
6099,Consumer,Puerto Rico,PR,Caguas
18693,Consumer,Puerto Rico,PR,Caguas
8704,Consumer,Puerto Rico,PR,Caguas
18534,Consumer,Puerto Rico,PR,Caguas
9344,Consumer,Puerto Rico,PR,Caguas
4173,Consumer,Puerto Rico,PR,Caguas
4751,Consumer,Puerto Rico,PR,Caguas
290,Consumer,Puerto Rico,PR,Caguas
10093,Consumer,Puerto Rico,PR,Caguas
1073,Consumer,Puerto Rico,PR,Caguas
1106,Consumer,Puerto Rico,PR,Caguas
4536,Consumer,Puerto Rico,PR,Caguas
6000,Consumer,Puerto Rico,PR,Caguas
11635,Consumer,Puerto Rico,PR,Caguas
8436,Consumer,Puerto Rico,PR,Caguas
5828,Consumer,Puerto Rico,PR,Caguas
13969,Consumer,Puerto Rico,PR,Caguas
14499,Consumer,Puerto Rico,PR,San Juan
13033,Consumer,Puerto Rico,PR,Caguas
13066,Consumer,Puerto Rico,PR,Caguas
13478,Consumer,Puerto Rico,PR,Caguas
676,Consumer,Puerto Rico,PR,Caguas
11659,Consumer,Puerto Rico,PR,Caguas
10025,Consumer,Puerto Rico,PR,Carolina
8713,Consumer,Puerto Rico,PR,Caguas
7538,Consumer,Puerto Rico,PR,Caguas
4327,Consumer,Puerto Rico,PR,Caguas
4786,Consumer,Puerto Rico,PR,Caguas
2365,Consumer,Puerto Rico,PR,Caguas
2632,Consumer,Puerto Rico,PR,Caguas
13721,Consumer,Puerto Rico,PR,Caguas
8365,Consumer,Puerto Rico,PR,Caguas
12024,Consumer,Puerto Rico,PR,Caguas
2588,Consumer,Puerto Rico,PR,Caguas
1794,Consumer,Puerto Rico,PR,Caguas
8103,Consumer,Puerto Rico,PR,Caguas
5865,Consumer,Puerto Rico,PR,Caguas
3079,Consumer,Puerto Rico,PR,Caguas
2214,Consumer,Puerto Rico,PR,Caguas
8020,Consumer,Puerto Rico,PR,Caguas
12716,Consumer,Puerto Rico,PR,Caguas
12911,Consumer,Puerto Rico,PR,Caguas
4697,Consumer,Puerto Rico,PR,Caguas
11313,Consumer,Puerto Rico,PR,Caguas
2400,Consumer,Puerto Rico,PR,Caguas
3556,Consumer,Puerto Rico,PR,Caguas
9004,Consumer,Puerto Rico,PR,Caguas
6208,Consumer,Puerto Rico,PR,Caguas
7547,Consumer,Puerto Rico,PR,Caguas
1851,Consumer,Puerto Rico,PR,Caguas
3483,Consumer,Puerto Rico,PR,Caguas
2046,Consumer,Puerto Rico,PR,Caguas
437,Consumer,Puerto Rico,PR,Caguas
18761,Consumer,Puerto Rico,PR,Caguas
20625,Consumer,Puerto Rico,PR,Caguas
1139,Consumer,Puerto Rico,PR,Caguas
7407,Consumer,Puerto Rico,PR,Caguas
1829,Consumer,Puerto Rico,PR,Caguas
16029,Consumer,Puerto Rico,PR,Caguas
17494,Consumer,Puerto Rico,PR,Caguas
12354,Consumer,Puerto Rico,PR,Caguas
7330,Consumer,Puerto Rico,PR,Caguas
1681,Consumer,Puerto Rico,PR,Caguas
4718,Consumer,Puerto Rico,PR,Caguas
7574,Consumer,Puerto Rico,PR,Caguas
9431,Consumer,Puerto Rico,PR,Caguas
10739,Consumer,United States,CO,Greeley
3595,Consumer,United States,MD,Catonsville
12369,Consumer,United States,WA,Spokane
4625,Consumer,United States,FL,Oviedo
9090,Consumer,United States,FL,Oviedo
4993,Consumer,United States,FL,Fort Lauderdale
10505,Consumer,United States,CA,Bell Gardens
7180,Consumer,United States,CA,Pacoima
42,Consumer,United States,GA,Duluth
11068,Consumer,United States,CO,Longmont
12290,Consumer,United States,CT,Enfield
6925,Consumer,United States,NY,New York
5037,Consumer,United States,CA,Los Angeles
3938,Consumer,United States,NM,Albuquerque
4947,Consumer,United States,FL,Hialeah
4289,Consumer,United States,NY,New York
4347,Consumer,United States,CA,Bakersfield
2414,Consumer,United States,AZ,Mesa
5457,Consumer,United States,AZ,Mesa
8102,Consumer,United States,TN,Memphis
8636,Consumer,United States,NY,Rome
7692,Consumer,United States,FL,Orlando
7018,Consumer,United States,CA,Fontana
8664,Consumer,United States,CA,El Cajon
11699,Consumer,United States,VA,Hampton
231,Consumer,United States,MI,Wyoming
26,Consumer,United States,IL,Glenview
3213,Consumer,United States,IL,Pekin
922,Consumer,United States,OH,Lancaster
7203,Consumer,United States,NY,Bronx
4296,Consumer,United States,NY,Webster
488,Consumer,United States,CA,San Francisco
4060,Consumer,United States,NC,Greenville
3610,Consumer,United States,VA,Stafford
3245,Consumer,United States,CA,Hayward
5360,Consumer,United States,NC,Asheboro
1445,Consumer,United States,CA,San Diego
12235,Consumer,United States,CA,Winnetka
814,Consumer,United States,IL,Chicago
4077,Consumer,United States,CA,Los Angeles
3749,Consumer,United States,CA,San Bernardino
9326,Consumer,United States,OR,Portland
11718,Consumer,United States,CA,Chino
538,Consumer,United States,CA,Wilmington
9555,Consumer,United States,FL,Orange Park
2716,Consumer,United States,CA,Milpitas
7949,Consumer,United States,OH,Painesville
4212,Consumer,United States,CA,Fresno
3660,Consumer,United States,TX,Del Rio
5209,Consumer,United States,MI,Detroit
4210,Consumer,United States,AZ,Phoenix
6251,Consumer,United States,CA,Madera
914,Consumer,United States,NY,Bronx
6202,Consumer,United States,NY,Buffalo
10118,Consumer,United States,OH,Cleveland
7744,Consumer,United States,CA,Garden Grove
9255,Consumer,United States,IL,Oak Lawn
8300,Consumer,United States,CA,Santa Ana
12068,Consumer,United States,CO,Aurora
2091,Consumer,United States,RI,Woonsocket
10503,Consumer,United States,TX,Dallas
320,Consumer,United States,IL,Chicago
9587,Consumer,United States,PA,West Chester
9498,Consumer,United States,OH,Cleveland
5265,Consumer,United States,CA,Los Angeles
1511,Consumer,United States,KS,Wichita
1426,Consumer,United States,CA,Long Beach
7383,Consumer,United States,IL,Aurora
2912,Consumer,United States,CA,Simi Valley
2045,Consumer,United States,MA,Methuen
1620,Consumer,United States,WI,Beloit
1854,Consumer,United States,CA,Folsom
5726,Consumer,United States,CA,North Hills
9337,Consumer,United States,IL,Chicago
4901,Consumer,United States,CT,Milford
1021,Consumer,United States,NY,Newburgh
3250,Consumer,United States,CA,Bell Gardens
4965,Consumer,United States,CA,Santa Clara
7495,Consumer,United States,CO,Colorado Springs
1540,Consumer,United States,MA,Pittsfield
76,Consumer,United States,CA,Los Angeles
9403,Consumer,United States,CA,Fountain Valley
2655,Consumer,United States,CA,Lancaster
2812,Consumer,United States,NC,Raleigh
1207,Consumer,United States,CA,Diamond Bar
10865,Consumer,United States,GA,Alpharetta
11481,Consumer,United States,OR,Bend
4162,Consumer,United States,NY,Brooklyn
4612,Consumer,United States,PA,Lansdale
3039,Consumer,United States,CA,Sunnyvale
9671,Consumer,United States,CA,Lompoc
6429,Consumer,United States,IL,Chicago
7490,Consumer,United States,NC,Chapel Hill
7758,Consumer,United States,VA,Woodbridge
4839,Consumer,United States,WI,Milwaukee
4217,Consumer,United States,NC,Greenville
1656,Consumer,United States,VA,Virginia Beach
4090,Consumer,United States,NY,Brooklyn
7910,Consumer,United States,TN,Cordova
3704,Consumer,United States,AZ,Chandler
2425,Consumer,United States,CA,Los Angeles
5968,Consumer,United States,CA,Campbell
5661,Consumer,United States,CA,Indio
5984,Consumer,United States,TX,Dallas
11862,Consumer,United States,FL,Lutz
394,Consumer,United States,OH,Lakewood
988,Consumer,United States,MA,Pittsfield
2628,Consumer,United States,CA,Rancho Cordova
7684,Consumer,United States,NY,Brentwood
3977,Consumer,United States,MI,Detroit
12365,Home Office,Puerto Rico,PR,Caguas
3955,Corporate,United States,NY,Yonkers
7814,Corporate,United States,TX,Dallas
11563,Consumer,United States,TX,Denton
478,Corporate,United States,IL,Plainfield
10888,Consumer,Puerto Rico,PR,Caguas
9089,Consumer,Puerto Rico,PR,Caguas
1313,Consumer,United States,TN,Antioch
11484,Consumer,United States,PA,Lancaster
5714,Corporate,United States,CA,Los Angeles
8677,Consumer,Puerto Rico,PR,Caguas
9991,Corporate,United States,CT,Danbury
11303,Home Office,United States,NJ,Union City
9602,Home Office,Puerto Rico,PR,Caguas
8010,Corporate,United States,WV,Martinsburg
3426,Corporate,United States,FL,Fort Lauderdale
7693,Consumer,Puerto Rico,PR,Caguas
1865,Corporate,United States,MI,Detroit
5578,Home Office,Puerto Rico,PR,Caguas
11530,Corporate,Puerto Rico,PR,Caguas
9043,Consumer,United States,OH,Sandusky
4869,Corporate,Puerto Rico,PR,Caguas
11014,Corporate,Puerto Rico,PR,Caguas
6115,Home Office,Puerto Rico,PR,Caguas
3547,Consumer,United States,CA,South San Francisco
59,Consumer,United States,CA,Sunnyvale
9569,Consumer,United States,CA,Napa
3942,Consumer,United States,CA,Los Angeles
312,Consumer,United States,TX,Houston
4549,Consumer,Puerto Rico,PR,Caguas
10110,Home Office,United States,CA,San Pablo
2068,Corporate,United States,GA,Atlanta
3699,Corporate,United States,CA,La Habra
10638,Home Office,Puerto Rico,PR,Caguas
3445,Consumer,Puerto Rico,PR,Caguas
7213,Corporate,Puerto Rico,PR,Caguas
11704,Consumer,United States,TX,Katy
6899,Consumer,United States,NM,Albuquerque
10358,Home Office,Puerto Rico,PR,Caguas
6788,Corporate,United States,CA,Lake Forest
4426,Corporate,United States,TX,Dallas
634,Home Office,United States,CA,Riverside
6648,Corporate,Puerto Rico,PR,Vega Baja
9603,Consumer,United States,CA,Campbell
5289,Consumer,United States,ND,Bismarck
8787,Consumer,Puerto Rico,PR,Caguas
10081,Corporate,United States,CA,San Diego
5980,Consumer,Puerto Rico,PR,Caguas
10455,Consumer,Puerto Rico,PR,Caguas
1675,Home Office,United States,TX,Sugar Land
10957,Corporate,United States,NY,Brooklyn
7395,Corporate,United States,NJ,East Brunswick
3017,Corporate,United States,NJ,Edison
5549,Corporate,United States,NY,Brooklyn
6311,Home Office,United States,TN,Cordova
8986,Home Office,Puerto Rico,PR,Caguas
879,Consumer,Puerto Rico,PR,Caguas
6488,Consumer,United States,CT,Bristol
410,Consumer,Puerto Rico,PR,Caguas
1800,Consumer,United States,NY,Massapequa
4605,Corporate,United States,OR,Eugene
4855,Consumer,United States,CA,San Jose
1517,Consumer,United States,PA,Philadelphia
7578,Home Office,United States,FL,Pompano Beach
10315,Consumer,United States,NY,Jackson Heights
6699,Consumer,Puerto Rico,PR,Caguas
9908,Consumer,United States,TX,Baytown
10382,Consumer,United States,CA,Santa Ana
5353,Home Office,United States,TX,Amarillo
3820,Corporate,United States,OR,Beaverton
5362,Corporate,United States,CT,Milford
5454,Home Office,United States,UT,Ogden
4408,Consumer,Puerto Rico,PR,Caguas
211,Corporate,United States,GA,Lawrenceville
7226,Home Office,United States,IN,Michigan City
2893,Corporate,United States,CA,Los Angeles
11128,Consumer,United States,FL,Miami
3848,Home Office,United States,TX,New Braunfels
6005,Consumer,United States,CA,Victorville
2433,Home Office,Puerto Rico,PR,Caguas
10366,Home Office,Puerto Rico,PR,Caguas
3818,Consumer,United States,AZ,Tempe
1305,Consumer,United States,SC,Columbia
10554,Consumer,Puerto Rico,PR,Caguas
6257,Consumer,Puerto Rico,PR,Cayey
10620,Corporate,Puerto Rico,PR,Caguas
6602,Corporate,Puerto Rico,PR,Caguas
1059,Home Office,United States,FL,Jacksonville
12274,Corporate,United States,NY,Staten Island
3619,Consumer,United States,CT,West Haven
2592,Corporate,United States,TX,San Marcos
3486,Corporate,Puerto Rico,PR,Caguas
10520,Home Office,United States,WA,Kent
161,Corporate,United States,FL,Hialeah
4445,Corporate,Puerto Rico,PR,Caguas
8753,Consumer,United States,MD,Hagerstown
5740,Corporate,Puerto Rico,PR,Caguas
7315,Home Office,United States,IL,Elgin
13,Home Office,Puerto Rico,PR,Caguas
2749,Corporate,Puerto Rico,PR,Caguas
8640,Corporate,United States,CA,Diamond Bar
2977,Consumer,United States,MD,Baltimore
1723,Consumer,United States,CA,Moreno Valley
18222,Consumer,United States,CA,Panorama City
2681,Consumer,United States,GA,Duluth
1192,Consumer,United States,PA,Washington
18038,Consumer,United States,KS,Salina
16400,Consumer,United States,NY,Brooklyn
18824,Consumer,United States,CT,Manchester
17961,Consumer,United States,TX,New Braunfels
18296,Consumer,United States,IL,Chicago
3117,Consumer,United States,CA,Rowland Heights
5152,Consumer,United States,CA,El Monte
857,Consumer,United States,TX,Houston
17372,Consumer,United States,DC,Washington
3521,Consumer,United States,NY,Troy
18289,Consumer,United States,NY,New York
11981,Consumer,United States,MD,Baltimore
602,Consumer,United States,NY,Brooklyn
12103,Consumer,United States,TX,San Benito
9269,Consumer,United States,CA,Citrus Heights
2221,Consumer,United States,CO,Englewood
15321,Consumer,United States,NY,New York
18710,Consumer,United States,IL,Aurora
11691,Consumer,United States,NJ,Toms River
20311,Consumer,United States,OK,Lawton
17186,Consumer,United States,CA,Livermore
17810,Consumer,United States,FL,Tallahassee
20744,Consumer,United States,PA,Washington
7807,Consumer,United States,TX,Houston
8425,Consumer,United States,VA,Virginia Beach
5105,Consumer,United States,CA,Alhambra
10639,Consumer,United States,CA,San Francisco
17128,Consumer,United States,NC,Raleigh
18898,Consumer,United States,AZ,Chandler
17192,Consumer,United States,GA,Decatur
19916,Consumer,United States,CA,Tulare
19778,Consumer,United States,CA,Oxnard
2366,Consumer,United States,OH,Lakewood
1526,Consumer,United States,NY,Brooklyn
7432,Consumer,United States,OH,Columbus
1634,Consumer,United States,PA,Morrisville
6463,Consumer,United States,CA,Carlsbad
697,Consumer,United States,DC,Washington
5888,Consumer,United States,NY,Jamaica
4738,Consumer,United States,IL,Chicago
7044,Consumer,United States,MI,Detroit
6853,Consumer,United States,OH,Dayton
4319,Consumer,United States,FL,Tampa
6135,Consumer,United States,OH,Grove City
4174,Consumer,United States,CA,San Francisco
2684,Consumer,United States,FL,Fort Lauderdale
8735,Consumer,United States,MI,Muskegon
3138,Consumer,United States,TX,Houston
4550,Consumer,United States,NY,Rome
2012,Consumer,United States,WI,Fond Du Lac
10872,Consumer,United States,MO,Ballwin
715,Consumer,United States,IA,Dubuque
5075,Consumer,United States,AR,Jonesboro
5405,Consumer,United States,IL,Chicago
10195,Consumer,United States,AZ,Tempe
3559,Consumer,United States,NV,North Las Vegas
7513,Consumer,United States,TX,El Paso
1165,Consumer,United States,TX,Houston
2513,Consumer,United States,PA,Philadelphia
12403,Consumer,United States,CA,Cypress
3655,Home Office,United States,IL,Mount Prospect
2654,Consumer,Puerto Rico,PR,Caguas
8932,Consumer,Puerto Rico,PR,Caguas
3406,Corporate,United States,TX,El Paso
7811,Consumer,Puerto Rico,PR,Caguas
11379,Corporate,United States,TN,Memphis
1008,Home Office,United States,CA,Sacramento
3422,Corporate,United States,GA,Atlanta
10351,Home Office,Puerto Rico,PR,Caguas
2436,Corporate,United States,NM,Albuquerque
3496,Consumer,Puerto Rico,PR,Caguas
9062,Consumer,Puerto Rico,PR,Caguas
10334,Consumer,United States,OH,Findlay
12101,Corporate,United States,CA,Highland
10936,Home Office,United States,CA,Costa Mesa
3228,Home Office,United States,NY,Corona
94,Corporate,Puerto Rico,PR,Caguas
10970,Corporate,United States,NJ,Newark
1577,Home Office,Puerto Rico,PR,Caguas
5351,Home Office,United States,OH,Cleveland
3558,Consumer,Puerto Rico,PR,Caguas
1724,Home Office,Puerto Rico,PR,Caguas
3698,Consumer,Puerto Rico,PR,Caguas
3952,Home Office,United States,AZ,Tucson
9993,Corporate,United States,OK,Broken Arrow
5175,Corporate,United States,CA,Huntington Park
8498,Corporate,United States,TX,Baytown
5138,Corporate,United States,CA,Ventura
111,Corporate,Puerto Rico,PR,Caguas
3555,Corporate,United States,NY,Brooklyn
4983,Home Office,Puerto Rico,PR,Caguas
10717,Home Office,Puerto Rico,PR,Caguas
6357,Home Office,United States,IL,Carol Stream
4768,Home Office,Puerto Rico,PR,Caguas
9875,Corporate,United States,UT,Salt Lake City
7848,Corporate,United States,NC,Hickory
6175,Home Office,Puerto Rico,PR,Caguas
1493,Consumer,Puerto Rico,PR,Caguas
6569,Consumer,Puerto Rico,PR,Caguas
2857,Corporate,United States,MO,Saint Peters
7402,Consumer,Puerto Rico,PR,Caguas
2186,Consumer,United States,CA,Los Angeles
3564,Corporate,United States,NV,North Las Vegas
1220,Corporate,United States,MI,Muskegon
8493,Consumer,Puerto Rico,PR,Caguas
2709,Corporate,United States,NY,New York
3622,Home Office,United States,NY,Brooklyn
2852,Home Office,United States,NC,Lenoir
2320,Consumer,Puerto Rico,PR,Caguas
11459,Consumer,United States,CA,Santa Ana
10956,Consumer,Puerto Rico,PR,Caguas
11720,Consumer,United States,CA,Los Angeles
6688,Corporate,United States,CA,Los Angeles
7370,Corporate,United States,SC,Rock Hill
7468,Home Office,Puerto Rico,PR,Caguas
11689,Consumer,Puerto Rico,PR,Caguas
5746,Home Office,United States,NY,Yonkers
10569,Corporate,United States,IL,Normal
6243,Corporate,United States,IL,Chicago
6247,Consumer,Puerto Rico,PR,Caguas
2827,Corporate,Puerto Rico,PR,Caguas
825,Home Office,United States,CO,Aurora
8009,Corporate,Puerto Rico,PR,Caguas
4686,Corporate,United States,OH,Reynoldsburg
4149,Consumer,United States,NY,Ithaca
7503,Corporate,United States,CA,Union City
7761,Consumer,Puerto Rico,PR,Caguas
123,Corporate,United States,OR,Bend
806,Corporate,Puerto Rico,PR,Caguas
7480,Corporate,Puerto Rico,PR,Trujillo Alto
3696,Corporate,Puerto Rico,PR,Caguas
10013,Home Office,Puerto Rico,PR,Caguas
16382,Home Office,Puerto Rico,PR,Caguas
10733,Home Office,Puerto Rico,PR,Caguas
8697,Home Office,Puerto Rico,PR,Caguas
5870,Home Office,Puerto Rico,PR,Caguas
5568,Home Office,Puerto Rico,PR,Caguas
129,Home Office,Puerto Rico,PR,Caguas
6131,Home Office,Puerto Rico,PR,Caguas
2958,Home Office,Puerto Rico,PR,Caguas
16473,Home Office,Puerto Rico,PR,Caguas
19038,Home Office,Puerto Rico,PR,Caguas
16577,Home Office,Puerto Rico,PR,Caguas
8485,Home Office,Puerto Rico,PR,Caguas
3052,Home Office,Puerto Rico,PR,Caguas
13270,Home Office,Puerto Rico,PR,Caguas
14352,Home Office,Puerto Rico,PR,Caguas
4989,Home Office,Puerto Rico,PR,Caguas
732,Home Office,Puerto Rico,PR,Caguas
1513,Corporate,United States,CA,North Hills
2438,Corporate,United States,NY,Brooklyn
8992,Consumer,Puerto Rico,PR,Caguas
664,Home Office,United States,MI,Holland
1002,Corporate,United States,CA,Milpitas
6631,Home Office,United States,MD,Catonsville
3220,Consumer,United States,CA,Sacramento
1390,Consumer,United States,AZ,Phoenix
3687,Corporate,United States,PA,Philadelphia
5768,Consumer,Puerto Rico,PR,Caguas
6221,Corporate,United States,CA,San Jose
7037,Consumer,United States,NY,New York
6237,Home Office,United States,CA,El Cajon
6306,Consumer,Puerto Rico,PR,Caguas
9804,Consumer,United States,TN,Memphis
2750,Corporate,United States,KY,Bowling Green
9721,Home Office,United States,NY,Bronx
5357,Consumer,Puerto Rico,PR,Caguas
3009,Corporate,United States,NY,North Tonawanda
195,Corporate,United States,CA,Modesto
516,Corporate,Puerto Rico,PR,Caguas
7808,Home Office,United States,TX,Plano
10847,Consumer,Puerto Rico,PR,Caguas
424,Consumer,United States,PA,Carlisle
1118,Corporate,United States,CA,Paramount
1404,Consumer,Puerto Rico,PR,Caguas
6612,Home Office,United States,MI,Wyandotte
547,Corporate,United States,MD,Hyattsville
3273,Home Office,United States,CA,Sunnyvale
670,Corporate,Puerto Rico,PR,Caguas
11651,Home Office,United States,NJ,Bayonne
271,Corporate,United States,CA,Fremont
4438,Consumer,Puerto Rico,PR,Caguas
8759,Corporate,United States,CA,Los Angeles
2088,Home Office,Puerto Rico,PR,Caguas
2537,Home Office,United States,AZ,Phoenix
7778,Corporate,United States,CA,Palo Alto
1550,Corporate,Puerto Rico,PR,Caguas
7003,Consumer,Puerto Rico,PR,Caguas
4601,Corporate,Puerto Rico,PR,Caguas
10934,Corporate,United States,NC,Cary
4992,Consumer,Puerto Rico,PR,Caguas
3746,Consumer,United States,WA,Kent
10252,Corporate,United States,HI,Honolulu
10245,Corporate,United States,TX,Dallas
874,Consumer,United States,AZ,Phoenix
10512,Corporate,United States,NY,Brooklyn
9241,Home Office,Puerto Rico,PR,Caguas
2297,Corporate,United States,CA,Long Beach
12184,Corporate,United States,CA,Hayward
257,Consumer,Puerto Rico,PR,Humacao
1066,Consumer,Puerto Rico,PR,Caguas
6665,Consumer,Puerto Rico,PR,Caguas
9130,Corporate,United States,NY,Brooklyn
9073,Consumer,Puerto Rico,PR,Bayamon
3925,Home Office,United States,NY,Brooklyn
11546,Corporate,United States,KS,Salina
8520,Consumer,Puerto Rico,PR,Caguas
5282,Corporate,United States,GA,Lawrenceville
2734,Consumer,United States,FL,Valrico
5251,Consumer,Puerto Rico,PR,Bayamon
9936,Corporate,United States,CA,Anaheim
11021,Consumer,Puerto Rico,PR,Caguas
11144,Home Office,United States,AZ,Mesa
6492,Corporate,United States,UT,Provo
1730,Corporate,United States,CA,Lake Forest
11746,Corporate,United States,CA,Fresno
8126,Corporate,United States,PA,Philadelphia
11314,Corporate,United States,CA,Encinitas
2064,Consumer,United States,TX,Dallas
2501,Consumer,Puerto Rico,PR,Caguas
1833,Corporate,United States,VA,Virginia Beach
10917,Home Office,Puerto Rico,PR,Caguas
6919,Consumer,United States,CA,San Pablo
11269,Consumer,Puerto Rico,PR,Caguas
5008,Home Office,United States,NC,Lenoir
4569,Consumer,Puerto Rico,PR,Caguas
3648,Corporate,Puerto Rico,PR,Caguas
11797,Corporate,United States,CA,West Covina
7088,Corporate,United States,OH,Westerville
1726,Corporate,Puerto Rico,PR,Caguas
6590,Consumer,Puerto Rico,PR,Caguas
12308,Consumer,United States,IL,Chicago
10140,Home Office,United States,CA,Sylmar
10656,Home Office,United States,PA,Philadelphia
8800,Consumer,Puerto Rico,PR,Caguas
1104,Home Office,Puerto Rico,PR,Caguas
2908,Consumer,United States,WI,Beloit
1320,Consumer,United States,CA,Los Angeles
6945,Home Office,United States,TX,Richmond
760,Consumer,Puerto Rico,PR,Caguas
10078,Consumer,Puerto Rico,PR,Manati
4900,Consumer,United States,FL,Miami
11294,Consumer,Puerto Rico,PR,Caguas
5434,Corporate,Puerto Rico,PR,Caguas
2189,Corporate,United States,IL,Elmhurst
5944,Corporate,United States,NY,Elmhurst
10877,Corporate,Puerto Rico,PR,Juana Diaz
1506,Consumer,United States,MD,Hagerstown
8431,Consumer,United States,OH,Hilliard
10184,Corporate,United States,MI,Holland
11402,Home Office,United States,DE,Newark
11357,Corporate,United States,NY,Bronx
3742,Home Office,United States,CA,Cupertino
1205,Corporate,United States,FL,Miami
7645,Corporate,United States,TX,Laredo
9641,Consumer,Puerto Rico,PR,Caguas
8287,Home Office,United States,IL,Glenview
4295,Consumer,United States,NY,New York
9621,Consumer,Puerto Rico,PR,Caguas
1146,Consumer,Puerto Rico,PR,Caguas
2421,Home Office,Puerto Rico,PR,Caguas
13459,Home Office,Puerto Rico,PR,Caguas
14260,Home Office,Puerto Rico,PR,Caguas
9057,Home Office,Puerto Rico,PR,Caguas
5844,Home Office,Puerto Rico,PR,Caguas
14734,Home Office,Puerto Rico,PR,Caguas
13693,Home Office,Puerto Rico,PR,Caguas
2862,Home Office,Puerto Rico,PR,Caguas
7514,Home Office,Puerto Rico,PR,Caguas
6980,Home Office,Puerto Rico,PR,Caguas
18423,Home Office,Puerto Rico,PR,Caguas
18384,Home Office,Puerto Rico,PR,Caguas
17770,Home Office,Puerto Rico,PR,Caguas
268,Home Office,Puerto Rico,PR,Caguas
724,Home Office,Puerto Rico,PR,Caguas
20494,Home Office,Puerto Rico,PR,Caguas
15919,Home Office,Puerto Rico,PR,Caguas
9767,Consumer,Puerto Rico,PR,Caguas
3053,Home Office,United States,WA,Kent
6749,Home Office,United States,WI,Sheboygan
4131,Consumer,Puerto Rico,PR,Guayama
2831,Corporate,United States,CA,Los Angeles
10237,Consumer,United States,OH,Medina
10270,Corporate,United States,OH,Hamilton
5299,Consumer,Puerto Rico,PR,Caguas
4219,Corporate,United States,OH,Hamilton
7337,Corporate,Puerto Rico,PR,Caguas
5876,Corporate,United States,CA,Costa Mesa
10035,Consumer,United States,PA,Lansdale
3832,Corporate,United States,IL,Aurora
10831,Consumer,United States,CA,San Diego
2136,Consumer,Puerto Rico,PR,Caguas
12076,Home Office,United States,AZ,Tempe
11506,Home Office,United States,CA,South El Monte
923,Consumer,United States,VA,Norfolk
9877,Home Office,United States,CA,Fresno
2554,Consumer,Puerto Rico,PR,Caguas
10113,Consumer,Puerto Rico,PR,Caguas
4036,Consumer,United States,IL,Granite City
11239,Consumer,United States,IN,New Albany
5002,Home Office,United States,IL,Chicago
3538,Consumer,Puerto Rico,PR,Caguas
6783,Corporate,Puerto Rico,PR,Caguas
5776,Home Office,United States,OH,Strongsville
9003,Corporate,United States,SC,Lancaster
9912,Corporate,United States,TX,Houston
6054,Home Office,United States,CA,Los Angeles
2371,Corporate,United States,TX,Baytown
10998,Home Office,United States,MI,Detroit
5894,Consumer,United States,IL,Chicago
2897,Corporate,United States,IL,Waukegan
9695,Home Office,United States,NY,Brooklyn
6434,Consumer,Puerto Rico,PR,Caguas
11693,Corporate,United States,PA,Philadelphia
11748,Corporate,Puerto Rico,PR,Caguas
4613,Home Office,United States,TX,Richmond
3469,Home Office,United States,HI,Waipahu
4767,Home Office,United States,PA,Washington
2693,Consumer,Puerto Rico,PR,Caguas
20276,Consumer,Puerto Rico,PR,Caguas
17811,Consumer,Puerto Rico,PR,Caguas
20214,Consumer,Puerto Rico,PR,Caguas
20248,Consumer,Puerto Rico,PR,Caguas
20194,Consumer,Puerto Rico,PR,Caguas
19024,Consumer,Puerto Rico,PR,Caguas
1262,Consumer,Puerto Rico,PR,Caguas
404,Consumer,Puerto Rico,PR,Caguas
10840,Consumer,Puerto Rico,PR,Caguas
11487,Consumer,Puerto Rico,PR,Caguas
9822,Consumer,Puerto Rico,PR,Caguas
3145,Consumer,Puerto Rico,PR,Caguas
3038,Consumer,Puerto Rico,PR,Caguas
3033,Consumer,Puerto Rico,PR,Caguas
10529,Consumer,Puerto Rico,PR,Caguas
7711,Consumer,Puerto Rico,PR,Caguas
7270,Consumer,Puerto Rico,PR,Caguas
4977,Consumer,Puerto Rico,PR,Caguas
12987,Consumer,Puerto Rico,PR,Caguas
14963,Consumer,Puerto Rico,PR,Caguas
7124,Consumer,Puerto Rico,PR,Caguas
17886,Consumer,Puerto Rico,PR,Caguas
3227,Consumer,Puerto Rico,PR,Caguas
15754,Consumer,Puerto Rico,PR,Caguas
16080,Consumer,Puerto Rico,PR,Caguas
5626,Consumer,Puerto Rico,PR,Caguas
1044,Consumer,Puerto Rico,PR,Caguas
13549,Consumer,Puerto Rico,PR,Caguas
9783,Consumer,Puerto Rico,PR,Caguas
18700,Consumer,Puerto Rico,PR,Caguas
15663,Consumer,Puerto Rico,PR,Caguas
15154,Consumer,Puerto Rico,PR,Caguas
20272,Consumer,Puerto Rico,PR,Caguas
7950,Consumer,Puerto Rico,PR,Caguas
7838,Consumer,Puerto Rico,PR,Caguas
12547,Consumer,Puerto Rico,PR,Caguas
7767,Consumer,Puerto Rico,PR,Caguas
14760,Consumer,Puerto Rico,PR,Caguas
6829,Consumer,Puerto Rico,PR,Caguas
1468,Consumer,Puerto Rico,PR,Caguas
16394,Consumer,Puerto Rico,PR,Caguas
18804,Consumer,Puerto Rico,PR,Caguas
18475,Consumer,Puerto Rico,PR,Caguas
17926,Consumer,Puerto Rico,PR,Caguas
15495,Consumer,Puerto Rico,PR,Caguas
15543,Consumer,Puerto Rico,PR,Caguas
17794,Consumer,Puerto Rico,PR,Caguas
17694,Consumer,Puerto Rico,PR,Caguas
17985,Consumer,Puerto Rico,PR,Caguas
17099,Consumer,Puerto Rico,PR,Caguas
19909,Consumer,Puerto Rico,PR,Caguas
17624,Consumer,Puerto Rico,PR,Guaynabo
1224,Consumer,Puerto Rico,PR,Caguas
6245,Consumer,Puerto Rico,PR,Caguas
9961,Home Office,United States,CA,Carson
10528,Home Office,United States,AZ,Tucson
12467,Home Office,United States,NM,Albuquerque
14492,Home Office,United States,IL,Chicago Heights
3470,Home Office,United States,IL,Algonquin
8467,Home Office,United States,TN,Cordova
5788,Home Office,United States,CA,Indio
3929,Home Office,United States,MA,Methuen
2983,Home Office,United States,OH,Chillicothe
4352,Home Office,United States,TN,Memphis
5437,Home Office,United States,CA,San Pablo
1204,Home Office,United States,IL,Berwyn
15751,Home Office,United States,VA,Woodbridge
20620,Home Office,United States,CT,Bristol
876,Home Office,United States,CO,Aurora
18667,Home Office,United States,NY,Bronx
17539,Home Office,United States,FL,Tampa
17193,Home Office,United States,TX,Irving
15855,Home Office,United States,NY,Flushing
10939,Home Office,United States,VA,Hampton
17169,Home Office,United States,CA,Los Angeles
7048,Home Office,United States,UT,Salt Lake City
5729,Home Office,United States,TX,Mission
3653,Home Office,United States,NJ,Princeton
9701,Home Office,United States,OH,Strongsville
1235,Home Office,United States,CA,Fairfield
11006,Home Office,United States,HI,Mililani
748,Home Office,United States,TX,Del Rio
13146,Home Office,United States,WA,Seattle
12058,Home Office,United States,DC,Washington
17708,Home Office,United States,CA,Simi Valley
12966,Home Office,United States,NJ,Newark
18184,Home Office,United States,IL,Chicago
14335,Home Office,United States,VA,Norfolk
5255,Home Office,United States,VA,Virginia Beach
13717,Home Office,United States,CA,Modesto
8626,Home Office,United States,IN,Indianapolis
20498,Home Office,United States,CA,La Mesa
19123,Home Office,United States,MA,Brockton
16533,Home Office,United States,CO,Aurora
19096,Home Office,United States,NY,Bronx
15725,Home Office,United States,CA,Rialto
6170,Home Office,United States,MD,Baltimore
16094,Home Office,United States,CA,Huntington Beach
16144,Home Office,United States,OH,Westerville
18918,Home Office,United States,FL,Miami
20033,Home Office,United States,CA,Los Angeles
2178,Home Office,United States,OH,Grove City
2849,Home Office,United States,TX,Houston
8982,Home Office,United States,CA,Sunnyvale
14571,Home Office,United States,CA,El Centro
19889,Home Office,United States,CT,New Haven
17720,Home Office,United States,PA,Philadelphia
17028,Home Office,United States,CO,Greeley
18654,Home Office,United States,FL,Lutz
20139,Home Office,United States,UT,Ogden
12712,Home Office,United States,CA,West Covina
14148,Home Office,United States,PA,Lansdale
14396,Home Office,United States,DE,Newark
12728,Home Office,United States,OH,Columbus
18778,Home Office,United States,CA,Lake Forest
4130,Home Office,United States,PA,Williamsport
15637,Home Office,United States,NY,Forest Hills
16240,Home Office,United States,MD,Hagerstown
18380,Home Office,United States,OH,Loveland
15366,Home Office,United States,NJ,Perth Amboy
17613,Home Office,United States,IL,Mchenry
17552,Home Office,United States,PA,York
19976,Home Office,United States,PA,Carlisle
20635,Home Office,United States,MA,Dorchester Center
17609,Home Office,United States,CA,Citrus Heights
6349,Home Office,United States,TX,Lewisville
3779,Home Office,United States,CA,Madera
13999,Consumer,Puerto Rico,PR,Caguas
18981,Consumer,Puerto Rico,PR,Caguas
1308,Consumer,Puerto Rico,PR,Caguas
13004,Consumer,Puerto Rico,PR,Caguas
13522,Consumer,Puerto Rico,PR,Caguas
7909,Consumer,Puerto Rico,PR,Caguas
17278,Consumer,Puerto Rico,PR,Caguas
20647,Consumer,Puerto Rico,PR,Caguas
15296,Consumer,Puerto Rico,PR,Caguas
15559,Consumer,Puerto Rico,PR,Caguas
12375,Consumer,Puerto Rico,PR,Caguas
18539,Consumer,Puerto Rico,PR,Caguas
15159,Consumer,Puerto Rico,PR,Caguas
4836,Consumer,Puerto Rico,PR,Caguas
7367,Consumer,Puerto Rico,PR,Caguas
19168,Consumer,Puerto Rico,PR,Caguas
1629,Consumer,Puerto Rico,PR,Caguas
20453,Consumer,Puerto Rico,PR,Caguas
20632,Consumer,Puerto Rico,PR,Caguas
17436,Consumer,Puerto Rico,PR,Caguas
17885,Consumer,Puerto Rico,PR,Carolina
17982,Consumer,Puerto Rico,PR,Caguas
13660,Consumer,Puerto Rico,PR,Caguas
7009,Consumer,United States,CA,Lancaster
4898,Corporate,United States,MA,Malden
3409,Consumer,United States,PA,Philadelphia
10864,Corporate,United States,NY,Brooklyn
2327,Corporate,United States,PA,West Chester
396,Consumer,United States,TX,Richmond
8068,Consumer,United States,PA,Philadelphia
7919,Consumer,United States,GA,Augusta
7128,Consumer,United States,CA,Gardena
11926,Corporate,United States,MN,Saint Paul
6837,Corporate,Puerto Rico,PR,Caguas
2944,Corporate,United States,CA,Salinas
1641,Corporate,United States,CO,Aurora
8011,Home Office,Puerto Rico,PR,Caguas
11161,Corporate,Puerto Rico,PR,Caguas
2798,Corporate,United States,AZ,Phoenix
19490,Home Office,United States,CA,Los Angeles
19461,Consumer,Puerto Rico,PR,Caguas
14087,Consumer,Puerto Rico,PR,Caguas
13190,Consumer,Puerto Rico,PR,Caguas
13024,Consumer,Puerto Rico,PR,Caguas
19444,Corporate,United States,CA,Sunnyvale
19375,Consumer,United States,CA,Granada Hills
19371,Home Office,United States,NY,Hempstead
19361,Consumer,Puerto Rico,PR,Humacao
19352,Home Office,Puerto Rico,PR,Caguas
3315,Consumer,United States,VA,Woodbridge
3815,Corporate,United States,NJ,Bloomfield
1880,Corporate,United States,FL,Miami
19339,Consumer,Puerto Rico,PR,Caguas
19336,Corporate,United States,VA,Norfolk
19306,Consumer,United States,CA,Riverside
16760,Consumer,United States,CA,Carson
16732,Corporate,United States,NY,Webster
16728,Consumer,United States,MI,Dearborn
16706,Consumer,Puerto Rico,PR,Caguas
16674,Consumer,Puerto Rico,PR,Caguas
16655,Consumer,United States,OH,Hamilton
1294,Home Office,Puerto Rico,PR,Caguas
12610,Consumer,Puerto Rico,PR,Caguas
12838,Consumer,Puerto Rico,PR,Caguas
11658,Consumer,United States,OR,Portland
3695,Corporate,United States,OR,Portland
15660,Corporate,United States,NV,Las Vegas
18722,Corporate,United States,CA,Los Angeles
1899,Corporate,United States,VA,Norfolk
16640,Consumer,Puerto Rico,PR,Caguas
4012,Corporate,United States,GA,Roswell
116,Home Office,Puerto Rico,PR,Caguas
16020,Consumer,Puerto Rico,PR,Caguas
20682,Consumer,Puerto Rico,PR,Caguas
18684,Consumer,Puerto Rico,PR,Caguas
8910,Corporate,Puerto Rico,PR,Caguas
983,Corporate,Puerto Rico,PR,Caguas
6113,Corporate,Puerto Rico,PR,Caguas
12113,Corporate,United States,MD,Baltimore
7160,Corporate,United States,CA,Diamond Bar
6561,Corporate,United States,TX,San Benito
16223,Corporate,United States,MO,Columbia
15212,Corporate,United States,NV,Las Vegas
20024,Corporate,United States,CA,Bellflower
15201,Corporate,United States,VA,Woodbridge
17752,Corporate,United States,DE,Newark
15218,Corporate,United States,CA,Los Angeles
16409,Corporate,United States,CA,Alhambra
3853,Corporate,United States,NY,South Richmond Hill
11602,Corporate,United States,PA,Mechanicsburg
2923,Corporate,United States,IL,Mchenry
17136,Corporate,United States,CO,Aurora
15203,Corporate,United States,NY,Webster
11855,Consumer,United States,OH,Columbus
11308,Corporate,United States,CA,San Marcos
3457,Corporate,United States,CA,Pomona
8063,Consumer,United States,NY,Brooklyn
4809,Corporate,Puerto Rico,PR,Caguas
14504,Consumer,United States,GA,Atlanta
10092,Consumer,United States,PA,Philadelphia
15917,Consumer,United States,MI,Wyoming
15582,Consumer,United States,FL,Opa Locka
17836,Home Office,Puerto Rico,PR,Caguas
16203,Home Office,Puerto Rico,PR,Caguas
16141,Home Office,Puerto Rico,PR,Caguas
20072,Consumer,Puerto Rico,PR,Caguas
17787,Consumer,Puerto Rico,PR,Caguas
14424,Corporate,Puerto Rico,PR,Rio Grande
6446,Corporate,Puerto Rico,PR,Caguas
1904,Corporate,Puerto Rico,PR,Caguas
14736,Corporate,Puerto Rico,PR,Caguas
1835,Corporate,United States,NY,Buffalo
1869,Corporate,United States,SC,Summerville
11342,Corporate,United States,OR,Salem
5221,Corporate,United States,MO,Ballwin
2075,Corporate,United States,PA,Lansdale
1196,Corporate,United States,NY,Bronx
8610,Corporate,United States,WA,Federal Way
786,Corporate,United States,IL,Chicago
578,Consumer,United States,HI,Kaneohe
13172,Consumer,United States,WA,Longview
1741,Corporate,United States,CA,Mission Viejo
9045,Corporate,United States,IL,Chicago
11320,Corporate,United States,CA,Tracy
11735,Corporate,United States,TX,Richmond
13129,Home Office,Puerto Rico,PR,Caguas
19906,Home Office,Puerto Rico,PR,Caguas
8946,Home Office,Puerto Rico,PR,Caguas
6844,Consumer,Puerto Rico,PR,Caguas
2791,Consumer,Puerto Rico,PR,Caguas
14721,Consumer,Puerto Rico,PR,Caguas
13792,Consumer,Puerto Rico,PR,San Juan
15092,Consumer,Puerto Rico,PR,Caguas
7759,Consumer,Puerto Rico,PR,Caguas
13594,Consumer,Puerto Rico,PR,Caguas
9615,Corporate,United States,CA,Escondido
5059,Corporate,United States,SC,Goose Creek
5685,Corporate,United States,NY,Brooklyn
8076,Corporate,United States,MI,Ann Arbor
189,Corporate,United States,TX,San Marcos
5478,Consumer,United States,CA,Temecula
14691,Consumer,United States,PA,Philadelphia
12798,Consumer,United States,CA,Diamond Bar
12896,Consumer,United States,CT,Milford
5003,Consumer,United States,CA,Laguna Niguel
3248,Consumer,United States,NJ,Edison
12364,Consumer,United States,GA,Atlanta
20657,Consumer,United States,MI,Wyandotte
16116,Consumer,United States,IL,Aurora
17040,Consumer,United States,TX,San Antonio
1465,Consumer,United States,NJ,Wayne
14253,Consumer,United States,MO,Florissant
89,Consumer,United States,CA,Escondido
13300,Corporate,United States,TX,Plano
14841,Corporate,United States,IL,Aurora
17577,Corporate,United States,TX,North Richland Hills
6185,Corporate,United States,IL,Chicago
13382,Corporate,United States,CA,La Mesa
14092,Corporate,United States,VA,Virginia Beach
14001,Corporate,United States,CA,Campbell
9627,Corporate,United States,NV,Las Vegas
16278,Corporate,United States,IL,Palatine
14213,Corporate,United States,TX,Baytown
9156,Consumer,United States,IL,Chicago
15338,Consumer,United States,OH,Loveland
18904,Consumer,United States,CA,Moreno Valley
16213,Consumer,United States,CA,Los Angeles
11251,Consumer,United States,CA,Daly City
13472,Consumer,United States,FL,Miami
12926,Consumer,Puerto Rico,PR,Caguas
7706,Consumer,Puerto Rico,PR,Caguas
16455,Consumer,Puerto Rico,PR,Caguas
16415,Consumer,Puerto Rico,PR,Caguas
15680,Consumer,Puerto Rico,PR,Caguas
15966,Consumer,Puerto Rico,PR,Caguas
18438,Consumer,Puerto Rico,PR,Caguas
18483,Consumer,Puerto Rico,PR,Caguas
20465,Consumer,Puerto Rico,PR,Caguas
18716,Consumer,Puerto Rico,PR,Caguas
15640,Consumer,Puerto Rico,PR,Caguas
17801,Consumer,Puerto Rico,PR,Caguas
18963,Consumer,Puerto Rico,PR,Caguas
19780,Consumer,Puerto Rico,PR,Caguas
18526,Consumer,Puerto Rico,PR,Caguas
18595,Consumer,Puerto Rico,PR,Caguas
14789,Corporate,United States,TX,Dallas
7507,Corporate,United States,DC,Washington
18751,Corporate,United States,MI,Mount Pleasant
15656,Corporate,United States,CA,Sacramento
12994,Corporate,United States,PA,Carlisle
106,Corporate,United States,CA,Napa
20046,Corporate,United States,CO,Greeley
19996,Corporate,United States,CA,Sunnyvale
8479,Corporate,Puerto Rico,PR,Caguas
13354,Corporate,Puerto Rico,PR,Caguas
3854,Corporate,Puerto Rico,PR,Caguas
16165,Corporate,Puerto Rico,PR,Caguas
20145,Corporate,Puerto Rico,PR,Caguas
20156,Corporate,Puerto Rico,PR,Caguas
18641,Corporate,Puerto Rico,PR,Caguas
13243,Corporate,United States,CA,Elk Grove
4284,Corporate,United States,CA,Simi Valley
4401,Corporate,United States,GA,Lilburn
13795,Corporate,United States,CA,Canyon Country
19901,Corporate,United States,MO,Florissant
19264,Corporate,United States,GA,Lilburn
20548,Corporate,United States,TX,Austin
20278,Corporate,United States,HI,Mililani
8228,Corporate,United States,NJ,Morristown
17323,Home Office,Puerto Rico,PR,Caguas
15871,Home Office,Puerto Rico,PR,Caguas
6069,Consumer,United States,FL,Orlando
7323,Corporate,Puerto Rico,PR,Caguas
3700,Corporate,United States,NV,Las Vegas
7091,Consumer,United States,MA,Taunton
5161,Consumer,United States,CA,Mission Viejo
7973,Consumer,United States,NY,Bronx
13902,Consumer,United States,NC,Lenoir
14720,Consumer,United States,PA,Philadelphia
12832,Consumer,United States,TX,Richmond
12882,Consumer,United States,CA,Mission Viejo
16431,Consumer,United States,NV,North Las Vegas
16413,Consumer,United States,MI,Detroit
16548,Consumer,United States,OH,Elyria
19150,Consumer,United States,TN,Cordova
20440,Consumer,United States,CA,Los Angeles
17455,Consumer,United States,CA,Los Angeles
20369,Consumer,United States,GA,Stockbridge
18544,Consumer,United States,CT,Danbury
14209,Consumer,United States,MI,Canton
14918,Consumer,United States,CA,Riverside
12722,Consumer,United States,CA,Santa Cruz
14349,Consumer,United States,CA,Daly City
13596,Consumer,United States,CA,Los Angeles
12900,Consumer,United States,PA,Morrisville
20539,Consumer,United States,NM,Albuquerque
18696,Consumer,United States,NJ,Princeton
17582,Consumer,United States,IL,Mount Prospect
11194,Consumer,United States,CO,Aurora
14411,Consumer,United States,GA,Smyrna
17673,Corporate,Puerto Rico,PR,Caguas
19079,Corporate,Puerto Rico,PR,Caguas
8599,Corporate,Puerto Rico,PR,Caguas
14775,Corporate,Puerto Rico,PR,Caguas
14420,Corporate,Puerto Rico,PR,Caguas
19201,Corporate,Puerto Rico,PR,Caguas
15781,Corporate,Puerto Rico,PR,Caguas
17678,Corporate,Puerto Rico,PR,Caguas
7086,Corporate,Puerto Rico,PR,Caguas
15653,Corporate,Puerto Rico,PR,Caguas
8729,Corporate,Puerto Rico,PR,Caguas
15195,Corporate,Puerto Rico,PR,Caguas
20068,Corporate,Puerto Rico,PR,Caguas
20301,Corporate,Puerto Rico,PR,Caguas
14461,Corporate,Puerto Rico,PR,Caguas
14438,Corporate,Puerto Rico,PR,Caguas
14415,Corporate,Puerto Rico,PR,Caguas
14022,Corporate,Puerto Rico,PR,Caguas
1121,Corporate,Puerto Rico,PR,Caguas
4748,Corporate,Puerto Rico,PR,Caguas
15129,Corporate,Puerto Rico,PR,Caguas
18241,Corporate,Puerto Rico,PR,Caguas
15857,Corporate,Puerto Rico,PR,Caguas
20736,Corporate,Puerto Rico,PR,Caguas
15501,Corporate,Puerto Rico,PR,Caguas
15317,Corporate,Puerto Rico,PR,Caguas
15650,Corporate,Puerto Rico,PR,Caguas
16266,Corporate,Puerto Rico,PR,Caguas
17050,Corporate,Puerto Rico,PR,Caguas
16581,Consumer,United States,NJ,West Orange
15738,Consumer,United States,OR,Salem
20686,Consumer,United States,CA,San Jose
17742,Consumer,United States,CA,Fremont
10716,Consumer,United States,OH,Lancaster
15186,Consumer,United States,KY,Bowling Green
17827,Consumer,United States,CO,Denver
20357,Consumer,United States,MI,Ypsilanti
7300,Consumer,United States,MA,New Bedford
5758,Consumer,United States,CA,Huntington Beach
10050,Consumer,United States,NY,Lockport
5823,Consumer,United States,PA,Lancaster
13713,Corporate,United States,WI,Beloit
18240,Corporate,United States,CA,Escondido
17462,Corporate,United States,NM,Albuquerque
466,Corporate,United States,NY,Bronx
17592,Corporate,United States,NC,Apex
18915,Corporate,United States,CA,Palo Alto
11467,Corporate,United States,CA,Fontana
17532,Corporate,United States,CA,Long Beach
20333,Corporate,United States,FL,Miami
20338,Corporate,United States,IL,Chicago
20028,Corporate,United States,OR,Eugene
13036,Corporate,United States,OR,Bend
14787,Corporate,United States,TX,Houston
18096,Corporate,United States,MD,Baltimore
19117,Corporate,United States,CA,Los Angeles
20720,Corporate,United States,TX,Edinburg
19159,Corporate,United States,NY,Brooklyn
20097,Corporate,United States,CA,El Cajon
14460,Corporate,United States,CA,Poway
13296,Corporate,United States,TX,Houston
13716,Corporate,United States,CA,San Diego
13960,Corporate,United States,CA,La Mirada
14779,Corporate,United States,OK,Lawton
13959,Corporate,United States,CA,Van Nuys
12016,Corporate,Puerto Rico,PR,Trujillo Alto
19736,Home Office,United States,NY,Lindenhurst
19722,Consumer,United States,CO,Broomfield
19711,Corporate,United States,NY,Corona
19708,Consumer,United States,CA,Los Angeles
19693,Consumer,United States,NY,Brooklyn
19679,Consumer,Puerto Rico,PR,Caguas
19645,Consumer,United States,MD,Annapolis
19633,Corporate,United States,NY,Ithaca
19624,Home Office,United States,CA,Vista
19619,Corporate,United States,IL,Chicago
19614,Home Office,United States,NY,Brooklyn
19611,Home Office,United States,CA,Sunnyvale
19608,Home Office,Puerto Rico,PR,Caguas
19606,Consumer,Puerto Rico,PR,Caguas
19588,Consumer,Puerto Rico,PR,Caguas
19564,Consumer,United States,TX,San Antonio
19552,Corporate,United States,MI,Wyoming
19548,Consumer,United States,CA,Anaheim
19535,Corporate,United States,CA,San Diego
19522,Consumer,United States,MA,Lawrence
19518,Consumer,Puerto Rico,PR,Caguas
17012,Corporate,United States,PA,Washington
16995,Home Office,United States,IL,Joliet
16983,Consumer,United States,CA,Van Nuys
16978,Corporate,United States,NJ,Irvington
16967,Consumer,United States,TX,Laredo
16957,Consumer,Puerto Rico,PR,Caguas
16956,Home Office,United States,IL,Chicago
16947,Consumer,Puerto Rico,PR,Caguas
16928,Consumer,United States,MA,Lawrence
16926,Consumer,Puerto Rico,PR,Caguas
16920,Home Office,United States,GA,Powder Springs
16908,Consumer,Puerto Rico,PR,Caguas
16894,Corporate,United States,NY,Tonawanda
16891,Corporate,Puerto Rico,PR,Caguas
16885,Consumer,United States,MA,Peabody
16884,Consumer,Puerto Rico,PR,Caguas
16843,Corporate,United States,ND,Bismarck
16839,Consumer,United States,ND,Bismarck
16816,Corporate,Puerto Rico,PR,Caguas
9927,Consumer,United States,FL,Miami
13098,Consumer,Puerto Rico,PR,Caguas
13247,Consumer,Puerto Rico,PR,Caguas
13013,Consumer,Puerto Rico,PR,Caguas
14135,Consumer,Puerto Rico,PR,Caguas
13541,Corporate,United States,MI,Wyandotte
12559,Corporate,United States,OR,Bend
14277,Corporate,United States,OH,Cleveland
13649,Corporate,United States,OR,Eugene
18128,Corporate,United States,NY,Newburgh
18140,Corporate,United States,PA,Irwin
19071,Corporate,United States,WI,Madison
20661,Corporate,United States,LA,Marrero
20444,Corporate,United States,TX,Mesquite
13591,Home Office,United States,CO,Greeley
15981,Home Office,United States,NY,Rochester
15918,Home Office,United States,VA,Richmond
15695,Home Office,United States,NY,New York
13643,Home Office,United States,CA,Diamond Bar
12680,Home Office,United States,CA,Long Beach
12337,Consumer,United States,IL,Chicago
14629,Consumer,United States,IL,Moline
15032,Consumer,United States,AZ,Yuma
18788,Consumer,United States,UT,Salt Lake City
17359,Consumer,United States,FL,Valrico
20561,Consumer,United States,TX,Eagle Pass
17367,Consumer,United States,TX,El Paso
17146,Consumer,United States,NJ,New Brunswick
16243,Consumer,United States,FL,Brandon
15226,Consumer,United States,CA,Santa Ana
19112,Corporate,Puerto Rico,PR,Caguas
16253,Corporate,Puerto Rico,PR,Toa Alta
20322,Corporate,Puerto Rico,PR,Caguas
14585,Corporate,United States,AZ,Tucson
14527,Corporate,United States,RI,Woonsocket
13402,Corporate,United States,CA,Los Angeles
13329,Corporate,United States,UT,Ogden
19111,Corporate,United States,TX,Dallas
13159,Corporate,United States,VA,Richmond
14000,Corporate,United States,NY,Brooklyn
13009,Corporate,United States,DC,Washington
13572,Corporate,United States,MO,Ballwin
18065,Corporate,United States,IL,Glenview
16164,Corporate,United States,OH,Loveland
20648,Corporate,United States,DE,Newark
1879,Corporate,Puerto Rico,PR,Caguas
14177,Consumer,United States,CA,Mission Viejo
13765,Consumer,United States,NV,Las Vegas
14854,Consumer,United States,CT,Enfield
13583,Consumer,United States,NY,Brooklyn
12705,Consumer,United States,IL,Chicago
14975,Consumer,United States,NY,Brooklyn
14103,Consumer,United States,AZ,Phoenix
13621,Corporate,United States,MN,Saint Paul
14399,Corporate,United States,CA,Los Angeles
12811,Corporate,United States,TX,Dallas
13849,Corporate,United States,IL,Chicago
13647,Corporate,United States,CA,Los Angeles
12732,Corporate,United States,MI,Detroit
14380,Corporate,United States,IL,Crystal Lake
14753,Corporate,United States,CA,Santa Cruz
12817,Corporate,United States,OH,Fairfield
13808,Corporate,United States,VA,Virginia Beach
12573,Corporate,United States,OK,Broken Arrow
16530,Corporate,United States,NJ,Clementon
20726,Corporate,United States,TN,Memphis
15604,Corporate,United States,IL,Chicago
15276,Corporate,United States,MA,Brighton
17755,Corporate,United States,GA,Stone Mountain
17758,Corporate,United States,FL,Miami
12738,Consumer,United States,CA,Fullerton
12448,Consumer,United States,TX,San Antonio
12548,Consumer,United States,OH,Middletown
14925,Consumer,United States,TX,San Antonio
18154,Consumer,United States,NY,Freeport
18126,Consumer,United States,MA,Lynn
19226,Consumer,United States,WA,Lynnwood
16414,Consumer,United States,CA,Walnut
18370,Consumer,United States,NC,Chapel Hill
18292,Consumer,United States,IL,Aurora
20651,Consumer,United States,DC,Washington
17275,Consumer,United States,NV,Las Vegas
17454,Consumer,United States,FL,Jacksonville
15359,Consumer,United States,IL,Mchenry
15573,Consumer,United States,CA,Oxnard
19001,Consumer,United States,AR,Jonesboro
20125,Consumer,United States,DC,Washington
18530,Consumer,United States,CA,Escondido
17036,Consumer,United States,OK,Broken Arrow
9102,Consumer,United States,IL,Aurora
5228,Consumer,United States,IL,Moline
14875,Corporate,Puerto Rico,PR,Caguas
13489,Corporate,Puerto Rico,PR,Caguas
13391,Corporate,Puerto Rico,PR,Caguas
14698,Corporate,Puerto Rico,PR,Caguas
18461,Corporate,Puerto Rico,PR,Caguas
20727,Corporate,Puerto Rico,PR,Caguas
15956,Corporate,Puerto Rico,PR,Caguas
17576,Corporate,Puerto Rico,PR,Caguas
20279,Corporate,Puerto Rico,PR,Caguas
16333,Corporate,Puerto Rico,PR,Caguas
14621,Corporate,Puerto Rico,PR,Caguas
19805,Corporate,Puerto Rico,PR,Caguas
19062,Consumer,United States,NY,Brooklyn
15729,Consumer,United States,CA,San Jose
15746,Consumer,United States,IL,Glenview
17415,Consumer,United States,CA,Costa Mesa
18515,Consumer,United States,CA,San Bernardino
17638,Consumer,United States,PA,Philadelphia
18342,Consumer,United States,NY,Forest Hills
20574,Consumer,United States,UT,Ogden
20171,Consumer,United States,TX,Houston
18991,Consumer,United States,AZ,Chandler
16375,Consumer,United States,NV,North Las Vegas
17790,Consumer,United States,CA,Santa Ana
20572,Consumer,United States,MA,Quincy
20570,Consumer,United States,LA,Metairie
15577,Consumer,United States,NY,Massapequa
8267,Home Office,United States,MA,Brighton
12687,Home Office,United States,MN,Saint Paul
16472,Home Office,United States,IL,Granite City
18791,Home Office,United States,CA,Hayward
15816,Home Office,United States,MI,Detroit
17661,Home Office,United States,NY,Ithaca
16383,Home Office,United States,KS,Wichita
16603,Home Office,United States,MA,Malden
18422,Home Office,United States,CA,Los Angeles
17482,Home Office,United States,NM,Santa Fe
18304,Home Office,United States,IL,Des Plaines
16128,Home Office,United States,CA,Los Angeles
13217,Home Office,United States,FL,Miami
12960,Consumer,United States,MA,New Bedford
13508,Consumer,United States,LA,New Orleans
15579,Consumer,United States,CT,Stamford
19994,Consumer,United States,PA,Allentown
18984,Consumer,United States,CA,Chula Vista
18640,Consumer,United States,VA,Stafford
12719,Consumer,United States,CA,Wilmington
16558,Consumer,United States,IL,Chicago
13338,Consumer,United States,MI,Dearborn
13834,Consumer,United States,CO,Longmont
14603,Consumer,United States,CA,Los Angeles
12529,Consumer,United States,MD,Annapolis
15686,Consumer,United States,CA,Bell Gardens
20122,Consumer,United States,NY,Buffalo
14383,Consumer,United States,AR,Conway
14124,Consumer,United States,CA,San Francisco
13260,Consumer,United States,MD,Hagerstown
13892,Consumer,United States,TX,Spring
13565,Consumer,United States,CA,San Diego
13580,Consumer,United States,NY,Brooklyn
14983,Consumer,United States,TX,North Richland Hills
13310,Consumer,United States,AZ,Phoenix
13104,Consumer,United States,AZ,Peoria
13767,Consumer,United States,CA,Panorama City
12871,Consumer,United States,IL,Chicago
19158,Corporate,Puerto Rico,PR,Caguas
18453,Corporate,Puerto Rico,PR,Caguas
20665,Corporate,Puerto Rico,PR,Caguas
15235,Corporate,Puerto Rico,PR,Caguas
19193,Corporate,Puerto Rico,PR,Caguas
9620,Consumer,United States,NC,Greensboro
5647,Corporate,Puerto Rico,PR,Caguas
1954,Corporate,Puerto Rico,PR,Caguas
9976,Corporate,Puerto Rico,PR,Caguas
11818,Corporate,Puerto Rico,PR,Caguas
1802,Corporate,Puerto Rico,PR,Caguas
2934,Corporate,Puerto Rico,PR,Caguas
11007,Corporate,Puerto Rico,PR,Caguas
10421,Corporate,Puerto Rico,PR,Caguas
5015,Corporate,Puerto Rico,PR,Caguas
7353,Corporate,Puerto Rico,PR,Caguas
5733,Corporate,Puerto Rico,PR,Caguas
10574,Corporate,Puerto Rico,PR,Caguas
5807,Corporate,Puerto Rico,PR,Caguas
4759,Corporate,Puerto Rico,PR,Caguas
14696,Corporate,Puerto Rico,PR,Caguas
2318,Corporate,Puerto Rico,PR,Caguas
4716,Corporate,Puerto Rico,PR,Caguas
13646,Corporate,Puerto Rico,PR,Caguas
3681,Corporate,Puerto Rico,PR,Caguas
4666,Corporate,Puerto Rico,PR,Manati
4574,Corporate,Puerto Rico,PR,Caguas
5710,Corporate,Puerto Rico,PR,Caguas
13813,Corporate,Puerto Rico,PR,Rio Grande
3160,Corporate,Puerto Rico,PR,Caguas
443,Corporate,Puerto Rico,PR,Caguas
8595,Corporate,Puerto Rico,PR,Caguas
9006,Corporate,Puerto Rico,PR,Caguas
2854,Corporate,Puerto Rico,PR,Caguas
11109,Corporate,Puerto Rico,PR,Caguas
8651,Corporate,Puerto Rico,PR,Caguas
3817,Corporate,Puerto Rico,PR,Toa Alta
9433,Corporate,Puerto Rico,PR,Caguas
9799,Corporate,Puerto Rico,PR,Caguas
3834,Corporate,Puerto Rico,PR,Caguas
7241,Corporate,Puerto Rico,PR,Caguas
6230,Corporate,Puerto Rico,PR,Caguas
12398,Corporate,Puerto Rico,PR,Caguas
8095,Corporate,Puerto Rico,PR,Caguas
4871,Corporate,Puerto Rico,PR,Caguas
5862,Corporate,Puerto Rico,PR,Caguas
15807,Corporate,Puerto Rico,PR,Caguas
3636,Corporate,Puerto Rico,PR,Caguas
10511,Corporate,Puerto Rico,PR,Caguas
11183,Corporate,Puerto Rico,PR,San Juan
15330,Corporate,Puerto Rico,PR,Caguas
18670,Corporate,Puerto Rico,PR,Caguas
19815,Corporate,Puerto Rico,PR,Caguas
16512,Corporate,Puerto Rico,PR,Trujillo Alto
7960,Corporate,Puerto Rico,PR,Caguas
477,Corporate,Puerto Rico,PR,Caguas
18954,Corporate,Puerto Rico,PR,Caguas
1967,Corporate,Puerto Rico,PR,Caguas
11607,Corporate,Puerto Rico,PR,Caguas
1264,Corporate,Puerto Rico,PR,Caguas
9765,Corporate,Puerto Rico,PR,Caguas
9374,Corporate,Puerto Rico,PR,Caguas
5918,Corporate,Puerto Rico,PR,Caguas
2395,Corporate,Puerto Rico,PR,Caguas
16233,Consumer,Puerto Rico,PR,Caguas
10213,Consumer,Puerto Rico,PR,Guayama
11889,Consumer,Puerto Rico,PR,Caguas
7081,Consumer,Puerto Rico,PR,Caguas
5280,Consumer,Puerto Rico,PR,Caguas
7273,Consumer,Puerto Rico,PR,Bayamon
2627,Consumer,Puerto Rico,PR,Caguas
11210,Consumer,Puerto Rico,PR,Caguas
1647,Consumer,Puerto Rico,PR,Caguas
1972,Consumer,Puerto Rico,PR,Caguas
12322,Consumer,Puerto Rico,PR,Caguas
7200,Consumer,Puerto Rico,PR,Caguas
5644,Consumer,Puerto Rico,PR,Caguas
9,Consumer,Puerto Rico,PR,Caguas
2466,Consumer,Puerto Rico,PR,Caguas
1665,Consumer,Puerto Rico,PR,Caguas
11551,Consumer,Puerto Rico,PR,Caguas
10139,Consumer,Puerto Rico,PR,Caguas
1840,Consumer,Puerto Rico,PR,Caguas
797,Consumer,Puerto Rico,PR,Caguas
4659,Consumer,Puerto Rico,PR,Caguas
10999,Consumer,Puerto Rico,PR,Caguas
3561,Consumer,Puerto Rico,PR,Caguas
17358,Consumer,Puerto Rico,PR,Caguas
1364,Consumer,Puerto Rico,PR,Caguas
4857,Consumer,Puerto Rico,PR,Caguas
19898,Consumer,Puerto Rico,PR,Caguas
5904,Consumer,Puerto Rico,PR,Caguas
2044,Consumer,Puerto Rico,PR,Caguas
2469,Consumer,Puerto Rico,PR,Caguas
6297,Consumer,Puerto Rico,PR,Caguas
6149,Consumer,Puerto Rico,PR,Caguas
4916,Consumer,Puerto Rico,PR,Caguas
10333,Consumer,Puerto Rico,PR,Caguas
9806,Consumer,Puerto Rico,PR,Caguas
8919,Consumer,Puerto Rico,PR,Caguas
7223,Consumer,Puerto Rico,PR,Caguas
14535,Consumer,Puerto Rico,PR,Caguas
14687,Consumer,Puerto Rico,PR,Caguas
13240,Consumer,Puerto Rico,PR,Caguas
11426,Consumer,Puerto Rico,PR,Caguas
6720,Consumer,Puerto Rico,PR,Caguas
6365,Consumer,Puerto Rico,PR,Caguas
2008,Consumer,Puerto Rico,PR,Caguas
10502,Consumer,Puerto Rico,PR,Caguas
7582,Consumer,Puerto Rico,PR,Caguas
11674,Consumer,Puerto Rico,PR,Caguas
10036,Consumer,Puerto Rico,PR,Caguas
6162,Consumer,Puerto Rico,PR,Caguas
11418,Consumer,Puerto Rico,PR,Caguas
12571,Consumer,Puerto Rico,PR,Caguas
11591,Consumer,Puerto Rico,PR,Caguas
3076,Consumer,Puerto Rico,PR,Caguas
8981,Consumer,Puerto Rico,PR,Caguas
6336,Consumer,Puerto Rico,PR,Caguas
11139,Consumer,Puerto Rico,PR,Caguas
3953,Consumer,Puerto Rico,PR,Caguas
3851,Consumer,Puerto Rico,PR,Caguas
4151,Consumer,Puerto Rico,PR,Caguas
3551,Consumer,Puerto Rico,PR,Caguas
9259,Consumer,Puerto Rico,PR,Guayama
870,Consumer,Puerto Rico,PR,Caguas
17502,Consumer,Puerto Rico,PR,Caguas
16627,Consumer,Puerto Rico,PR,Caguas
7543,Consumer,Puerto Rico,PR,Caguas
4163,Consumer,Puerto Rico,PR,Caguas
6428,Consumer,Puerto Rico,PR,Caguas
1077,Consumer,Puerto Rico,PR,Caguas
18009,Consumer,Puerto Rico,PR,Caguas
17625,Consumer,Puerto Rico,PR,Caguas
8331,Consumer,Puerto Rico,PR,Caguas
8803,Consumer,Puerto Rico,PR,Caguas
4623,Consumer,Puerto Rico,PR,Arecibo
2197,Consumer,Puerto Rico,PR,Caguas
5586,Consumer,Puerto Rico,PR,Caguas
11344,Consumer,Puerto Rico,PR,Caguas
3321,Consumer,Puerto Rico,PR,Caguas
1185,Consumer,United States,MN,Saint Paul
7736,Consumer,United States,NY,Brooklyn
5283,Consumer,United States,CA,Escondido
6325,Consumer,United States,OH,Zanesville
11571,Consumer,United States,FL,Brandon
12366,Consumer,United States,MN,Saint Paul
10918,Consumer,United States,PA,Mechanicsburg
9642,Consumer,United States,UT,Clearfield
6907,Consumer,United States,TX,El Paso
3710,Consumer,United States,MO,Springfield
11643,Consumer,United States,MA,Dorchester Center
4598,Consumer,United States,CO,Aurora
4872,Consumer,United States,NY,Brooklyn
494,Consumer,United States,CO,Greeley
10288,Consumer,United States,FL,Oviedo
6884,Consumer,United States,MA,Peabody
12013,Consumer,United States,CA,Daly City
10506,Consumer,United States,NJ,Wayne
3721,Consumer,United States,MI,Mount Pleasant
10176,Consumer,United States,OR,Oregon City
7327,Consumer,United States,FL,Orlando
12368,Consumer,United States,CA,Fresno
4390,Consumer,United States,GA,Marietta
11315,Consumer,United States,TX,College Station
1109,Consumer,United States,LA,Marrero
10114,Consumer,United States,CA,Los Angeles
7798,Consumer,United States,NY,New York
4102,Consumer,United States,LA,Marrero
2492,Consumer,United States,NJ,Clementon
7482,Consumer,United States,VA,Stafford
4815,Consumer,United States,CA,Los Angeles
5359,Consumer,United States,MD,Annapolis
9367,Consumer,United States,TX,San Benito
1223,Consumer,United States,NY,Bronx
5643,Consumer,United States,MD,Silver Spring
10625,Consumer,United States,CA,San Diego
7992,Consumer,United States,TN,Memphis
11388,Consumer,United States,CA,Lancaster
12066,Consumer,United States,NJ,Union City
6217,Consumer,United States,PA,Morrisville
388,Consumer,United States,CA,Los Angeles
1450,Consumer,United States,MN,Saint Paul
11343,Consumer,United States,FL,Orange Park
4832,Consumer,United States,CA,Vallejo
11136,Consumer,United States,FL,Hollywood
10549,Consumer,United States,MD,Baltimore
7448,Consumer,United States,NC,Apex
10122,Consumer,United States,CA,Salinas
9965,Consumer,United States,CA,Los Angeles
10135,Consumer,United States,TX,Dallas
10012,Consumer,United States,WA,Lynnwood
9370,Consumer,United States,MD,Gaithersburg
6909,Consumer,United States,MO,Florissant
12421,Consumer,United States,CT,Middletown
10563,Consumer,United States,FL,Hollywood
7935,Consumer,United States,RI,Pawtucket
4582,Consumer,United States,CA,Anaheim
2182,Consumer,United States,CA,Elk Grove
5408,Consumer,United States,CA,Fremont
2256,Consumer,United States,CA,San Jose
3673,Consumer,United States,CA,Bell Gardens
6933,Consumer,United States,MI,Taylor
9271,Consumer,United States,TX,Fort Worth
5418,Consumer,United States,GA,Marietta
1542,Consumer,United States,LA,New Orleans
1054,Consumer,United States,IL,Chicago
1137,Consumer,United States,MI,Holland
11727,Consumer,United States,NY,Staten Island
9478,Consumer,United States,MA,Lawrence
7470,Consumer,United States,FL,Orlando
11599,Consumer,United States,NC,Hickory
9805,Consumer,United States,CA,Walnut
9017,Consumer,United States,NY,Troy
938,Consumer,United States,WI,Madison
12108,Consumer,United States,OH,Hilliard
4995,Consumer,United States,GA,Lawrenceville
11880,Consumer,United States,HI,Honolulu
9925,Consumer,United States,WA,Redmond
9258,Consumer,United States,LA,Marrero
9018,Consumer,United States,TX,Dallas
7905,Consumer,United States,TX,Brownsville
5750,Consumer,United States,NY,Webster
173,Consumer,United States,IL,Lombard
384,Consumer,United States,NV,Las Vegas
1335,Consumer,United States,FL,Winter Park
11656,Consumer,United States,CO,Aurora
4181,Consumer,United States,CA,Ventura
4122,Consumer,United States,IL,Chicago
6506,Consumer,United States,NY,Brooklyn
4548,Consumer,United States,FL,Hialeah
10031,Consumer,United States,NY,Staten Island
12051,Consumer,United States,CA,Campbell
6843,Consumer,United States,NY,New York
3685,Consumer,United States,NC,Apex
9968,Consumer,United States,MO,Saint Louis
1153,Consumer,United States,VA,Woodbridge
6850,Consumer,United States,NM,Albuquerque
6776,Consumer,United States,CA,San Diego
1048,Consumer,United States,NY,Huntington Station
1927,Consumer,United States,CA,Los Angeles
6550,Consumer,United States,NY,Brooklyn
3239,Consumer,United States,KS,Olathe
9534,Consumer,United States,NV,Las Vegas
5952,Consumer,United States,UT,Clearfield
2093,Corporate,United States,CA,San Diego
5676,Consumer,United States,IL,Chicago
3353,Corporate,United States,MA,Lynn
1573,Consumer,United States,AZ,Phoenix
7060,Home Office,Puerto Rico,PR,Caguas
1655,Home Office,Puerto Rico,PR,Caguas
6259,Corporate,United States,MI,Saginaw
3032,Consumer,United States,NC,Jacksonville
4575,Home Office,United States,FL,Orlando
1848,Consumer,United States,TX,Dallas
11849,Home Office,United States,WA,Bellingham
5463,Corporate,United States,WI,Fond Du Lac
639,Home Office,Puerto Rico,PR,Caguas
5379,Consumer,United States,VA,Virginia Beach
5706,Corporate,Puerto Rico,PR,Caguas
8218,Home Office,United States,TX,Fort Worth
190,Corporate,Puerto Rico,PR,Caguas
8423,Consumer,United States,CA,South Gate
8259,Corporate,Puerto Rico,PR,Caguas
10886,Home Office,United States,NY,Brooklyn
1627,Consumer,Puerto Rico,PR,Caguas
10937,Home Office,United States,AZ,Phoenix
2124,Home Office,United States,NJ,Toms River
11142,Home Office,Puerto Rico,PR,Caguas
10856,Home Office,United States,NJ,Toms River
5875,Corporate,United States,PA,Philadelphia
5270,Corporate,United States,IL,Chicago
2545,Home Office,United States,TX,Richardson
6126,Consumer,United States,CA,Chino
11217,Corporate,United States,NY,Brooklyn
5889,Home Office,United States,IL,Pekin
2887,Consumer,United States,CA,Madera
7572,Consumer,Puerto Rico,PR,Caguas
9932,Corporate,United States,IL,Chicago
10767,Consumer,United States,CA,Garden Grove
2880,Home Office,United States,TX,San Antonio
1058,Home Office,Puerto Rico,PR,Caguas
11935,Consumer,United States,CA,Watsonville
10533,Home Office,Puerto Rico,PR,Caguas
9714,Home Office,United States,WA,Seattle
7579,Consumer,United States,AZ,Phoenix
5764,Home Office,Puerto Rico,PR,Caguas
6846,Consumer,United States,MO,Saint Louis
10800,Corporate,United States,TX,Arlington
6490,Home Office,United States,UT,West Jordan
11953,Corporate,United States,TX,Mission
5600,Corporate,Puerto Rico,PR,Caguas
11930,Corporate,United States,MI,Detroit
10168,Home Office,Puerto Rico,PR,Caguas
4875,Consumer,Puerto Rico,PR,Caguas
10930,Corporate,United States,CA,San Jose
4798,Consumer,United States,TX,Plano
5803,Corporate,United States,NY,Jamaica
3135,Consumer,United States,TX,Houston
4490,Consumer,Puerto Rico,PR,Caguas
467,Consumer,United States,CA,Modesto
4333,Consumer,United States,OH,Columbus
6951,Corporate,United States,NJ,East Brunswick
8870,Consumer,United States,FL,Fort Lauderdale
11819,Corporate,United States,HI,Honolulu
12035,Consumer,Puerto Rico,PR,Caguas
8971,Home Office,Puerto Rico,PR,Caguas
2443,Consumer,United States,GA,Stone Mountain
4729,Corporate,United States,FL,Miami
10979,Corporate,Puerto Rico,PR,Caguas
9477,Consumer,United States,CA,Vista
11650,Home Office,Puerto Rico,PR,Caguas
3508,Home Office,United States,CA,Escondido
11723,Corporate,United States,NJ,Bridgeton
6969,Corporate,United States,CA,Tustin
139,Home Office,United States,CA,San Diego
5127,Consumer,United States,AZ,Tempe
717,Corporate,United States,NM,Albuquerque
8295,Consumer,Puerto Rico,PR,Caguas
2644,Home Office,United States,NY,Brooklyn
1057,Home Office,United States,CA,Hayward
3307,Consumer,Puerto Rico,PR,Caguas
6322,Consumer,United States,CA,Hanford
853,Consumer,United States,CA,Rowland Heights
6141,Consumer,Puerto Rico,PR,Caguas
4765,Consumer,United States,CT,Milford
9606,Consumer,United States,CA,Granada Hills
3217,Home Office,Puerto Rico,PR,Caguas
4747,Corporate,United States,IL,Chicago
4120,Corporate,United States,TN,Cordova
11120,Corporate,United States,MO,Saint Louis
6666,Consumer,United States,OH,Painesville
5428,Corporate,United States,WI,La Crosse
7703,Consumer,United States,CA,Rancho Cordova
10062,Consumer,United States,IL,Arlington Heights
8191,Consumer,Puerto Rico,PR,Caguas
9432,Corporate,United States,TX,Sugar Land
4464,Corporate,United States,TX,Amarillo
9853,Home Office,United States,CA,Corona
877,Corporate,Puerto Rico,PR,Caguas
9887,Home Office,United States,WA,Everett
3881,Corporate,Puerto Rico,PR,Caguas
5085,Home Office,Puerto Rico,PR,Caguas
8953,Home Office,United States,ID,Meridian
11575,Consumer,United States,WI,Beloit
2349,Consumer,Puerto Rico,PR,Caguas
5566,Consumer,Puerto Rico,PR,Caguas
2441,Corporate,United States,NC,Jacksonville
11904,Corporate,United States,DC,Washington
10507,Home Office,Puerto Rico,PR,Caguas
11238,Consumer,United States,TN,Hendersonville
5910,Consumer,United States,CA,Long Beach
8421,Consumer,United States,CA,Van Nuys
6890,Consumer,United States,NM,Roswell
8987,Consumer,United States,IL,Chicago
12385,Consumer,United States,VA,Henrico
7189,Consumer,United States,AR,Jonesboro
12212,Consumer,United States,NY,New York
1298,Consumer,United States,CA,San Jose
845,Consumer,United States,CA,Carlsbad
6649,Consumer,United States,MI,Detroit
3420,Consumer,United States,MD,Catonsville
3537,Consumer,United States,CA,La Mesa
10418,Consumer,United States,NY,Brooklyn
16030,Consumer,United States,CA,Pomona
10162,Consumer,United States,CA,Compton
15953,Consumer,United States,NJ,Piscataway
15585,Consumer,United States,TX,Dallas
12065,Consumer,United States,IL,Chicago
20376,Consumer,United States,MD,Hagerstown
19023,Consumer,United States,FL,Valrico
17157,Consumer,United States,HI,Honolulu
18213,Consumer,United States,NY,Buffalo
16436,Consumer,United States,TN,Memphis
7753,Consumer,United States,OH,Columbus
17503,Consumer,United States,IL,Palatine
4235,Consumer,United States,GA,Powder Springs
3379,Consumer,United States,NJ,Union City
17795,Consumer,United States,VA,Woodbridge
20227,Consumer,United States,NC,Greensboro
20637,Consumer,United States,KY,Frankfort
18362,Consumer,United States,CA,Stockton
11107,Consumer,United States,NY,Brooklyn
5810,Consumer,United States,NY,Rome
4530,Consumer,United States,FL,Miami
8521,Consumer,United States,IL,Chicago
1828,Consumer,United States,MN,Saint Paul
6435,Consumer,United States,CA,Salinas
6679,Consumer,United States,CA,Sunnyvale
9807,Consumer,United States,CA,Vista
3280,Consumer,United States,RI,Pawtucket
9664,Consumer,United States,NY,Brooklyn
7700,Consumer,United States,GA,Decatur
3800,Consumer,United States,MD,Germantown
10338,Consumer,United States,IL,Chicago
4564,Consumer,United States,NC,Charlotte
11330,Consumer,United States,PA,Philadelphia
8710,Consumer,United States,GA,Duluth
8632,Consumer,United States,DC,Washington
8933,Consumer,United States,TX,Dallas
6246,Consumer,United States,NY,Rome
3624,Consumer,United States,FL,Lutz
1893,Consumer,United States,CA,Chino
1242,Consumer,United States,MO,O Fallon
7410,Consumer,United States,IL,Quincy
7382,Consumer,United States,IL,Chicago
6575,Consumer,United States,FL,Pompano Beach
12278,Consumer,United States,PA,Philadelphia
3357,Home Office,United States,FL,Lutz
8920,Home Office,United States,MI,Troy
10339,Corporate,United States,IL,Carol Stream
3235,Home Office,Puerto Rico,PR,Caguas
5569,Home Office,United States,CA,Davis
2766,Corporate,Puerto Rico,PR,Caguas
12037,Home Office,Puerto Rico,PR,Caguas
5111,Home Office,United States,NY,Brooklyn
4683,Corporate,United States,CA,Cerritos
5762,Home Office,Puerto Rico,PR,Trujillo Alto
6957,Corporate,United States,CA,Los Angeles
7790,Corporate,United States,CA,Fullerton
539,Home Office,United States,CA,Ventura
3926,Home Office,United States,CA,Fullerton
7792,Corporate,United States,CA,La Mirada
9418,Home Office,Puerto Rico,PR,Caguas
5191,Home Office,Puerto Rico,PR,Caguas
2952,Corporate,Puerto Rico,PR,Caguas
8159,Corporate,United States,OH,Newark
4311,Home Office,Puerto Rico,PR,Caguas
305,Consumer,Puerto Rico,PR,Caguas
8836,Home Office,Puerto Rico,PR,Caguas
372,Home Office,Puerto Rico,PR,Caguas
10693,Corporate,United States,PA,Hanover
460,Home Office,United States,CT,Milford
12,Corporate,United States,TX,San Antonio
1891,Corporate,United States,OH,Painesville
2013,Corporate,United States,MN,Saint Paul
7399,Home Office,United States,CA,Los Angeles
5499,Consumer,United States,CA,Paramount
11163,Consumer,Puerto Rico,PR,Caguas
2311,Home Office,United States,CA,Anaheim
8173,Consumer,United States,CA,Porterville
7265,Home Office,Puerto Rico,PR,Caguas
2736,Corporate,United States,MI,Mount Pleasant
1701,Consumer,Puerto Rico,PR,Caguas
10172,Corporate,United States,CA,San Jose
4489,Home Office,United States,MA,Dorchester Center
1700,Corporate,United States,CA,Los Angeles
482,Consumer,Puerto Rico,PR,Caguas
6304,Corporate,United States,CA,Visalia
9715,Home Office,Puerto Rico,PR,Caguas
11182,Consumer,Puerto Rico,PR,Caguas
7594,Home Office,United States,PA,Wilkes Barre
11385,Consumer,United States,WV,Wheeling
4520,Home Office,United States,IL,Chicago
6616,Corporate,United States,CA,San Marcos
11975,Consumer,Puerto Rico,PR,Caguas
6539,Consumer,Puerto Rico,PR,Caguas
3736,Corporate,Puerto Rico,PR,Caguas
11961,Home Office,United States,IL,Aurora
9198,Consumer,United States,KY,Bowling Green
6108,Home Office,United States,PA,Hanover
9381,Consumer,United States,OH,Loveland
3871,Consumer,United States,IL,Joliet
3933,Consumer,Puerto Rico,PR,Caguas
8109,Corporate,United States,LA,Opelousas
5439,Corporate,United States,NY,Bronx
453,Corporate,United States,SC,Lancaster
10200,Consumer,Puerto Rico,PR,Caguas
110,Corporate,United States,OR,Beaverton
2374,Consumer,Puerto Rico,PR,Caguas
11012,Corporate,United States,WI,Fond Du Lac
7797,Home Office,United States,CA,Los Angeles
9660,Corporate,United States,RI,Pawtucket
9206,Corporate,United States,CA,Pomona
5751,Consumer,Puerto Rico,PR,Caguas
5387,Corporate,Puerto Rico,PR,Caguas
8654,Corporate,Puerto Rico,PR,Caguas
13221,Home Office,Puerto Rico,PR,Caguas
11451,Home Office,Puerto Rico,PR,Caguas
9457,Home Office,Puerto Rico,PR,Caguas
10747,Home Office,Puerto Rico,PR,Caguas
7396,Home Office,Puerto Rico,PR,Caguas
20389,Home Office,Puerto Rico,PR,Caguas
17418,Home Office,Puerto Rico,PR,Caguas
6661,Home Office,Puerto Rico,PR,Caguas
9792,Home Office,Puerto Rico,PR,Caguas
17147,Home Office,Puerto Rico,PR,Caguas
14572,Home Office,Puerto Rico,PR,Caguas
15978,Home Office,Puerto Rico,PR,Caguas
9797,Home Office,Puerto Rico,PR,Caguas
9011,Home Office,Puerto Rico,PR,Caguas
214,Home Office,Puerto Rico,PR,Caguas
886,Home Office,Puerto Rico,PR,Caguas
12613,Home Office,Puerto Rico,PR,Caguas
7142,Home Office,Puerto Rico,PR,Caguas
5456,Home Office,Puerto Rico,PR,Caguas
4028,Home Office,Puerto Rico,PR,Caguas
17537,Home Office,Puerto Rico,PR,Caguas
18927,Home Office,Puerto Rico,PR,Caguas
6541,Consumer,United States,NY,Brentwood
580,Corporate,Puerto Rico,PR,Caguas
5538,Corporate,United States,CA,Livermore
10262,Home Office,Puerto Rico,PR,Caguas
2383,Corporate,United States,OH,Westerville
4578,Home Office,United States,CA,Modesto
9079,Home Office,Puerto Rico,PR,Caguas
5790,Corporate,United States,CA,Fremont
1388,Consumer,United States,VA,Virginia Beach
8874,Corporate,United States,NY,Bronx
10182,Consumer,United States,CA,San Diego
9182,Consumer,United States,MI,Troy
7717,Home Office,United States,NJ,Princeton
2394,Consumer,United States,NY,Rego Park
3473,Corporate,United States,FL,Hialeah
1141,Corporate,United States,MI,Howell
2232,Corporate,United States,KY,Louisville
9483,Consumer,United States,OR,Oregon City
9452,Home Office,United States,NY,New York
8850,Corporate,United States,NY,Brooklyn
6089,Home Office,United States,IL,Chicago
3264,Home Office,United States,NY,New York
696,Consumer,Puerto Rico,PR,Caguas
4288,Consumer,United States,TX,Carrollton
11878,Home Office,United States,CA,San Ramon
3086,Corporate,United States,FL,Tampa
2459,Corporate,Puerto Rico,PR,Caguas
3092,Home Office,United States,NM,Albuquerque
2820,Consumer,United States,IL,Chicago
9871,Corporate,United States,CA,Panorama City
2344,Consumer,Puerto Rico,PR,Caguas
9171,Consumer,United States,VA,Virginia Beach
3293,Corporate,United States,CA,San Jose
8627,Home Office,United States,FL,Miami
4725,Corporate,United States,GA,Lawrenceville
5812,Corporate,United States,NY,New York
6510,Corporate,United States,MD,Cumberland
4211,Consumer,Puerto Rico,PR,Caguas
7868,Home Office,United States,MD,Gwynn Oak
935,Corporate,United States,NY,New York
11465,Home Office,United States,CA,Union City
5460,Home Office,United States,TX,Houston
5514,Consumer,United States,IL,Des Plaines
4307,Consumer,Puerto Rico,PR,Caguas
1589,Corporate,United States,OH,Cleveland
12387,Consumer,United States,PA,Irwin
502,Home Office,United States,NY,South Richmond Hill
9087,Consumer,Puerto Rico,PR,Caguas
3798,Consumer,United States,NJ,Toms River
7826,Corporate,United States,CA,Riverside
6312,Consumer,Puerto Rico,PR,Caguas
3738,Home Office,Puerto Rico,PR,Caguas
2339,Home Office,Puerto Rico,PR,Caguas
4733,Home Office,United States,MO,Saint Louis
9426,Consumer,United States,CO,Aurora
343,Corporate,United States,TX,San Antonio
860,Home Office,United States,TX,Houston
2767,Corporate,United States,NY,Webster
9510,Consumer,Puerto Rico,PR,Caguas
9551,Home Office,United States,NY,New York
281,Corporate,Puerto Rico,PR,Juana Diaz
10208,Home Office,Puerto Rico,PR,Caguas
2288,Home Office,United States,CA,Indio
6338,Consumer,Puerto Rico,PR,Caguas
5818,Corporate,United States,TX,El Paso
7642,Consumer,United States,CA,San Jose
12372,Consumer,Puerto Rico,PR,Caguas
7913,Consumer,Puerto Rico,PR,Caguas
8227,Consumer,United States,NY,Bay Shore
4013,Consumer,Puerto Rico,PR,Caguas
9567,Consumer,United States,NY,Brooklyn
308,Home Office,United States,NY,South Ozone Park
10148,Corporate,United States,NJ,New Brunswick
1499,Consumer,United States,FL,Fort Lauderdale
6002,Consumer,Puerto Rico,PR,Caguas
4145,Consumer,United States,NJ,West Orange
6296,Consumer,United States,CA,Bakersfield
5215,Home Office,United States,CA,Cypress
3908,Corporate,United States,NJ,Lakewood
5102,Consumer,United States,FL,Fort Lauderdale
2026,Corporate,United States,CO,Colorado Springs
10138,Corporate,United States,MA,Brighton
1842,Corporate,Puerto Rico,PR,Caguas
8884,Home Office,United States,PA,Philadelphia
7376,Consumer,United States,IL,Lombard
4384,Consumer,United States,CO,Denver
8185,Home Office,United States,CA,Folsom
752,Corporate,Puerto Rico,PR,Caguas
9061,Consumer,United States,NC,Cary
10016,Corporate,United States,NY,Brooklyn
11305,Consumer,Puerto Rico,PR,Caguas
8943,Home Office,United States,NV,Las Vegas
5388,Corporate,United States,TN,Hendersonville
218,Consumer,United States,CA,La Puente
3434,Corporate,United States,NC,Greensboro
8974,Corporate,United States,CO,Longmont
6807,Corporate,United States,CA,Davis
2126,Consumer,Puerto Rico,PR,Caguas
4171,Corporate,Puerto Rico,PR,Caguas
8471,Consumer,Puerto Rico,PR,Caguas
9227,Consumer,United States,PA,Wilkes Barre
2838,Consumer,Puerto Rico,PR,Caguas
11872,Corporate,United States,CA,Fullerton
3290,Home Office,United States,CA,San Jose
6419,Corporate,United States,CA,San Pedro
530,Corporate,United States,NJ,Newark
4400,Corporate,Puerto Rico,PR,Caguas
8731,Home Office,United States,MI,Detroit
9918,Consumer,Puerto Rico,PR,Caguas
243,Consumer,Puerto Rico,PR,Caguas
13427,Home Office,Puerto Rico,PR,Caguas
6268,Home Office,Puerto Rico,PR,Caguas
17608,Home Office,Puerto Rico,PR,Caguas
19981,Home Office,Puerto Rico,PR,Caguas
19870,Home Office,Puerto Rico,PR,Caguas
18950,Home Office,Puerto Rico,PR,Caguas
19974,Home Office,Puerto Rico,PR,Caguas
19171,Home Office,Puerto Rico,PR,Caguas
61,Home Office,Puerto Rico,PR,Caguas
2634,Corporate,Puerto Rico,PR,Caguas
5727,Corporate,United States,OH,Cleveland
10534,Consumer,United States,OR,Eugene
3651,Corporate,United States,TX,San Antonio
9873,Corporate,United States,VA,Chesapeake
4461,Corporate,United States,CA,San Jose
7615,Consumer,United States,NM,Las Cruces
3891,Consumer,Puerto Rico,PR,Caguas
8657,Corporate,United States,GA,Douglasville
4269,Corporate,United States,CA,Tustin
6537,Corporate,United States,CA,Mission Viejo
9840,Home Office,United States,CA,Pomona
8217,Home Office,United States,CA,Sacramento
7673,Consumer,United States,IL,Chicago
5381,Home Office,United States,CA,Los Angeles
8237,Consumer,Puerto Rico,PR,Caguas
7106,Home Office,United States,MI,Detroit
2158,Consumer,United States,CA,Fontana
839,Consumer,Puerto Rico,PR,Caguas
6163,Home Office,United States,CA,San Jose
1012,Corporate,United States,MD,Silver Spring
5509,Corporate,United States,GA,Decatur
9948,Home Office,United States,CA,Westminster
5999,Corporate,United States,CA,Cupertino
4236,Consumer,Puerto Rico,PR,Caguas
610,Home Office,United States,NY,New York
3451,Consumer,Puerto Rico,PR,Caguas
8670,Consumer,Puerto Rico,PR,Caguas
5198,Corporate,United States,MI,Warren
12361,Consumer,Puerto Rico,PR,Caguas
10318,Corporate,United States,OH,Columbus
2559,Corporate,United States,FL,Orlando
10380,Consumer,Puerto Rico,PR,Caguas
1037,Consumer,Puerto Rico,PR,Caguas
4363,Consumer,Puerto Rico,PR,Caguas
4220,Consumer,Puerto Rico,PR,Caguas
4784,Consumer,Puerto Rico,PR,Caguas
12073,Consumer,Puerto Rico,PR,Caguas
6360,Consumer,Puerto Rico,PR,Caguas
1619,Consumer,Puerto Rico,PR,Caguas
3814,Consumer,Puerto Rico,PR,Caguas
5946,Consumer,Puerto Rico,PR,Caguas
13977,Consumer,Puerto Rico,PR,Caguas
11714,Consumer,Puerto Rico,PR,Caguas
8904,Consumer,Puerto Rico,PR,Caguas
12185,Consumer,Puerto Rico,PR,Caguas
8006,Consumer,Puerto Rico,PR,San Juan
7726,Consumer,Puerto Rico,PR,Caguas
3968,Consumer,Puerto Rico,PR,Caguas
544,Consumer,Puerto Rico,PR,Caguas
4958,Consumer,Puerto Rico,PR,Caguas
12541,Consumer,Puerto Rico,PR,Caguas
12538,Consumer,Puerto Rico,PR,Caguas
15968,Consumer,Puerto Rico,PR,Caguas
1596,Consumer,Puerto Rico,PR,Caguas
20103,Consumer,Puerto Rico,PR,Caguas
2777,Consumer,Puerto Rico,PR,Caguas
18157,Consumer,Puerto Rico,PR,Caguas
15803,Consumer,Puerto Rico,PR,San Juan
17213,Consumer,Puerto Rico,PR,Caguas
429,Consumer,Puerto Rico,PR,Caguas
2662,Consumer,Puerto Rico,PR,Caguas
253,Consumer,Puerto Rico,PR,Caguas
14311,Consumer,Puerto Rico,PR,Caguas
14423,Consumer,Puerto Rico,PR,Caguas
14027,Consumer,Puerto Rico,PR,Caguas
11839,Consumer,Puerto Rico,PR,Caguas
14130,Consumer,Puerto Rico,PR,Caguas
14408,Consumer,Puerto Rico,PR,Caguas
13154,Consumer,Puerto Rico,PR,Caguas
12797,Consumer,Puerto Rico,PR,Caguas
14867,Consumer,Puerto Rico,PR,Caguas
2816,Consumer,Puerto Rico,PR,Caguas
5074,Consumer,Puerto Rico,PR,Caguas
12643,Consumer,Puerto Rico,PR,Caguas
12455,Consumer,Puerto Rico,PR,Caguas
12868,Consumer,Puerto Rico,PR,Caguas
14073,Consumer,Puerto Rico,PR,Caguas
6147,Consumer,Puerto Rico,PR,Caguas
10629,Consumer,Puerto Rico,PR,Caguas
9896,Consumer,Puerto Rico,PR,Caguas
18063,Consumer,Puerto Rico,PR,Caguas
20603,Consumer,Puerto Rico,PR,Caguas
1391,Consumer,Puerto Rico,PR,Caguas
15657,Consumer,Puerto Rico,PR,Caguas
15415,Consumer,Puerto Rico,PR,Caguas
20361,Consumer,Puerto Rico,PR,Caguas
19028,Consumer,Puerto Rico,PR,Caguas
16263,Consumer,Puerto Rico,PR,Caguas
20120,Consumer,Puerto Rico,PR,Caguas
18371,Consumer,Puerto Rico,PR,Caguas
6145,Consumer,Puerto Rico,PR,Caguas
20404,Consumer,Puerto Rico,PR,Caguas
17252,Consumer,Puerto Rico,PR,Caguas
17158,Consumer,Puerto Rico,PR,Caguas
15409,Consumer,Puerto Rico,PR,Caguas
17620,Consumer,Puerto Rico,PR,Caguas
20161,Consumer,Puerto Rico,PR,Caguas
832,Consumer,Puerto Rico,PR,Caguas
7953,Consumer,Puerto Rico,PR,Caguas
2863,Home Office,United States,IN,Crown Point
12507,Home Office,United States,PA,Philadelphia
12678,Home Office,United States,HI,Mililani
829,Home Office,United States,NJ,West Orange
5833,Home Office,United States,NY,Brooklyn
5632,Home Office,United States,NJ,Union
9413,Home Office,United States,NY,Jamaica
2225,Home Office,United States,CA,San Diego
3741,Home Office,United States,OH,Elyria
10256,Home Office,United States,TX,Dallas
4287,Home Office,United States,CA,Bakersfield
7546,Home Office,United States,NJ,Newark
8827,Home Office,United States,TX,San Antonio
16046,Home Office,United States,VA,Stafford
10019,Home Office,United States,NY,Rome
17615,Home Office,United States,NY,Brooklyn
16217,Home Office,United States,MI,Hamtramck
19982,Home Office,United States,CA,Porterville
20247,Home Office,United States,NM,Roswell
19869,Home Office,United States,NJ,Wayne
9648,Home Office,United States,AZ,Mesa
5406,Home Office,United States,IL,Algonquin
2195,Home Office,United States,TX,Dallas
623,Home Office,United States,AZ,Tempe
5366,Home Office,United States,CA,San Diego
4646,Home Office,United States,PA,Williamsport
8785,Home Office,United States,NY,New York
13211,Home Office,United States,TX,College Station
12465,Home Office,United States,TX,Fort Worth
9983,Home Office,United States,CA,North Hollywood
15977,Home Office,United States,GA,Atlanta
6124,Home Office,United States,TX,Houston
16470,Home Office,United States,CA,Fontana
441,Home Office,United States,NY,Brooklyn
13894,Home Office,United States,PA,Philadelphia
2679,Home Office,United States,TX,Brownsville
7046,Home Office,United States,TN,Memphis
12476,Home Office,United States,CA,Long Beach
19860,Home Office,United States,NY,South Ozone Park
15051,Home Office,United States,CA,Garden Grove
6916,Home Office,United States,CA,Escondido
13616,Home Office,United States,MI,Wyandotte
12710,Home Office,United States,TX,San Antonio
16226,Home Office,United States,GA,Powder Springs
17138,Home Office,United States,IL,Elgin
8303,Home Office,United States,CA,Bell Gardens
19169,Home Office,United States,CA,Antioch
17265,Home Office,United States,NM,Albuquerque
17179,Home Office,United States,AZ,Tucson
11543,Home Office,United States,CA,Antioch
13653,Home Office,United States,IL,Chicago
16368,Home Office,United States,NC,Asheboro
18926,Home Office,United States,FL,Orlando
15773,Home Office,United States,MD,Baltimore
20735,Home Office,United States,AZ,Phoenix
9798,Home Office,United States,TX,Houston
13987,Home Office,United States,NJ,Newark
14014,Home Office,United States,FL,Fort Lauderdale
14636,Home Office,United States,TX,Fort Worth
4981,Home Office,United States,NY,Bronx
104,Home Office,United States,MN,Saint Paul
15899,Home Office,United States,NC,Greensboro
17560,Home Office,United States,MA,Peabody
16241,Home Office,United States,MA,Quincy
19873,Home Office,United States,MI,Ann Arbor
18956,Home Office,United States,CA,Fullerton
11600,Consumer,Puerto Rico,PR,Caguas
12459,Consumer,Puerto Rico,PR,San Juan
16557,Consumer,Puerto Rico,PR,Caguas
18846,Consumer,Puerto Rico,PR,Caguas
7906,Consumer,Puerto Rico,PR,Caguas
148,Consumer,Puerto Rico,PR,Caguas
18247,Consumer,Puerto Rico,PR,Caguas
16547,Consumer,Puerto Rico,PR,Caguas
18481,Consumer,Puerto Rico,PR,Caguas
13143,Consumer,Puerto Rico,PR,Caguas
279,Consumer,Puerto Rico,PR,Bayamon
7522,Consumer,Puerto Rico,PR,Caguas
17565,Consumer,Puerto Rico,PR,Caguas
5933,Consumer,Puerto Rico,PR,Caguas
13201,Consumer,Puerto Rico,PR,Caguas
14505,Consumer,Puerto Rico,PR,Caguas
19141,Consumer,Puerto Rico,PR,Caguas
18755,Consumer,Puerto Rico,PR,Caguas
17957,Consumer,Puerto Rico,PR,Caguas
17268,Consumer,Puerto Rico,PR,Caguas
17382,Consumer,Puerto Rico,PR,Caguas
18644,Consumer,Puerto Rico,PR,Caguas
17871,Consumer,Puerto Rico,PR,Caguas
19995,Consumer,Puerto Rico,PR,Caguas
19166,Consumer,Puerto Rico,PR,Caguas
14808,Consumer,Puerto Rico,PR,Caguas
12584,Consumer,Puerto Rico,PR,Caguas
20092,Consumer,Puerto Rico,PR,Caguas
8443,Consumer,Puerto Rico,PR,Caguas
5893,Consumer,Puerto Rico,PR,Caguas
367,Corporate,United States,CA,San Francisco
3233,Corporate,Puerto Rico,PR,Caguas
11130,Consumer,United States,CA,Oceanside
5205,Corporate,United States,MI,Detroit
2375,Consumer,United States,NY,Bronx
4642,Corporate,United States,NY,New York
3552,Corporate,United States,CA,La Mesa
8688,Corporate,United States,TX,Eagle Pass
7181,Consumer,United States,WA,Sumner
8238,Consumer,United States,TX,Mesquite
2426,Home Office,Puerto Rico,PR,Caguas
11948,Consumer,United States,CA,Santa Ana
6160,Consumer,United States,DC,Washington
1642,Home Office,Puerto Rico,PR,Caguas
17465,Home Office,Puerto Rico,PR,Caguas
18412,Home Office,Puerto Rico,PR,Caguas
18579,Home Office,Puerto Rico,PR,Caguas
7540,Corporate,United States,PA,Lancaster
88,Corporate,United States,GA,Atlanta
7194,Corporate,United States,CA,Vallejo
2097,Corporate,United States,GA,Atlanta
12147,Corporate,Puerto Rico,PR,Caguas
5877,Consumer,United States,AZ,Tempe
19484,Corporate,United States,CA,San Ramon
19480,Corporate,Puerto Rico,PR,Caguas
19478,Corporate,Puerto Rico,PR,Caguas
19457,Corporate,United States,PA,Carlisle
4510,Corporate,United States,OH,Strongsville
19440,Corporate,Puerto Rico,PR,Caguas
19425,Consumer,Puerto Rico,PR,Caguas
19419,Home Office,Puerto Rico,PR,Caguas
19416,Home Office,United States,NY,Brooklyn
19409,Corporate,United States,MI,Detroit
19383,Corporate,United States,NJ,Clementon
19351,Home Office,United States,HI,Honolulu
20400,Corporate,United States,CA,Los Angeles
7229,Corporate,United States,NY,Newburgh
19343,Corporate,Puerto Rico,PR,Caguas
19338,Corporate,United States,NJ,Irvington
19329,Corporate,Puerto Rico,PR,Caguas
19324,Consumer,United States,TX,Brownsville
19292,Corporate,United States,MI,Detroit
19291,Corporate,United States,MI,Canton
19289,Corporate,Puerto Rico,PR,Caguas
16771,Corporate,Puerto Rico,PR,Caguas
16715,Consumer,Puerto Rico,PR,Caguas
16711,Corporate,United States,HI,Waipahu
16691,Consumer,Puerto Rico,PR,Caguas
16685,Consumer,Puerto Rico,PR,Caguas
13264,Home Office,Puerto Rico,PR,Caguas
11395,Home Office,Puerto Rico,PR,Caguas
12530,Consumer,Puerto Rico,PR,Caguas
15070,Consumer,Puerto Rico,PR,Caguas
15068,Consumer,Puerto Rico,PR,Caguas
2975,Consumer,United States,AZ,Tempe
3433,Corporate,Puerto Rico,PR,Caguas
20592,Corporate,United States,CA,San Francisco
17687,Corporate,United States,PA,Allentown
12054,Corporate,United States,MI,Westland
7306,Corporate,United States,IL,Chicago
18669,Corporate,United States,AZ,Tempe
4427,Corporate,United States,PA,Carlisle
16644,Consumer,United States,GA,Atlanta
16639,Home Office,United States,OR,Portland
16634,Home Office,United States,CA,Los Angeles
10797,Corporate,United States,UT,Salt Lake City
17523,Consumer,Puerto Rico,PR,Caguas
17334,Consumer,Puerto Rico,PR,Caguas
18302,Consumer,Puerto Rico,PR,Caguas
5513,Corporate,Puerto Rico,PR,Caguas
12626,Corporate,Puerto Rico,PR,Caguas
1525,Corporate,Puerto Rico,PR,Caguas
6955,Corporate,Puerto Rico,PR,Caguas
16564,Corporate,Puerto Rico,PR,Caguas
7668,Corporate,United States,NY,South Ozone Park
20025,Corporate,United States,IL,Elmhurst
15991,Corporate,United States,NY,Brooklyn
20067,Corporate,United States,GA,Stockbridge
5458,Consumer,United States,MO,Florissant
6232,Corporate,United States,CA,Los Angeles
11444,Corporate,United States,CA,San Diego
13601,Consumer,United States,TX,Houston
12648,Consumer,United States,NY,South Ozone Park
18167,Consumer,United States,CA,Oxnard
17439,Consumer,United States,IL,Chicago
15221,Home Office,Puerto Rico,PR,Caguas
20219,Consumer,Puerto Rico,PR,Caguas
20375,Consumer,Puerto Rico,PR,Caguas
17950,Corporate,Puerto Rico,PR,Caguas
15491,Corporate,Puerto Rico,PR,Caguas
10527,Corporate,Puerto Rico,PR,Caguas
7938,Corporate,Puerto Rico,PR,Caguas
13648,Corporate,Puerto Rico,PR,Caguas
11970,Corporate,Puerto Rico,PR,Caguas
18109,Corporate,Puerto Rico,PR,Caguas
18316,Corporate,Puerto Rico,PR,Caguas
17725,Corporate,Puerto Rico,PR,Caguas
16006,Corporate,Puerto Rico,PR,Caguas
8088,Corporate,United States,TX,San Marcos
1711,Corporate,United States,OR,Salem
12311,Corporate,United States,CA,Los Angeles
6051,Corporate,United States,HI,Ewa Beach
4818,Corporate,United States,CA,Gardena
7162,Corporate,United States,NY,Brooklyn
713,Corporate,United States,CA,Moreno Valley
7474,Corporate,United States,TN,Memphis
6714,Consumer,United States,GA,Smyrna
6043,Corporate,United States,MI,Detroit
4736,Corporate,United States,LA,New Orleans
11331,Corporate,United States,MI,Ypsilanti
20533,Home Office,Puerto Rico,PR,Caguas
20667,Home Office,Puerto Rico,PR,Caguas
3743,Home Office,Puerto Rico,PR,Caguas
14395,Home Office,Puerto Rico,PR,Caguas
13906,Home Office,Puerto Rico,PR,Caguas
14398,Home Office,Puerto Rico,PR,Caguas
14678,Consumer,Puerto Rico,PR,Caguas
13475,Consumer,Puerto Rico,PR,Caguas
12795,Consumer,Puerto Rico,PR,Caguas
13762,Consumer,Puerto Rico,PR,Caguas
13690,Consumer,Puerto Rico,PR,Caguas
13561,Consumer,Puerto Rico,PR,Caguas
14996,Consumer,Puerto Rico,PR,Caguas
15125,Consumer,Puerto Rico,PR,Caguas
2770,Corporate,United States,CA,Fremont
1648,Corporate,United States,CA,Cerritos
2829,Corporate,United States,CA,Costa Mesa
9966,Corporate,United States,FL,Lutz
10547,Consumer,United States,NY,Bronx
11561,Consumer,United States,VA,Henrico
14657,Consumer,United States,CO,Englewood
15704,Consumer,United States,MD,Baltimore
20623,Consumer,United States,IL,Chicago
20073,Consumer,United States,OR,Portland
9522,Consumer,United States,CA,Simi Valley
18867,Corporate,United States,CO,Aurora
8269,Corporate,United States,MI,Detroit
6100,Corporate,United States,CA,Huntington Beach
18261,Corporate,United States,PA,Mechanicsburg
14052,Corporate,United States,NY,Endicott
17969,Corporate,United States,PA,Morrisville
3242,Corporate,United States,CA,El Cajon
16309,Corporate,United States,NY,Bronx
14218,Corporate,United States,TX,Fort Worth
15756,Consumer,United States,FL,Pompano Beach
18329,Consumer,United States,NY,Bronx
7874,Consumer,United States,MD,Dundalk
8560,Consumer,United States,NJ,Union City
8025,Consumer,United States,NY,Staten Island
16514,Consumer,Puerto Rico,PR,Caguas
16541,Consumer,Puerto Rico,PR,Caguas
15881,Consumer,Puerto Rico,PR,Caguas
17995,Consumer,Puerto Rico,PR,Caguas
18737,Consumer,Puerto Rico,PR,Caguas
15446,Consumer,Puerto Rico,PR,Caguas
15324,Consumer,Puerto Rico,PR,Caguas
17775,Consumer,Puerto Rico,PR,Caguas
17125,Consumer,Puerto Rico,PR,Caguas
20319,Consumer,Puerto Rico,PR,Caguas
15985,Consumer,Puerto Rico,PR,Caguas
18492,Consumer,Puerto Rico,PR,Caguas
18978,Consumer,Puerto Rico,PR,Caguas
7126,Consumer,Puerto Rico,PR,Caguas
12864,Corporate,United States,CA,Spring Valley
15071,Corporate,United States,TX,Baytown
15575,Corporate,United States,NY,New York
18665,Corporate,United States,CA,San Jose
10271,Corporate,United States,RI,Pawtucket
6639,Corporate,United States,CA,Winnetka
3130,Corporate,United States,LA,New Orleans
13249,Corporate,United States,CA,San Francisco
14267,Corporate,United States,MD,Catonsville
14782,Corporate,United States,TX,Mesquite
13926,Corporate,United States,OR,Portland
13776,Corporate,United States,PA,West Chester
19139,Corporate,United States,MD,Baltimore
15306,Corporate,United States,TX,El Paso
16107,Corporate,United States,OH,Mentor
17665,Corporate,United States,TX,Baytown
9229,Corporate,United States,CA,Van Nuys
17166,Corporate,Puerto Rico,PR,Caguas
7440,Corporate,Puerto Rico,PR,Caguas
7804,Corporate,Puerto Rico,PR,Caguas
8255,Corporate,Puerto Rico,PR,Caguas
9280,Corporate,Puerto Rico,PR,Caguas
4073,Corporate,Puerto Rico,PR,Caguas
18137,Corporate,Puerto Rico,PR,Caguas
16580,Corporate,Puerto Rico,PR,Caguas
1082,Corporate,Puerto Rico,PR,Caguas
17571,Corporate,Puerto Rico,PR,Caguas
19902,Corporate,Puerto Rico,PR,Caguas
5571,Corporate,Puerto Rico,PR,Caguas
4701,Corporate,Puerto Rico,PR,Caguas
12405,Corporate,United States,OK,Lawton
4414,Corporate,United States,CA,Sunnyvale
18437,Corporate,United States,CA,Clovis
10995,Corporate,United States,FL,Miami
17569,Corporate,United States,NY,Brooklyn
13107,Corporate,United States,AZ,Tucson
14354,Corporate,United States,CA,Santee
11207,Corporate,United States,NM,Albuquerque
13921,Corporate,United States,NJ,Morristown
13684,Corporate,United States,CA,Reseda
12174,Corporate,United States,MI,Detroit
15139,Home Office,Puerto Rico,PR,Caguas
15523,Home Office,Puerto Rico,PR,Caguas
15463,Home Office,Puerto Rico,PR,Caguas
2108,Consumer,United States,IL,Elgin
10189,Corporate,United States,HI,Mililani
11085,Home Office,United States,NM,Albuquerque
3443,Consumer,United States,IN,West Lafayette
4020,Consumer,United States,NY,New York
8863,Consumer,United States,DC,Washington
1667,Consumer,United States,AZ,Phoenix
7815,Consumer,United States,GA,Lithonia
19210,Consumer,United States,NY,Brooklyn
16620,Consumer,United States,AR,Conway
20639,Consumer,United States,TX,Richardson
20631,Consumer,United States,KY,Richmond
15319,Consumer,United States,WI,Sheboygan
19808,Consumer,United States,IL,Chicago
19877,Consumer,United States,DC,Washington
3895,Consumer,United States,NY,Brooklyn
6563,Consumer,United States,TX,Katy
13532,Consumer,United States,DE,Newark
13135,Consumer,United States,TX,Houston
13097,Consumer,United States,MI,Detroit
13365,Consumer,United States,FL,Pompano Beach
13991,Consumer,United States,NY,Staten Island
19189,Consumer,United States,TX,Laredo
15760,Consumer,United States,CO,Aurora
17444,Consumer,United States,AZ,Mesa
4123,Consumer,United States,NJ,Princeton
19862,Consumer,United States,PA,York
16129,Consumer,United States,CA,Compton
20054,Consumer,United States,NY,South Richmond Hill
184,Consumer,United States,NY,Lindenhurst
13450,Consumer,United States,NY,Jamaica
13234,Consumer,United States,AZ,Chandler
13410,Consumer,United States,CA,Fresno
14229,Consumer,United States,IL,Glenview
4127,Consumer,United States,AZ,Tempe
6793,Consumer,United States,TX,Plano
19161,Corporate,Puerto Rico,PR,Guayama
17906,Corporate,Puerto Rico,PR,Caguas
1358,Corporate,Puerto Rico,PR,Caguas
3354,Corporate,Puerto Rico,PR,Caguas
18523,Corporate,Puerto Rico,PR,Caguas
15434,Corporate,Puerto Rico,PR,Caguas
9306,Corporate,Puerto Rico,PR,Caguas
13526,Corporate,Puerto Rico,PR,Caguas
14392,Corporate,Puerto Rico,PR,Caguas
13709,Corporate,Puerto Rico,PR,Caguas
13700,Corporate,Puerto Rico,PR,Caguas
7188,Corporate,Puerto Rico,PR,Caguas
12731,Corporate,Puerto Rico,PR,Caguas
13622,Corporate,Puerto Rico,PR,Caguas
7791,Corporate,Puerto Rico,PR,Caguas
15823,Corporate,Puerto Rico,PR,Caguas
20618,Corporate,Puerto Rico,PR,Caguas
18719,Corporate,Puerto Rico,PR,San Juan
15601,Corporate,Puerto Rico,PR,Caguas
10525,Corporate,Puerto Rico,PR,Caguas
16113,Corporate,Puerto Rico,PR,Caguas
15252,Corporate,Puerto Rico,PR,Caguas
16315,Corporate,Puerto Rico,PR,Caguas
19142,Consumer,United States,OH,Elyria
18414,Consumer,United States,MD,Pasadena
18501,Consumer,United States,MA,New Bedford
20115,Consumer,United States,CA,Los Angeles
19012,Consumer,United States,TX,Dallas
17177,Consumer,United States,KS,Salina
18848,Consumer,United States,AZ,Tempe
18639,Consumer,United States,FL,Hollywood
14433,Consumer,United States,CA,Hanford
12540,Consumer,United States,MN,Saint Paul
17130,Consumer,United States,TX,Austin
13292,Corporate,United States,CA,Fountain Valley
14686,Corporate,United States,NY,New York
13126,Corporate,United States,UT,Salt Lake City
14247,Corporate,United States,MI,Detroit
14064,Corporate,United States,AZ,Phoenix
14595,Corporate,United States,TX,North Richland Hills
4923,Corporate,United States,IL,Aurora
13876,Corporate,United States,CA,Bakersfield
12482,Corporate,United States,NY,Freeport
12444,Corporate,United States,MA,Lawrence
12927,Corporate,United States,NV,Henderson
12889,Corporate,United States,SC,Lancaster
18582,Corporate,United States,CA,La Mesa
19050,Corporate,United States,NY,New York
17512,Corporate,United States,CA,Riverside
15478,Corporate,United States,FL,Orange Park
17171,Corporate,United States,95758,CA
17080,Corporate,United States,PA,Doylestown
19806,Corporate,United States,TX,San Antonio
12820,Corporate,United States,NV,Las Vegas
12975,Corporate,United States,CA,Ventura
1945,Corporate,United States,NY,Rego Park
18091,Corporate,United States,CA,Los Angeles
17386,Corporate,United States,PA,Irwin
18585,Corporate,United States,NY,Brooklyn
20119,Corporate,United States,NV,Las Vegas
15884,Corporate,United States,IL,Chicago
11234,Corporate,United States,MD,Baltimore
14611,Corporate,United States,TX,Austin
19752,Corporate,United States,MA,Lynn
19742,Home Office,Puerto Rico,PR,Caguas
19730,Corporate,United States,IL,Waukegan
19727,Consumer,United States,CA,Los Angeles
19724,Consumer,United States,CA,Chino
19719,Consumer,United States,OH,Columbus
19716,Consumer,Puerto Rico,PR,Caguas
19715,Corporate,United States,NM,Rio Rancho
19695,Consumer,Puerto Rico,PR,Caguas
19691,Consumer,United States,CA,San Diego
19631,Corporate,United States,TN,Knoxville
19626,Home Office,United States,NC,Jacksonville
19554,Home Office,United States,CO,Littleton
19544,Consumer,United States,CA,West Covina
19543,Consumer,Puerto Rico,PR,Caguas
19542,Home Office,United States,CA,San Diego
19534,Consumer,Puerto Rico,PR,Caguas
19504,Corporate,Puerto Rico,PR,Caguas
17018,Corporate,Puerto Rico,PR,Rio Grande
17008,Consumer,United States,CA,Los Angeles
17003,Corporate,United States,WA,Kent
16985,Home Office,Puerto Rico,PR,Caguas
16938,Consumer,Puerto Rico,PR,Caguas
16935,Consumer,Puerto Rico,PR,Caguas
16918,Consumer,Puerto Rico,PR,Caguas
16910,Home Office,Puerto Rico,PR,Caguas
16901,Home Office,Puerto Rico,PR,Caguas
16898,Home Office,Puerto Rico,PR,Caguas
16850,Consumer,United States,CA,Sunnyvale
16844,Home Office,Puerto Rico,PR,Caguas
16819,Corporate,United States,MI,Taylor
16803,Corporate,United States,MO,Springfield
16793,Consumer,United States,AZ,Peoria
16792,Consumer,Puerto Rico,PR,Caguas
1929,Consumer,United States,TX,San Antonio
8477,Corporate,Puerto Rico,PR,Caguas
14431,Consumer,Puerto Rico,PR,Caguas
14273,Consumer,Puerto Rico,PR,Caguas
17440,Consumer,Puerto Rico,PR,Caguas
15105,Corporate,United States,CA,Costa Mesa
12951,Corporate,United States,GA,Stockbridge
14249,Corporate,United States,TX,Katy
16611,Corporate,United States,MI,Westland
16393,Corporate,United States,MD,Cumberland
16488,Corporate,United States,GA,Columbus
14565,Home Office,United States,CA,El Cajon
20534,Home Office,United States,IN,New Albany
17703,Home Office,United States,IL,Granite City
15980,Home Office,United States,ND,Bismarck
14554,Consumer,United States,NJ,Lakewood
14912,Consumer,United States,LA,New Orleans
12824,Consumer,United States,CA,Los Angeles
12480,Consumer,United States,CA,Napa
13052,Consumer,United States,GA,Smyrna
15728,Consumer,United States,TX,Arlington
20566,Consumer,United States,NY,Jamaica
18308,Consumer,United States,NY,Brooklyn
15670,Consumer,United States,TX,El Paso
3533,Consumer,United States,NY,Lindenhurst
13279,Corporate,Puerto Rico,PR,Caguas
17860,Corporate,Puerto Rico,PR,Caguas
11023,Corporate,Puerto Rico,PR,Caguas
16428,Corporate,Puerto Rico,PR,Caguas
17964,Corporate,Puerto Rico,PR,Caguas
12996,Corporate,United States,VA,Richmond
13625,Corporate,United States,MI,Detroit
20406,Corporate,United States,TX,Del Rio
15468,Corporate,United States,NC,Jacksonville
17570,Corporate,United States,IN,Indianapolis
14695,Corporate,United States,NY,Bronx
15608,Corporate,United States,CO,Colorado Springs
19153,Corporate,United States,NJ,Princeton
15885,Corporate,United States,CA,Cupertino
15536,Corporate,United States,CA,Huntington Park
20512,Corporate,United States,MA,New Bedford
573,Consumer,United States,DC,Washington
12346,Home Office,United States,CA,Santa Clara
14428,Consumer,United States,VA,Virginia Beach
14105,Consumer,United States,NY,New York
14176,Consumer,United States,VA,Virginia Beach
13581,Consumer,United States,OH,Columbus
14047,Consumer,United States,CA,Bakersfield
15123,Consumer,United States,NY,Brooklyn
15137,Consumer,United States,OH,Elyria
15004,Consumer,United States,TN,Memphis
13400,Consumer,United States,NY,New York
201,Consumer,United States,FL,Jacksonville
12520,Corporate,United States,FL,Tampa
14529,Corporate,United States,CA,San Diego
12566,Corporate,United States,IL,Aurora
4052,Corporate,United States,GA,Columbus
19059,Corporate,United States,VA,Woodbridge
18071,Corporate,United States,IL,Chicago
18822,Corporate,United States,CA,Garden Grove
15707,Corporate,United States,CA,Los Angeles
15702,Corporate,United States,IL,Chicago
15329,Corporate,United States,CA,Los Angeles
17063,Corporate,United States,NJ,Union City
16403,Corporate,United States,MN,Saint Paul
12909,Consumer,United States,IL,Elmhurst
17087,Consumer,United States,UT,Bountiful
18133,Consumer,United States,NY,Spring Valley
18202,Consumer,United States,CO,Colorado Springs
18828,Consumer,United States,NJ,Toms River
17506,Consumer,United States,LA,New Orleans
17324,Consumer,United States,CA,San Diego
18509,Consumer,United States,NY,Brooklyn
4873,Consumer,United States,CA,San Diego
18685,Consumer,United States,IL,Mount Prospect
19990,Consumer,United States,CA,Carlsbad
19897,Consumer,United States,IL,Chicago
20057,Consumer,United States,AZ,Scottsdale
20253,Consumer,United States,CA,Hollister
20181,Consumer,United States,CA,Van Nuys
10754,Consumer,United States,NY,Brooklyn
14697,Corporate,Puerto Rico,PR,Aguadilla
13946,Corporate,Puerto Rico,PR,Caguas
12865,Corporate,Puerto Rico,PR,Caguas
16487,Corporate,Puerto Rico,PR,Caguas
18827,Corporate,Puerto Rico,PR,Caguas
18030,Corporate,Puerto Rico,PR,Caguas
18674,Corporate,Puerto Rico,PR,Caguas
15193,Corporate,Puerto Rico,PR,Caguas
13330,Corporate,Puerto Rico,PR,Caguas
17354,Corporate,Puerto Rico,PR,Caguas
18078,Consumer,United States,CA,Chula Vista
18220,Consumer,United States,OH,Sandusky
18236,Consumer,United States,NY,North Tonawanda
16513,Consumer,United States,CA,Los Angeles
19134,Consumer,United States,IL,Pekin
19092,Consumer,United States,CA,Oceanside
15893,Consumer,United States,CA,Pomona
17940,Consumer,United States,IL,Mount Prospect
18441,Consumer,United States,KS,Salina
16014,Consumer,United States,FL,Fort Lauderdale
18363,Consumer,United States,MI,East Lansing
18470,Consumer,United States,CA,Salinas
20487,Consumer,United States,NY,New York
18338,Consumer,United States,VA,Annandale
20537,Consumer,United States,IN,Richmond
15592,Consumer,United States,VA,Virginia Beach
15623,Consumer,United States,NJ,Jersey City
18730,Consumer,United States,NV,Las Vegas
17205,Consumer,United States,TX,Austin
17219,Consumer,United States,IL,Elmhurst
19892,Consumer,United States,TX,Denton
17774,Consumer,United States,IL,Algonquin
17786,Consumer,United States,CA,Bakersfield
19228,Consumer,United States,CA,Los Angeles
15143,Consumer,United States,IL,Chicago
14818,Home Office,United States,NY,Bronx
15693,Home Office,United States,SC,Columbia
20500,Home Office,United States,MA,Lawrence
19772,Home Office,United States,CA,Salinas
15168,Home Office,United States,IL,Chicago
13703,Home Office,United States,MO,Florissant
19275,Home Office,United States,TN,Columbia
8970,Home Office,United States,AZ,Phoenix
16424,Home Office,United States,MO,Ballwin
13149,Home Office,United States,CA,Moreno Valley
14300,Home Office,United States,IL,Chicago
13261,Home Office,United States,CO,Aurora
13638,Home Office,United States,IL,Plainfield
14623,Consumer,United States,CA,Westminster
14884,Consumer,United States,NY,Corona
20624,Consumer,United States,LA,New Orleans
17437,Consumer,United States,CA,Lake Forest
8672,Consumer,United States,CA,San Diego
14134,Consumer,United States,MI,Detroit
18262,Consumer,United States,CA,Rancho Cucamonga
19066,Consumer,United States,IL,Granite City
17907,Consumer,United States,NJ,Toms River
14138,Consumer,United States,TX,Austin
13663,Consumer,United States,NY,Brooklyn
12550,Consumer,United States,CA,Bellflower
16629,Consumer,United States,NC,Sanford
20210,Consumer,United States,PA,Irwin
15813,Consumer,United States,SC,Columbia
20679,Consumer,United States,IL,Chicago
17403,Consumer,United States,SC,Goose Creek
12973,Consumer,United States,CA,Costa Mesa
13044,Consumer,United States,OH,Fairfield
14015,Consumer,United States,MA,Brighton
9787,Consumer,United States,WI,Milwaukee
12978,Corporate,Puerto Rico,PR,Caguas
20733,Corporate,Puerto Rico,PR,Caguas
9865,Corporate,Puerto Rico,PR,Caguas
8155,Corporate,Puerto Rico,PR,Caguas
10292,Corporate,Puerto Rico,PR,Caguas
9215,Corporate,Puerto Rico,PR,Caguas
12064,Corporate,Puerto Rico,PR,Caguas
10104,Corporate,Puerto Rico,PR,Caguas
1039,Corporate,Puerto Rico,PR,Caguas
4315,Corporate,Puerto Rico,PR,Caguas
3946,Corporate,Puerto Rico,PR,Caguas
7628,Corporate,Puerto Rico,PR,Guayama
9717,Corporate,Puerto Rico,PR,Caguas
9376,Corporate,Puerto Rico,PR,Caguas
8158,Corporate,Puerto Rico,PR,Caguas
3979,Corporate,Puerto Rico,PR,Caguas
11852,Corporate,Puerto Rico,PR,Caguas
6671,Corporate,Puerto Rico,PR,Caguas
6061,Corporate,Puerto Rico,PR,Caguas
9238,Corporate,Puerto Rico,PR,Caguas
9758,Corporate,Puerto Rico,PR,Caguas
3105,Corporate,Puerto Rico,PR,Toa Baja
3301,Corporate,Puerto Rico,PR,Caguas
14859,Corporate,Puerto Rico,PR,Caguas
6874,Corporate,Puerto Rico,PR,Caguas
2860,Corporate,Puerto Rico,PR,Caguas
4404,Corporate,Puerto Rico,PR,Caguas
5155,Corporate,Puerto Rico,PR,Caguas
10232,Corporate,Puerto Rico,PR,Caguas
10885,Corporate,Puerto Rico,PR,Caguas
9881,Corporate,Puerto Rico,PR,Caguas
8229,Corporate,Puerto Rico,PR,Caguas
15059,Corporate,Puerto Rico,PR,Caguas
11233,Corporate,Puerto Rico,PR,Caguas
4967,Corporate,Puerto Rico,PR,Caguas
11307,Corporate,Puerto Rico,PR,Caguas
3309,Corporate,Puerto Rico,PR,Caguas
10777,Corporate,Puerto Rico,PR,Caguas
7129,Corporate,Puerto Rico,PR,Caguas
5691,Corporate,Puerto Rico,PR,Humacao
2220,Corporate,Puerto Rico,PR,Caguas
17164,Corporate,Puerto Rico,PR,Caguas
16122,Corporate,Puerto Rico,PR,Caguas
18318,Corporate,Puerto Rico,PR,Caguas
8550,Corporate,Puerto Rico,PR,Caguas
17757,Corporate,Puerto Rico,PR,Caguas
15841,Corporate,Puerto Rico,PR,Caguas
6274,Corporate,Puerto Rico,PR,San Juan
17305,Corporate,Puerto Rico,PR,Caguas
11346,Corporate,Puerto Rico,PR,Caguas
7239,Corporate,Puerto Rico,PR,Caguas
5860,Corporate,Puerto Rico,PR,Caguas
5695,Corporate,Puerto Rico,PR,Caguas
1863,Corporate,Puerto Rico,PR,Caguas
368,Corporate,Puerto Rico,PR,Caguas
4479,Corporate,Puerto Rico,PR,Caguas
4889,Corporate,Puerto Rico,PR,Caguas
8548,Corporate,Puerto Rico,PR,Caguas
7035,Corporate,Puerto Rico,PR,Caguas
7458,Consumer,Puerto Rico,PR,Caguas
7942,Consumer,Puerto Rico,PR,Caguas
1755,Consumer,Puerto Rico,PR,Bayamon
2670,Consumer,Puerto Rico,PR,Caguas
2810,Consumer,Puerto Rico,PR,Caguas
1210,Consumer,Puerto Rico,PR,Caguas
7177,Consumer,Puerto Rico,PR,Caguas
11297,Consumer,Puerto Rico,PR,Caguas
4068,Consumer,Puerto Rico,PR,Caguas
7182,Consumer,Puerto Rico,PR,Caguas
14165,Consumer,Puerto Rico,PR,Caguas
13483,Consumer,Puerto Rico,PR,Caguas
1544,Consumer,Puerto Rico,PR,Caguas
4998,Consumer,Puerto Rico,PR,Caguas
10214,Consumer,Puerto Rico,PR,Caguas
6418,Consumer,Puerto Rico,PR,Caguas
15001,Consumer,Puerto Rico,PR,Caguas
1367,Consumer,Puerto Rico,PR,Caguas
3281,Consumer,Puerto Rico,PR,Caguas
8892,Consumer,Puerto Rico,PR,Manati
6809,Consumer,Puerto Rico,PR,Caguas
10935,Consumer,Puerto Rico,PR,Caguas
5250,Consumer,Puerto Rico,PR,Caguas
20483,Consumer,Puerto Rico,PR,Caguas
19188,Consumer,Puerto Rico,PR,Caguas
8091,Consumer,Puerto Rico,PR,Caguas
9199,Consumer,Puerto Rico,PR,Caguas
1529,Consumer,Puerto Rico,PR,Caguas
8591,Consumer,Puerto Rico,PR,Caguas
4019,Consumer,Puerto Rico,PR,Caguas
3765,Consumer,Puerto Rico,PR,Caguas
15618,Consumer,Puerto Rico,PR,Caguas
326,Consumer,Puerto Rico,PR,Caguas
8531,Consumer,Puerto Rico,PR,Caguas
2572,Consumer,Puerto Rico,PR,Caguas
19962,Consumer,Puerto Rico,PR,Caguas
19942,Consumer,Puerto Rico,PR,Caguas
7876,Consumer,Puerto Rico,PR,Caguas
9528,Consumer,Puerto Rico,PR,Caguas
1302,Consumer,Puerto Rico,PR,Caguas
9737,Consumer,Puerto Rico,PR,Caguas
8929,Consumer,Puerto Rico,PR,Caguas
7894,Consumer,Puerto Rico,PR,Caguas
8415,Consumer,Puerto Rico,PR,Caguas
2907,Consumer,Puerto Rico,PR,Caguas
2594,Consumer,Puerto Rico,PR,Guaynabo
9291,Consumer,Puerto Rico,PR,Caguas
487,Consumer,Puerto Rico,PR,Caguas
11302,Consumer,Puerto Rico,PR,Caguas
1663,Consumer,Puerto Rico,PR,Caguas
8812,Consumer,Puerto Rico,PR,Caguas
4372,Consumer,Puerto Rico,PR,Caguas
7357,Consumer,Puerto Rico,PR,Caguas
2804,Consumer,Puerto Rico,PR,Caguas
970,Consumer,Puerto Rico,PR,Caguas
2109,Consumer,Puerto Rico,PR,Caguas
7167,Consumer,Puerto Rico,PR,Caguas
11604,Consumer,Puerto Rico,PR,Caguas
8852,Consumer,Puerto Rico,PR,Caguas
11134,Consumer,Puerto Rico,PR,Caguas
14016,Consumer,Puerto Rico,PR,Caguas
2277,Consumer,Puerto Rico,PR,Caguas
1206,Consumer,Puerto Rico,PR,Caguas
3418,Consumer,Puerto Rico,PR,Caguas
13564,Consumer,Puerto Rico,PR,Caguas
828,Consumer,Puerto Rico,PR,Caguas
13988,Consumer,Puerto Rico,PR,Caguas
4553,Consumer,Puerto Rico,PR,Caguas
7679,Consumer,Puerto Rico,PR,Caguas
12143,Consumer,Puerto Rico,PR,Caguas
2209,Consumer,Puerto Rico,PR,Caguas
3990,Consumer,Puerto Rico,PR,Guayama
7356,Consumer,Puerto Rico,PR,Caguas
10898,Consumer,Puerto Rico,PR,Caguas
7915,Consumer,Puerto Rico,PR,Caguas
422,Consumer,Puerto Rico,PR,Caguas
4340,Consumer,Puerto Rico,PR,Caguas
4100,Consumer,Puerto Rico,PR,Caguas
7062,Consumer,Puerto Rico,PR,Caguas
4953,Consumer,Puerto Rico,PR,Caguas
8673,Consumer,Puerto Rico,PR,Caguas
11906,Consumer,Puerto Rico,PR,Aguadilla
5713,Consumer,Puerto Rico,PR,Caguas
4932,Consumer,Puerto Rico,PR,Caguas
9202,Consumer,Puerto Rico,PR,Caguas
12014,Consumer,Puerto Rico,PR,Manati
2004,Consumer,Puerto Rico,PR,Guaynabo
2700,Consumer,Puerto Rico,PR,Caguas
3373,Consumer,Puerto Rico,PR,Caguas
15454,Consumer,Puerto Rico,PR,Caguas
18155,Consumer,Puerto Rico,PR,Caguas
18082,Consumer,Puerto Rico,PR,Caguas
18192,Consumer,Puerto Rico,PR,Caguas
16483,Consumer,Puerto Rico,PR,Caguas
16401,Consumer,Puerto Rico,PR,Caguas
19095,Consumer,Puerto Rico,PR,Caguas
15802,Consumer,Puerto Rico,PR,Caguas
15865,Consumer,Puerto Rico,PR,Caguas
479,Consumer,Puerto Rico,PR,Caguas
2464,Consumer,Puerto Rico,PR,Caguas
11900,Consumer,Puerto Rico,PR,Caguas
2207,Consumer,Puerto Rico,PR,Caguas
503,Consumer,Puerto Rico,PR,Caguas
1778,Consumer,Puerto Rico,PR,Caguas
18021,Consumer,Puerto Rico,PR,Caguas
17980,Consumer,Puerto Rico,PR,Caguas
15607,Consumer,Puerto Rico,PR,Caguas
8588,Consumer,United States,UT,Salt Lake City
1771,Consumer,United States,NJ,Bridgeton
2127,Consumer,United States,HI,Honolulu
9190,Consumer,United States,TX,Dallas
1793,Consumer,United States,IL,Glenview
5642,Consumer,United States,TN,Columbia
9614,Consumer,United States,CA,Rosemead
10085,Consumer,United States,CA,Los Angeles
3320,Consumer,United States,FL,Pompano Beach
10765,Consumer,United States,CT,Milford
2774,Consumer,United States,IL,Lockport
1209,Consumer,United States,TX,San Marcos
8990,Consumer,United States,IL,Chicago
11209,Consumer,United States,IL,Quincy
11053,Consumer,United States,CA,Bakersfield
5621,Consumer,United States,VA,Virginia Beach
5929,Consumer,United States,FL,Miami
1518,Consumer,United States,MD,Baltimore
6060,Consumer,United States,CA,San Diego
1799,Consumer,United States,OH,Newark
5398,Consumer,United States,NJ,Jersey City
4671,Consumer,United States,AZ,Chandler
8392,Consumer,United States,UT,Bountiful
10452,Consumer,United States,CA,Gilroy
8286,Consumer,United States,CA,San Bernardino
10425,Consumer,United States,NJ,Jersey City
8469,Consumer,United States,CA,Garden Grove
10592,Consumer,United States,IL,Chicago
3368,Consumer,United States,NV,Las Vegas
7980,Consumer,United States,LA,Metairie
11620,Consumer,United States,CA,Los Angeles
3635,Consumer,United States,CA,San Jose
2970,Consumer,United States,TX,Brownsville
7945,Consumer,United States,MD,Baltimore
3128,Consumer,United States,NJ,Edison
2663,Consumer,United States,CA,San Diego
2343,Consumer,United States,OK,Lawton
6644,Consumer,United States,MA,Quincy
2463,Consumer,United States,WI,Sheboygan
6959,Consumer,United States,OH,Fairfield
5490,Consumer,United States,NY,Bronx
2585,Consumer,United States,NY,Brooklyn
7493,Consumer,United States,NY,South Ozone Park
12159,Consumer,United States,MD,Pasadena
1659,Consumer,United States,TX,Weslaco
3873,Consumer,United States,NY,Bronx
11833,Consumer,United States,OH,Strongsville
2508,Consumer,United States,MI,Ann Arbor
7324,Consumer,United States,PA,Philadelphia
5324,Consumer,United States,TX,Houston
11838,Consumer,United States,OR,Portland
9137,Consumer,United States,AZ,Tempe
7719,Consumer,United States,CA,Campbell
4568,Consumer,United States,NY,Buffalo
11456,Consumer,United States,IN,New Albany
7845,Consumer,United States,CA,Ontario
11274,Consumer,United States,CA,Upland
2964,Consumer,United States,MN,Saint Paul
4321,Consumer,United States,HI,Honolulu
7355,Consumer,United States,CA,San Diego
5320,Consumer,United States,CA,Stockton
4599,Consumer,United States,NJ,Newark
8065,Consumer,United States,CA,Los Angeles
5867,Consumer,United States,FL,Tallahassee
12230,Consumer,United States,VA,Annandale
5469,Consumer,United States,NY,Far Rockaway
6058,Consumer,United States,TX,San Antonio
4514,Consumer,United States,CA,West Covina
10367,Consumer,United States,FL,Fort Lauderdale
12412,Consumer,United States,IL,Wheaton
2037,Consumer,United States,CA,Rancho Cordova
7571,Consumer,United States,IL,Chicago
10685,Consumer,United States,CA,San Jose
3855,Consumer,United States,NY,New York
10432,Consumer,United States,CT,Bristol
569,Consumer,United States,ID,Meridian
389,Consumer,United States,CA,Modesto
8198,Consumer,United States,LA,New Orleans
583,Consumer,United States,TX,San Marcos
7358,Consumer,United States,CA,Carmichael
5767,Consumer,United States,CA,Los Angeles
5651,Consumer,United States,PA,West Chester
3365,Consumer,United States,SC,Rock Hill
1072,Consumer,United States,LA,New Orleans
8118,Consumer,United States,MD,Cumberland
8486,Consumer,United States,CA,Los Angeles
20,Consumer,United States,NJ,West New York
8692,Consumer,United States,SC,Summerville
7989,Consumer,United States,GA,Augusta
5755,Consumer,United States,IL,Chicago
48,Consumer,United States,OH,Strongsville
185,Consumer,United States,KY,Louisville
7787,Consumer,United States,CA,Highland
773,Consumer,United States,MN,Saint Paul
11338,Consumer,United States,WI,Sheboygan
2237,Consumer,United States,NJ,West New York
6879,Consumer,United States,NC,Sanford
2043,Consumer,United States,OH,Medina
3916,Consumer,United States,VA,Chesapeake
6811,Consumer,Puerto Rico,PR,Caguas
379,Home Office,United States,MI,Wyandotte
11509,Consumer,Puerto Rico,PR,Caguas
8963,Corporate,United States,CA,Los Angeles
5158,Consumer,United States,NY,Bronx
8334,Corporate,United States,NM,Las Cruces
11412,Corporate,United States,CA,Santa Ana
10343,Consumer,Puerto Rico,PR,Caguas
3385,Home Office,United States,CA,Placentia
7900,Home Office,United States,CA,San Diego
6897,Corporate,United States,GA,Columbus
10058,Corporate,United States,PA,Mechanicsburg
1574,Consumer,United States,FL,Miami
9544,Home Office,Puerto Rico,PR,Caguas
11968,Consumer,Puerto Rico,PR,Caguas
1245,Consumer,Puerto Rico,PR,Caguas
3886,Consumer,Puerto Rico,PR,Caguas
6755,Home Office,United States,NJ,Passaic
11687,Consumer,Puerto Rico,PR,Caguas
3752,Home Office,Puerto Rico,PR,Caguas
1343,Corporate,United States,TX,Del Rio
4579,Consumer,Puerto Rico,PR,Caguas
10221,Home Office,United States,NY,New York
6303,Corporate,United States,IL,Elgin
6359,Home Office,United States,IL,Carol Stream
3935,Consumer,United States,CA,Buena Park
4191,Consumer,Puerto Rico,PR,Caguas
1780,Home Office,Puerto Rico,PR,Caguas
5837,Consumer,United States,NY,New York
9056,Home Office,United States,CA,Carlsbad
4921,Consumer,United States,FL,Hialeah
3331,Consumer,United States,CA,Fountain Valley
11585,Consumer,United States,IL,Chicago
8579,Corporate,United States,TX,Fort Worth
10137,Corporate,United States,CA,Los Angeles
8996,Corporate,United States,GA,Augusta
689,Home Office,Puerto Rico,PR,Caguas
10446,Home Office,United States,MD,Cumberland
9633,Corporate,United States,MO,Saint Louis
2431,Home Office,Puerto Rico,PR,Caguas
10883,Corporate,Puerto Rico,PR,Caguas
9827,Corporate,United States,CA,North Hollywood
2429,Home Office,United States,NY,Newburgh
5914,Consumer,United States,IL,Chicago
7850,Consumer,United States,MO,O Fallon
399,Consumer,United States,NV,Las Vegas
5975,Home Office,Puerto Rico,PR,Caguas
3649,Corporate,United States,CA,Union City
1250,Consumer,United States,MA,New Bedford
8312,Home Office,United States,IL,Chicago
2994,Corporate,Puerto Rico,PR,Caguas
10925,Consumer,Puerto Rico,PR,Caguas
2769,Corporate,United States,HI,Honolulu
10407,Corporate,United States,PA,West Chester
5541,Home Office,United States,TX,Houston
5452,Home Office,United States,CA,Santa Cruz
2904,Home Office,United States,AZ,Mesa
4618,Corporate,United States,GA,Lithonia
7262,Consumer,United States,NY,Webster
5741,Corporate,United States,CA,Los Angeles
8554,Consumer,United States,AZ,Tempe
7296,Corporate,Puerto Rico,PR,Caguas
7388,Home Office,United States,FL,Tampa
8944,Home Office,United States,CA,Los Angeles
10880,Consumer,Puerto Rico,PR,Caguas
8895,Home Office,United States,NM,Rio Rancho
2581,Home Office,United States,NY,Newburgh
7904,Consumer,Puerto Rico,PR,Caguas
866,Consumer,United States,IL,Quincy
8791,Consumer,Puerto Rico,PR,Caguas
1488,Consumer,Puerto Rico,PR,Caguas
3362,Corporate,United States,CO,Denver
4586,Consumer,United States,OH,Cleveland
3984,Corporate,United States,WA,Kent
7436,Consumer,United States,CA,Fairfield
7429,Consumer,United States,TX,Houston
11822,Corporate,United States,CT,Stamford
8136,Home Office,United States,MO,Saint Charles
12075,Home Office,United States,CA,Azusa
3106,Corporate,United States,NM,Las Cruces
9333,Corporate,United States,CA,Los Angeles
2314,Consumer,Puerto Rico,PR,Caguas
10643,Corporate,United States,CA,Escondido
12232,Corporate,United States,NY,Brooklyn
9469,Corporate,Puerto Rico,PR,Caguas
5122,Consumer,United States,NJ,Bayonne
9724,Consumer,Puerto Rico,PR,Caguas
10290,Corporate,United States,CA,Watsonville
4677,Home Office,United States,FL,Valrico
3416,Home Office,United States,TX,Houston
1433,Home Office,United States,CA,Fairfield
4396,Consumer,United States,NY,Bronx
4698,Corporate,United States,TX,College Station
10732,Home Office,United States,NC,Hickory
11708,Corporate,United States,TX,Plano
10787,Consumer,United States,VA,Blacksburg
11099,Corporate,United States,CA,La Mirada
10648,Corporate,United States,CA,Los Angeles
5218,Consumer,United States,CA,Costa Mesa
11673,Consumer,United States,MI,Saginaw
9579,Consumer,United States,NY,Buffalo
7828,Consumer,United States,IL,Oak Lawn
19926,Consumer,United States,AZ,Mesa
16416,Consumer,United States,CA,Winnetka
431,Consumer,United States,OH,Columbus
17996,Consumer,United States,TX,Lewisville
16069,Consumer,United States,TX,El Paso
6867,Consumer,United States,IL,Cicero
18466,Consumer,United States,IL,Palatine
9119,Consumer,United States,WI,La Crosse
15214,Consumer,United States,IL,Chicago
20075,Consumer,United States,CA,Mission Viejo
17059,Consumer,United States,CA,San Diego
16573,Consumer,United States,AZ,Tucson
19180,Consumer,United States,CA,Madera
8671,Consumer,United States,NM,Santa Fe
206,Consumer,United States,FL,Pompano Beach
6450,Consumer,United States,CA,Fresno
4734,Consumer,United States,CA,Los Angeles
10994,Consumer,United States,CA,El Monte
18979,Consumer,United States,PA,Philadelphia
15175,Consumer,United States,IL,Crystal Lake
7359,Consumer,United States,MI,Jackson
7800,Consumer,United States,NY,Bronx
3238,Consumer,United States,NY,Brooklyn
1572,Consumer,United States,AZ,Yuma
7251,Consumer,United States,CA,Los Angeles
12144,Consumer,United States,CA,Los Angeles
2631,Consumer,United States,NY,Ithaca
799,Consumer,United States,FL,Pompano Beach
2630,Consumer,United States,IL,Chicago
6620,Consumer,United States,UT,Bountiful
3659,Consumer,United States,PA,Philadelphia
11936,Consumer,United States,CA,Laguna Niguel
11805,Consumer,United States,NY,Corona
1489,Consumer,United States,NY,New York
12186,Consumer,United States,NY,Flushing
7637,Consumer,United States,TX,Mesquite
5659,Consumer,United States,WI,Sheboygan
5092,Consumer,United States,IL,Chicago
9906,Consumer,United States,IL,Chicago
1487,Consumer,United States,VA,Virginia Beach
557,Consumer,United States,HI,Waipahu
6587,Consumer,United States,PA,Lancaster
2234,Consumer,United States,IL,Chicago
9939,Consumer,United States,TX,Dallas
9114,Home Office,Puerto Rico,PR,Caguas
6391,Consumer,United States,NY,Jackson Heights
327,Consumer,United States,TX,Carrollton
4730,Corporate,United States,FL,Miami
3501,Home Office,Puerto Rico,PR,Caguas
12057,Home Office,United States,NY,Brooklyn
4866,Corporate,United States,CA,Escondido
9726,Consumer,Puerto Rico,PR,Caguas
11271,Consumer,Puerto Rico,PR,Arecibo
9982,Home Office,Puerto Rico,PR,Caguas
4413,Corporate,United States,TX,Sugar Land
10321,Consumer,Puerto Rico,PR,Caguas
9514,Corporate,United States,CA,Laguna Hills
11702,Corporate,United States,MA,Lawrence
3482,Corporate,United States,VA,Richmond
7174,Corporate,United States,CA,Martinez
6048,Corporate,Puerto Rico,PR,Caguas
9189,Home Office,Puerto Rico,PR,Caguas
2245,Consumer,United States,NV,Las Vegas
265,Home Office,United States,IA,Dubuque
8960,Consumer,Puerto Rico,PR,Caguas
1136,Corporate,United States,MO,Ballwin
5977,Consumer,United States,CA,Montebello
7258,Consumer,Puerto Rico,PR,Caguas
5579,Home Office,United States,IL,Elgin
8526,Corporate,Puerto Rico,PR,Caguas
10185,Home Office,Puerto Rico,PR,Caguas
5804,Corporate,United States,PA,York
8207,Corporate,United States,MN,Saint Paul
10281,Consumer,United States,NJ,East Brunswick
2825,Consumer,United States,MI,Detroit
2475,Consumer,United States,MI,Detroit
11514,Home Office,United States,FL,Tallahassee
5652,Home Office,United States,OR,Bend
4880,Consumer,United States,CA,Mission Viejo
1288,Home Office,Puerto Rico,PR,Caguas
9885,Consumer,Puerto Rico,PR,Caguas
9533,Consumer,Puerto Rico,PR,Caguas
3165,Home Office,Puerto Rico,PR,Caguas
7346,Home Office,Puerto Rico,PR,Caguas
3371,Consumer,Puerto Rico,PR,Caguas
9757,Corporate,United States,CA,Santa Maria
7646,Corporate,Puerto Rico,PR,Caguas
11860,Home Office,United States,CT,New Haven
2914,Home Office,Puerto Rico,PR,Caguas
12394,Home Office,Puerto Rico,PR,Caguas
4185,Consumer,United States,MN,Saint Paul
3903,Corporate,United States,OH,Cleveland
8541,Home Office,Puerto Rico,PR,Caguas
917,Corporate,United States,IL,Palatine
11877,Home Office,United States,CA,San Francisco
12109,Consumer,United States,CA,Mission Viejo
5316,Corporate,United States,VA,Chesapeake
7199,Consumer,United States,FL,Miami
6011,Consumer,United States,GA,Decatur
9990,Consumer,United States,CA,Lancaster
10570,Home Office,Puerto Rico,PR,Caguas
7454,Corporate,United States,CA,West Covina
5806,Corporate,United States,VA,Chesapeake
2385,Corporate,United States,CA,Costa Mesa
2412,Consumer,Puerto Rico,PR,Caguas
9175,Corporate,United States,MI,Detroit
5087,Corporate,Puerto Rico,PR,Caguas
4468,Corporate,United States,IL,Carol Stream
3905,Corporate,United States,CA,South San Francisco
997,Consumer,Puerto Rico,PR,Caguas
4411,Corporate,United States,MA,Brighton
9898,Corporate,United States,MD,Pasadena
5843,Home Office,United States,PA,York
4007,Home Office,United States,TN,Murfreesboro
1089,Home Office,United States,NC,Raleigh
1892,Consumer,Puerto Rico,PR,Caguas
6753,Home Office,United States,FL,Winter Park
4935,Home Office,United States,FL,Orange Park
11205,Corporate,United States,FL,Miami
2155,Corporate,Puerto Rico,PR,Caguas
15854,Home Office,Puerto Rico,PR,Caguas
4519,Home Office,Puerto Rico,PR,Caguas
10595,Home Office,Puerto Rico,PR,Caguas
18054,Home Office,Puerto Rico,PR,Caguas
16590,Home Office,Puerto Rico,PR,Caguas
15531,Home Office,Puerto Rico,PR,Caguas
2361,Home Office,Puerto Rico,PR,Caguas
14878,Home Office,Puerto Rico,PR,Caguas
10986,Home Office,Puerto Rico,PR,Caguas
6352,Home Office,Puerto Rico,PR,Caguas
7589,Home Office,Puerto Rico,PR,Caguas
5367,Home Office,Puerto Rico,PR,Caguas
6498,Home Office,Puerto Rico,PR,Caguas
780,Home Office,Puerto Rico,PR,Caguas
20200,Home Office,Puerto Rico,PR,Arecibo
8306,Home Office,Puerto Rico,PR,Caguas
2474,Home Office,Puerto Rico,PR,Caguas
8602,Home Office,Puerto Rico,PR,Caguas
9694,Home Office,Puerto Rico,PR,Caguas
17743,Home Office,Puerto Rico,PR,Caguas
9649,Home Office,Puerto Rico,PR,Caguas
8418,Home Office,Puerto Rico,PR,Caguas
11132,Home Office,Puerto Rico,PR,Caguas
4418,Home Office,Puerto Rico,PR,Caguas
10384,Home Office,Puerto Rico,PR,Caguas
4692,Home Office,Puerto Rico,PR,Caguas
4274,Home Office,Puerto Rico,PR,Caguas
2437,Home Office,Puerto Rico,PR,Caguas
14137,Home Office,Puerto Rico,PR,Caguas
13770,Home Office,Puerto Rico,PR,Caguas
4905,Home Office,Puerto Rico,PR,Caguas
12823,Home Office,Puerto Rico,PR,Caguas
4378,Home Office,Puerto Rico,PR,Caguas
9818,Home Office,Puerto Rico,PR,Caguas
9038,Home Office,Puerto Rico,PR,Caguas
16384,Home Office,Puerto Rico,PR,Caguas
6597,Corporate,United States,IL,Wheaton
10713,Consumer,United States,AZ,Glendale
5821,Corporate,United States,MD,Hyattsville
10642,Consumer,Puerto Rico,PR,Caguas
10178,Consumer,United States,NC,Fayetteville
6868,Corporate,United States,MI,Detroit
10708,Consumer,United States,NC,Asheboro
6635,Corporate,United States,CA,Los Angeles
7063,Corporate,United States,TX,Brownsville
1415,Corporate,United States,CA,Long Beach
3435,Corporate,Puerto Rico,PR,Caguas
10929,Home Office,United States,CA,Davis
3157,Corporate,United States,UT,West Jordan
1347,Corporate,United States,CA,Hayward
11103,Consumer,United States,NY,Yonkers
4980,Corporate,United States,NY,Brooklyn
4291,Corporate,United States,NY,Corona
7351,Consumer,Puerto Rico,PR,Caguas
7438,Corporate,United States,TX,Katy
10164,Corporate,United States,NY,Far Rockaway
10086,Home Office,United States,IL,Tinley Park
180,Corporate,Puerto Rico,PR,Caguas
4223,Home Office,Puerto Rico,PR,Caguas
5148,Corporate,United States,OH,Findlay
6872,Corporate,United States,CA,Azusa
2274,Consumer,United States,CA,South El Monte
7978,Corporate,United States,IL,Chicago
5338,Home Office,United States,NJ,Newark
9110,Corporate,United States,MI,Mount Pleasant
1688,Home Office,United States,CA,San Francisco
12091,Consumer,United States,FL,Tampa
12153,Home Office,United States,CA,Modesto
8338,Corporate,Puerto Rico,PR,Caguas
235,Consumer,United States,NJ,Piscataway
11133,Corporate,United States,CA,West Covina
6982,Corporate,United States,CA,Canyon Country
1502,Consumer,Puerto Rico,PR,Caguas
4807,Corporate,United States,CA,Mission Viejo
921,Home Office,Puerto Rico,PR,Caguas
6378,Home Office,United States,IL,Aurora
5730,Home Office,United States,PA,Doylestown
6183,Corporate,United States,CA,Placentia
6385,Corporate,United States,CA,Reseda
425,Consumer,Puerto Rico,PR,Caguas
11792,Corporate,United States,OH,Middletown
1924,Consumer,United States,AZ,Tucson
12152,Home Office,United States,TX,Harlingen
6832,Consumer,United States,MO,Saint Louis
2802,Home Office,United States,OH,Cleveland
4192,Consumer,United States,NY,New York
9837,Corporate,United States,SC,Goose Creek
7485,Consumer,Puerto Rico,PR,Caguas
10668,Consumer,Puerto Rico,PR,Caguas
2605,Consumer,United States,CA,Livermore
1173,Consumer,Puerto Rico,PR,Caguas
6480,Corporate,United States,CA,Chula Vista
2083,Corporate,Puerto Rico,PR,Caguas
10311,Consumer,Puerto Rico,PR,Caguas
6410,Home Office,United States,WI,Sheboygan
6528,Consumer,United States,CA,Compton
9800,Corporate,United States,OR,Beaverton
3583,Consumer,United States,CA,Goleta
12241,Home Office,United States,CA,Santa Cruz
7214,Corporate,United States,TN,Memphis
4662,Consumer,Puerto Rico,PR,Caguas
12332,Consumer,United States,VA,Richmond
6120,Home Office,United States,NY,Yonkers
3008,Corporate,United States,KS,Salina
4355,Corporate,United States,CA,Garden Grove
2584,Consumer,Puerto Rico,PR,Caguas
2027,Corporate,United States,CA,Mission Viejo
12270,Consumer,Puerto Rico,PR,Caguas
11622,Consumer,Puerto Rico,PR,Caguas
11584,Consumer,Puerto Rico,PR,Caguas
10171,Consumer,Puerto Rico,PR,Caguas
9914,Corporate,United States,NY,Far Rockaway
8819,Home Office,United States,CA,Encinitas
10853,Home Office,United States,NV,Las Vegas
9688,Corporate,United States,AZ,Tucson
4624,Consumer,United States,OK,Lawton
4184,Consumer,United States,AR,Conway
2560,Corporate,Puerto Rico,PR,Caguas
1306,Consumer,Puerto Rico,PR,Caguas
11329,Home Office,Puerto Rico,PR,Caguas
6299,Corporate,United States,CA,Pomona
9598,Home Office,United States,IL,Elmhurst
8871,Home Office,United States,IL,Granite City
4443,Corporate,United States,CA,Long Beach
5526,Corporate,Puerto Rico,PR,Caguas
11475,Home Office,United States,TX,Houston
1226,Corporate,Puerto Rico,PR,Caguas
5496,Home Office,United States,WA,Kent
11151,Consumer,Puerto Rico,PR,Caguas
11977,Corporate,United States,CA,Riverside
11272,Consumer,United States,LA,Opelousas
4888,Corporate,United States,CA,Modesto
5,Home Office,Puerto Rico,PR,Caguas
9794,Home Office,Puerto Rico,PR,Caguas
9029,Home Office,Puerto Rico,PR,Caguas
7591,Home Office,Puerto Rico,PR,Caguas
8833,Home Office,Puerto Rico,PR,Caguas
12879,Home Office,Puerto Rico,PR,Caguas
5352,Home Office,Puerto Rico,PR,Caguas
15846,Home Office,Puerto Rico,PR,Caguas
17139,Home Office,Puerto Rico,PR,Caguas
17292,Home Office,Puerto Rico,PR,Caguas
8831,Home Office,Puerto Rico,PR,Caguas
13590,Home Office,Puerto Rico,PR,Caguas
1360,Home Office,Puerto Rico,PR,Caguas
8824,Home Office,Puerto Rico,PR,Caguas
2809,Home Office,United States,DE,Newark
1587,Corporate,United States,MI,Dearborn
9336,Consumer,United States,CA,Spring Valley
6963,Corporate,United States,TX,Harlingen
9561,Consumer,United States,AZ,Mesa
9497,Consumer,Puerto Rico,PR,Caguas
10456,Corporate,United States,CA,Los Angeles
11566,Consumer,Puerto Rico,PR,Caguas
2163,Corporate,United States,TX,Irving
2965,Home Office,Puerto Rico,PR,Caguas
626,Corporate,United States,TX,Dallas
5834,Consumer,Puerto Rico,PR,Caguas
6207,Consumer,United States,TX,Houston
916,Corporate,Puerto Rico,PR,Caguas
936,Consumer,United States,CA,Winnetka
11230,Consumer,Puerto Rico,PR,Caguas
8891,Consumer,United States,MI,Detroit
3668,Corporate,United States,OR,Salem
6975,Consumer,Puerto Rico,PR,Caguas
9409,Home Office,United States,NY,Rome
8848,Consumer,United States,TX,Katy
1494,Consumer,United States,OR,Bend
11504,Consumer,Puerto Rico,PR,Caguas
11312,Consumer,United States,NY,New York
2888,Consumer,Puerto Rico,PR,Caguas
3744,Corporate,United States,CA,Ontario
10515,Home Office,United States,LA,New Orleans
4785,Corporate,United States,LA,Kenner
6772,Consumer,Puerto Rico,PR,Caguas
7595,Home Office,United States,PA,Irwin
8145,Consumer,United States,CA,Gilroy
17052,Consumer,Puerto Rico,PR,Caguas
19777,Consumer,Puerto Rico,PR,Caguas
9479,Consumer,Puerto Rico,PR,Caguas
5023,Consumer,Puerto Rico,PR,Caguas
2018,Consumer,Puerto Rico,PR,Caguas
2607,Consumer,Puerto Rico,PR,Caguas
11225,Consumer,Puerto Rico,PR,Caguas
6774,Consumer,Puerto Rico,PR,Caguas
4425,Consumer,Puerto Rico,PR,Caguas
9501,Consumer,Puerto Rico,PR,Caguas
11377,Consumer,Puerto Rico,PR,Caguas
5147,Consumer,Puerto Rico,PR,Caguas
5401,Consumer,Puerto Rico,PR,Caguas
8702,Consumer,Puerto Rico,PR,Caguas
13093,Consumer,Puerto Rico,PR,Caguas
9330,Consumer,Puerto Rico,PR,Caguas
11410,Consumer,Puerto Rico,PR,Caguas
1100,Consumer,Puerto Rico,PR,Caguas
5399,Consumer,Puerto Rico,PR,Caguas
15685,Consumer,Puerto Rico,PR,Caguas
11222,Consumer,Puerto Rico,PR,Caguas
12273,Consumer,Puerto Rico,PR,Caguas
7648,Consumer,Puerto Rico,PR,Caguas
7430,Consumer,Puerto Rico,PR,Caguas
9388,Consumer,Puerto Rico,PR,Caguas
15450,Consumer,Puerto Rico,PR,Caguas
13158,Consumer,Puerto Rico,PR,Caguas
4695,Consumer,Puerto Rico,PR,Caguas
1507,Consumer,Puerto Rico,PR,Caguas
10479,Consumer,Puerto Rico,PR,Caguas
6847,Consumer,Puerto Rico,PR,Caguas
10181,Consumer,Puerto Rico,PR,Caguas
18911,Consumer,Puerto Rico,PR,Caguas
8288,Consumer,Puerto Rico,PR,Caguas
5174,Consumer,Puerto Rico,PR,Caguas
4230,Consumer,Puerto Rico,PR,Caguas
14897,Consumer,Puerto Rico,PR,Caguas
13878,Consumer,Puerto Rico,PR,Caguas
13917,Consumer,Puerto Rico,PR,Caguas
13449,Consumer,Puerto Rico,PR,Caguas
14104,Consumer,Puerto Rico,PR,Caguas
14372,Consumer,Puerto Rico,PR,Caguas
4656,Consumer,Puerto Rico,PR,Caguas
15122,Consumer,Puerto Rico,PR,Caguas
14756,Consumer,Puerto Rico,PR,Caguas
8751,Consumer,Puerto Rico,PR,Caguas
12310,Consumer,Puerto Rico,PR,Caguas
5108,Consumer,Puerto Rico,PR,Caguas
9524,Consumer,Puerto Rico,PR,Caguas
17224,Consumer,Puerto Rico,PR,Caguas
20326,Consumer,Puerto Rico,PR,Caguas
19894,Consumer,Puerto Rico,PR,Caguas
19234,Consumer,Puerto Rico,PR,Caguas
18516,Consumer,Puerto Rico,PR,Caguas
18718,Consumer,Puerto Rico,PR,Caguas
17190,Consumer,Puerto Rico,PR,Caguas
20106,Consumer,Puerto Rico,PR,Caguas
1751,Consumer,Puerto Rico,PR,Caguas
9950,Home Office,United States,HI,Honolulu
1990,Home Office,United States,AZ,Tempe
5683,Home Office,United States,OH,Cleveland
2033,Home Office,United States,NJ,Union City
11355,Home Office,United States,NC,Lenoir
10444,Home Office,United States,NY,Brooklyn
1420,Home Office,United States,NV,Las Vegas
12209,Home Office,United States,NM,Rio Rancho
1645,Home Office,United States,NY,New York
6697,Home Office,United States,PA,Carlisle
6917,Home Office,United States,WI,Beloit
18802,Home Office,United States,NY,Brooklyn
10684,Home Office,United States,FL,Miami
8252,Home Office,United States,OH,Sandusky
18968,Home Office,United States,NM,Albuquerque
20583,Home Office,United States,CA,Cypress
7859,Home Office,United States,CA,West Covina
20206,Home Office,United States,FL,Orange Park
20183,Home Office,United States,NY,Brooklyn
7408,Home Office,United States,AZ,Peoria
1998,Home Office,United States,CO,Greeley
6747,Home Office,United States,CA,San Diego
9412,Home Office,United States,CA,Lancaster
6976,Home Office,United States,CA,Tulare
10169,Home Office,United States,CA,Daly City
11434,Home Office,United States,FL,Miami
10950,Home Office,United States,NC,Charlotte
10193,Home Office,United States,CA,San Diego
13290,Home Office,United States,TX,Del Rio
14920,Home Office,United States,NC,Apex
14845,Home Office,United States,IL,Chicago
7295,Home Office,United States,CA,Upland
17850,Home Office,United States,IL,Chicago
8857,Home Office,United States,CA,Hawthorne
8604,Home Office,United States,OH,Medina
10465,Home Office,United States,CA,San Diego
1289,Home Office,United States,VA,Virginia Beach
11616,Home Office,United States,MI,Wyoming
8968,Home Office,United States,NY,Buffalo
764,Home Office,United States,HI,Mililani
15851,Home Office,United States,CA,Daly City
5106,Home Office,United States,GA,Atlanta
18507,Home Office,United States,WV,Wheeling
11845,Home Office,United States,TN,Memphis
17800,Home Office,United States,CA,Fremont
19912,Home Office,United States,SC,Summerville
13218,Home Office,United States,TX,Dallas
11663,Home Office,United States,TN,Memphis
6821,Home Office,United States,CA,Los Angeles
13070,Home Office,United States,CA,Riverside
16566,Home Office,United States,PA,Williamsport
18656,Home Office,United States,CA,Oceanside
13223,Home Office,United States,NJ,Piscataway
14259,Home Office,United States,FL,Jacksonville
13543,Home Office,United States,HI,Waipahu
17766,Home Office,United States,MI,Mount Pleasant
17249,Home Office,United States,CA,Gardena
18105,Home Office,United States,IL,Algonquin
16519,Home Office,United States,MI,Wyandotte
16238,Home Office,United States,FL,Miami
15166,Home Office,United States,NY,Brooklyn
20670,Home Office,United States,CA,Paramount
12259,Home Office,United States,MD,Dundalk
13506,Consumer,Puerto Rico,PR,Caguas
14160,Consumer,Puerto Rico,PR,Caguas
20061,Consumer,Puerto Rico,PR,Caguas
20185,Consumer,Puerto Rico,PR,Caguas
12729,Consumer,Puerto Rico,PR,Caguas
7119,Consumer,Puerto Rico,PR,Caguas
18201,Consumer,Puerto Rico,PR,Caguas
18759,Consumer,Puerto Rico,PR,Caguas
18026,Consumer,Puerto Rico,PR,Caguas
20431,Consumer,Puerto Rico,PR,Caguas
20077,Consumer,Puerto Rico,PR,Caguas
20085,Consumer,Puerto Rico,PR,Caguas
12250,Consumer,Puerto Rico,PR,Caguas
20189,Consumer,Puerto Rico,PR,Caguas
15185,Consumer,Puerto Rico,PR,Caguas
12718,Consumer,Puerto Rico,PR,Caguas
8501,Corporate,United States,NJ,Bloomfield
2995,Corporate,United States,MN,Saint Paul
4351,Corporate,United States,TN,Antioch
518,Corporate,United States,CA,Cerritos
8,Corporate,United States,MA,Lawrence
2705,Corporate,United States,PA,Hanover
2353,Consumer,United States,TX,Dallas
5185,Corporate,United States,MD,Baltimore
592,Corporate,United States,MI,Detroit
5835,Consumer,United States,CA,Livermore
11059,Consumer,United States,NY,Brooklyn
3262,Corporate,United States,IL,Aurora
8327,Corporate,Puerto Rico,PR,Caguas
3084,Corporate,United States,IL,Chicago
14472,Consumer,Puerto Rico,PR,Caguas
18276,Corporate,United States,CA,San Jose
3283,Consumer,United States,WV,Martinsburg
11229,Consumer,United States,LA,Kenner
19403,Corporate,United States,NY,Lockport
19389,Corporate,United States,NY,Brooklyn
19380,Consumer,Puerto Rico,PR,Caguas
19378,Consumer,Puerto Rico,PR,Caguas
19373,Home Office,United States,FL,Tallahassee
19367,Consumer,Puerto Rico,PR,Caguas
3497,Consumer,United States,NY,New York
17459,Corporate,United States,NY,Newburgh
19337,Corporate,Puerto Rico,PR,Caguas
19332,Consumer,Puerto Rico,PR,Caguas
19308,Corporate,United States,LA,Opelousas
19287,Consumer,Puerto Rico,PR,Caguas
19285,Consumer,Puerto Rico,PR,Caguas
16774,Consumer,United States,CA,Gilroy
16768,Consumer,United States,OR,Albany
16750,Corporate,United States,CT,Enfield
16739,Consumer,United States,HI,Honolulu
16727,Consumer,United States,NY,Corona
16725,Corporate,United States,NY,New York
16720,Corporate,United States,CA,Simi Valley
16717,Consumer,United States,TX,Garland
16708,Corporate,United States,CA,Los Angeles
16702,Consumer,United States,FL,Miami
16680,Home Office,United States,AZ,Glendale
16678,Consumer,United States,NJ,West Orange
16666,Corporate,Puerto Rico,PR,Caguas
14170,Home Office,Puerto Rico,PR,Caguas
13933,Home Office,Puerto Rico,PR,Caguas
13986,Home Office,Puerto Rico,PR,Caguas
10057,Home Office,Puerto Rico,PR,Caguas
2379,Home Office,Puerto Rico,PR,Caguas
13832,Consumer,Puerto Rico,PR,Caguas
11507,Corporate,Puerto Rico,PR,Caguas
2742,Consumer,United States,NV,Henderson
15955,Corporate,United States,TX,San Antonio
11973,Corporate,United States,NY,Brooklyn
15498,Corporate,United States,OH,Columbus
15458,Corporate,United States,TX,Dallas
15490,Corporate,United States,CA,Compton
5934,Corporate,United States,NY,Newburgh
4911,Corporate,United States,NC,Greenville
16648,Consumer,United States,CA,Fresno
16637,Home Office,Puerto Rico,PR,Caguas
251,Corporate,United States,MN,Saint Paul
5455,Home Office,Puerto Rico,PR,San Sebastian
19106,Home Office,Puerto Rico,PR,Trujillo Alto
19206,Home Office,Puerto Rico,PR,Caguas
16582,Consumer,Puerto Rico,PR,Caguas
20594,Consumer,Puerto Rico,PR,Caguas
9232,Corporate,Puerto Rico,PR,Caguas
16218,Corporate,Puerto Rico,PR,Caguas
13794,Corporate,Puerto Rico,PR,Caguas
11223,Corporate,United States,CA,Azusa
17818,Corporate,United States,NV,Las Vegas
17061,Corporate,United States,CA,Los Angeles
15261,Corporate,United States,MI,Detroit
19947,Corporate,United States,MA,Revere
15220,Corporate,United States,CA,Bakersfield
20014,Corporate,United States,NJ,Newark
5471,Corporate,United States,AZ,Tempe
606,Consumer,United States,DE,Newark
8939,Corporate,United States,NY,Staten Island
17316,Consumer,United States,MD,Baltimore
20360,Consumer,United States,TX,San Benito
18966,Home Office,Puerto Rico,PR,Caguas
18623,Home Office,Puerto Rico,PR,Caguas
19977,Home Office,Puerto Rico,PR,Caguas
16354,Home Office,Puerto Rico,PR,Caguas
18598,Home Office,Puerto Rico,PR,Caguas
20116,Consumer,Puerto Rico,PR,Caguas
20395,Corporate,Puerto Rico,PR,Caguas
3027,Corporate,Puerto Rico,PR,Caguas
9111,Corporate,Puerto Rico,PR,Caguas
10576,Corporate,Puerto Rico,PR,Caguas
15394,Corporate,Puerto Rico,PR,Caguas
7509,Corporate,United States,NY,Brooklyn
943,Corporate,United States,AZ,Tucson
12048,Corporate,United States,MI,Hamtramck
10010,Corporate,United States,AZ,Phoenix
10363,Corporate,United States,CA,Riverside
1,Consumer,United States,TX,Brownsville
10212,Consumer,United States,TX,Irving
13123,Consumer,United States,CA,Garden Grove
13442,Consumer,United States,TX,Laredo
1458,Consumer,United States,PA,Philadelphia
3629,Corporate,United States,NY,North Tonawanda
3862,Corporate,United States,CA,Watsonville
5219,Corporate,United States,FL,Fort Lauderdale
6888,Corporate,United States,CA,San Jose
10676,Corporate,United States,IL,Quincy
5304,Home Office,Puerto Rico,PR,Caguas
12686,Home Office,Puerto Rico,PR,Caguas
20740,Home Office,Puerto Rico,PR,Caguas
20460,Home Office,Puerto Rico,PR,Caguas
14746,Home Office,Puerto Rico,PR,Bayamon
5771,Consumer,Puerto Rico,PR,Caguas
13064,Consumer,Puerto Rico,PR,Caguas
14117,Consumer,Puerto Rico,PR,Caguas
14133,Consumer,Puerto Rico,PR,Caguas
13994,Consumer,Puerto Rico,PR,Caguas
12457,Consumer,Puerto Rico,PR,Caguas
15113,Consumer,Puerto Rico,PR,Caguas
11382,Corporate,United States,CA,Huntington Beach
6574,Corporate,United States,NJ,Lakewood
1942,Corporate,United States,HI,Honolulu
8347,Corporate,United States,WA,Lynnwood
3299,Corporate,United States,NY,Bronx
7999,Corporate,United States,CA,Compton
14891,Consumer,United States,IL,Carol Stream
14849,Consumer,United States,VA,Virginia Beach
18482,Consumer,United States,FL,Hialeah
20348,Consumer,United States,FL,Tallahassee
13409,Consumer,United States,OH,Cleveland
14061,Consumer,United States,IL,Chicago
12196,Corporate,United States,IL,Cicero
12936,Corporate,United States,IN,Michigan City
15815,Corporate,United States,NJ,Union City
18454,Corporate,United States,NJ,Clementon
12748,Corporate,United States,TX,Houston
20757,Corporate,United States,FL,Miami
10324,Corporate,United States,FL,Tallahassee
4856,Corporate,United States,VA,Woodbridge
18122,Corporate,United States,NM,Albuquerque
18266,Corporate,United States,CA,Hollister
16371,Corporate,United States,CA,Buena Park
15248,Consumer,United States,NC,Raleigh
19025,Consumer,United States,NV,North Las Vegas
19993,Consumer,United States,NY,Brooklyn
16153,Consumer,United States,OH,Lakewood
13059,Consumer,United States,AZ,Tempe
16563,Consumer,United States,AZ,Tempe
18845,Consumer,United States,NJ,Bloomfield
12247,Consumer,Puerto Rico,PR,Caguas
10215,Consumer,Puerto Rico,PR,San Juan
18249,Consumer,Puerto Rico,PR,Caguas
16449,Consumer,Puerto Rico,PR,Caguas
19138,Consumer,Puerto Rico,PR,Caguas
19119,Consumer,Puerto Rico,PR,Caguas
18849,Consumer,Puerto Rico,PR,Caguas
17507,Consumer,Puerto Rico,PR,Caguas
17650,Consumer,Puerto Rico,PR,Caguas
15935,Consumer,Puerto Rico,PR,Toa Baja
18518,Consumer,Puerto Rico,PR,Caguas
15430,Consumer,Puerto Rico,PR,Caguas
15448,Consumer,Puerto Rico,PR,Caguas
15373,Consumer,Puerto Rico,PR,Caguas
15326,Consumer,Puerto Rico,PR,Caguas
17586,Consumer,Puerto Rico,PR,Caguas
16356,Consumer,Puerto Rico,PR,Caguas
18988,Consumer,Puerto Rico,PR,Caguas
20371,Consumer,Puerto Rico,PR,Carolina
17411,Consumer,Puerto Rico,PR,Caguas
16015,Consumer,Puerto Rico,PR,Caguas
17796,Consumer,Puerto Rico,PR,Caguas
13939,Corporate,United States,NV,Las Vegas
12053,Corporate,United States,CA,Long Beach
12707,Corporate,United States,CA,Fremont
20692,Corporate,United States,CA,Highland
16085,Corporate,United States,CA,Union City
18965,Corporate,United States,CA,Buena Park
14143,Corporate,United States,HI,Kaneohe
18677,Corporate,United States,MD,Cumberland
16348,Corporate,United States,NY,South Ozone Park
17144,Corporate,United States,CA,Los Angeles
19199,Corporate,United States,IL,Elgin
2557,Corporate,United States,MI,Detroit
19999,Corporate,Puerto Rico,PR,Caguas
12980,Corporate,Puerto Rico,PR,Caguas
17364,Corporate,Puerto Rico,PR,Caguas
1805,Corporate,Puerto Rico,PR,Caguas
10065,Corporate,Puerto Rico,PR,Caguas
1728,Corporate,United States,CA,La Mesa
6182,Corporate,United States,NY,Bronx
16300,Corporate,United States,TX,Laredo
17816,Corporate,United States,IL,Chicago
16339,Corporate,United States,OH,Cleveland
14421,Corporate,United States,TX,San Antonio
19263,Corporate,United States,MD,Parkville
15692,Corporate,United States,DE,Newark
17356,Corporate,United States,IL,Chicago
15516,Corporate,United States,OH,Lancaster
18057,Home Office,Puerto Rico,PR,Caguas
20458,Home Office,Puerto Rico,PR,Caguas
19857,Home Office,Puerto Rico,PR,Caguas
2671,Consumer,United States,OR,Portland
11495,Consumer,United States,IL,Chicago
12271,Consumer,United States,CA,Ontario
14737,Consumer,United States,CA,Spring Valley
12662,Consumer,United States,CA,Oxnard
12453,Consumer,United States,MI,Taylor
12910,Consumer,United States,PA,Philadelphia
14966,Consumer,United States,MA,Peabody
1398,Consumer,United States,CO,Longmont
5012,Consumer,United States,NY,Brooklyn
18200,Consumer,United States,VA,Woodbridge
17942,Consumer,United States,CA,Simi Valley
12074,Consumer,United States,AR,Conway
19936,Consumer,United States,NV,Las Vegas
15140,Consumer,United States,CA,Fontana
16312,Consumer,United States,IL,Normal
18618,Consumer,United States,CA,La Mesa
15182,Consumer,United States,MI,Dearborn
2875,Consumer,United States,CT,Danbury
13362,Consumer,United States,PA,Wilkes Barre
12461,Consumer,United States,AZ,Peoria
12959,Consumer,United States,CA,Mission Viejo
14231,Consumer,United States,DC,Washington
13092,Consumer,United States,CA,Pomona
13122,Consumer,United States,CA,North Hollywood
13822,Consumer,United States,OR,Beaverton
13886,Consumer,United States,MN,Saint Paul
13664,Consumer,United States,CA,Sunnyvale
15025,Consumer,United States,NJ,Wayne
12837,Consumer,United States,CO,Aurora
12854,Consumer,United States,CA,Gardena
1237,Consumer,United States,TX,Houston
4558,Consumer,United States,CA,San Francisco
16440,Consumer,United States,CA,Pacoima
854,Consumer,United States,TX,Del Rio
7381,Consumer,United States,NM,Rio Rancho
12843,Consumer,United States,GA,Atlanta
13184,Consumer,United States,TX,Del Rio
3773,Consumer,United States,AZ,Tempe
13877,Consumer,United States,TX,Houston
13586,Consumer,United States,UT,Clearfield
13657,Consumer,United States,CO,Aurora
17920,Corporate,Puerto Rico,PR,Caguas
13203,Corporate,Puerto Rico,PR,Caguas
7932,Corporate,Puerto Rico,PR,Caguas
8748,Corporate,Puerto Rico,PR,Caguas
16522,Corporate,Puerto Rico,PR,Caguas
20140,Corporate,Puerto Rico,PR,Caguas
3667,Corporate,Puerto Rico,PR,Caguas
14639,Corporate,Puerto Rico,PR,Caguas
14650,Corporate,Puerto Rico,PR,Caguas
13950,Corporate,Puerto Rico,PR,Caguas
13965,Corporate,Puerto Rico,PR,Caguas
13650,Corporate,Puerto Rico,PR,Caguas
8454,Corporate,Puerto Rico,PR,Caguas
12452,Corporate,Puerto Rico,PR,Caguas
14990,Corporate,Puerto Rico,PR,Caguas
12179,Corporate,Puerto Rico,PR,Caguas
16534,Corporate,Puerto Rico,PR,Caguas
15878,Corporate,Puerto Rico,PR,Caguas
20579,Corporate,Puerto Rico,PR,Caguas
788,Corporate,Puerto Rico,PR,Caguas
17563,Corporate,Puerto Rico,PR,Caguas
17815,Corporate,Puerto Rico,PR,Caguas
15151,Corporate,Puerto Rico,PR,Caguas
20356,Corporate,Puerto Rico,PR,Caguas
4773,Corporate,Puerto Rico,PR,Caguas
15915,Consumer,United States,NY,Brooklyn
15913,Consumer,United States,WV,Wheeling
16115,Consumer,United States,NY,New York
20190,Consumer,United States,NJ,Bridgeton
13254,Consumer,United States,CA,San Diego
14563,Consumer,United States,HI,Honolulu
13441,Consumer,United States,NY,Brooklyn
12587,Consumer,United States,TX,Richmond
6676,Consumer,United States,WI,Milwaukee
16230,Consumer,United States,CT,Manchester
18443,Consumer,United States,CA,Madera
16296,Consumer,United States,TX,San Antonio
7137,Consumer,United States,CA,Daly City
144,Corporate,United States,NY,Bronx
13556,Corporate,United States,CT,Danbury
12743,Corporate,United States,MD,Baltimore
12508,Corporate,United States,CA,Vista
5029,Corporate,United States,HI,Honolulu
7085,Corporate,United States,WA,Longview
10354,Corporate,United States,AZ,Tucson
18750,Corporate,United States,CA,Los Angeles
20525,Corporate,United States,OH,Cleveland
17984,Corporate,United States,WV,Martinsburg
15172,Corporate,United States,MI,Mount Pleasant
13874,Corporate,United States,AZ,Mesa
3991,Corporate,United States,NJ,Morristown
16628,Corporate,United States,NY,New York
7556,Corporate,United States,NY,New York
12970,Corporate,United States,CA,Baldwin Park
13682,Corporate,United States,WA,Everett
15095,Corporate,United States,MD,Glen Burnie
12669,Corporate,United States,AZ,Glendale
18160,Corporate,United States,LA,New Orleans
19099,Corporate,United States,IL,Tinley Park
15874,Corporate,United States,HI,Mililani
20416,Corporate,United States,TX,Plano
15453,Corporate,United States,NJ,Edison
18720,Corporate,United States,VA,Virginia Beach
16605,Corporate,United States,IL,Elgin
17160,Corporate,United States,TX,Austin
13289,Corporate,United States,CA,Rowland Heights
14410,Corporate,United States,IL,Wheaton
20756,Corporate,United States,IL,Berwyn
19740,Home Office,United States,CA,Los Angeles
19733,Home Office,United States,PA,Irwin
19721,Consumer,United States,NY,Bronx
19700,Corporate,Puerto Rico,PR,Caguas
19690,Consumer,Puerto Rico,PR,Caguas
19689,Consumer,United States,OK,Broken Arrow
19666,Corporate,United States,CA,Bellflower
19655,Consumer,United States,CO,Broomfield
19653,Consumer,United States,MA,Dorchester Center
19651,Consumer,United States,NV,Las Vegas
19577,Consumer,United States,AZ,Peoria
19575,Home Office,Puerto Rico,PR,San Juan
19551,Corporate,Puerto Rico,PR,Caguas
19545,Consumer,Puerto Rico,PR,Caguas
17026,Corporate,United States,NY,Brooklyn
17022,Corporate,United States,VA,Virginia Beach
17016,Corporate,United States,AZ,Phoenix
17007,Consumer,United States,CA,Los Angeles
17006,Corporate,Puerto Rico,PR,Caguas
17000,Consumer,Puerto Rico,PR,Caguas
16979,Corporate,United States,GA,Stone Mountain
16973,Corporate,United States,FL,Fort Lauderdale
16923,Consumer,United States,CA,Diamond Bar
16911,Home Office,United States,AZ,Glendale
16906,Home Office,United States,NY,Brooklyn
16902,Home Office,Puerto Rico,PR,Yauco
16899,Consumer,United States,CA,Fairfield
16887,Consumer,United States,CA,Salinas
16840,Consumer,Puerto Rico,PR,Caguas
16838,Corporate,United States,HI,Honolulu
16837,Consumer,United States,GA,Lilburn
16834,Corporate,United States,CA,Azusa
16832,Corporate,United States,NY,Bronx
16830,Consumer,United States,UT,Provo
16825,Consumer,Puerto Rico,PR,Caguas
16806,Home Office,United States,CA,Los Angeles
16790,Consumer,Puerto Rico,PR,Caguas
2151,Corporate,United States,GA,Decatur
15561,Consumer,Puerto Rico,PR,Caguas
20358,Consumer,Puerto Rico,PR,Caguas
20354,Consumer,Puerto Rico,PR,Caguas
14968,Corporate,United States,TX,Carrollton
18754,Corporate,United States,GA,Douglasville
15715,Corporate,United States,NY,Bronx
17413,Corporate,United States,OH,Westerville
8276,Consumer,United States,CO,Longmont
14338,Home Office,United States,OH,Elyria
20517,Home Office,United States,AR,Jonesboro
12525,Home Office,United States,CA,Escondido
3450,Consumer,United States,CA,Diamond Bar
11752,Consumer,United States,FL,Hollywood
12894,Consumer,United States,CA,San Francisco
18087,Consumer,United States,IL,Chicago
17910,Consumer,United States,TX,San Antonio
11770,Consumer,United States,NY,Flushing
18011,Consumer,United States,CA,Moreno Valley
17908,Consumer,United States,NJ,Union
15549,Corporate,Puerto Rico,PR,Caguas
15527,Corporate,Puerto Rico,PR,Caguas
16012,Corporate,Puerto Rico,PR,Caguas
15307,Corporate,United States,GA,Marietta
17214,Corporate,United States,CA,Hollister
17578,Corporate,United States,OH,Hamilton
16320,Corporate,United States,NJ,North Bergen
20450,Corporate,United States,FL,Tampa
7025,Corporate,United States,NY,Buffalo
18865,Corporate,United States,CA,Fremont
15703,Corporate,United States,VA,Henrico
18278,Corporate,United States,NJ,Edison
13010,Corporate,United States,IL,Joliet
15776,Corporate,United States,NC,Chapel Hill
15534,Corporate,United States,NY,Newburgh
11812,Consumer,United States,MA,Medford
1333,Consumer,United States,CO,Colorado Springs
7087,Consumer,United States,NY,Brooklyn
13257,Consumer,United States,NJ,Piscataway
13237,Consumer,United States,CA,Vista
14515,Consumer,United States,OR,Bend
13321,Consumer,United States,VA,Chesapeake
14084,Consumer,United States,CA,Cerritos
13298,Consumer,United States,TX,San Antonio
14578,Consumer,United States,MI,East Lansing
13753,Consumer,United States,CA,Lake Forest
6191,Consumer,United States,MN,Saint Paul
13712,Consumer,United States,HI,Honolulu
980,Consumer,United States,CA,San Jose
14898,Consumer,United States,CA,Long Beach
12853,Consumer,United States,NY,New York
14038,Consumer,United States,CA,Santa Ana
14284,Corporate,United States,TX,Dallas
14546,Corporate,United States,CA,Fullerton
13908,Corporate,United States,NY,Brooklyn
14345,Corporate,United States,CA,Carson
12681,Corporate,United States,NY,Yonkers
8182,Corporate,United States,AZ,Tucson
20078,Corporate,United States,TX,Brownsville
16209,Corporate,United States,AZ,Tempe
15764,Corporate,United States,IL,Chicago
16003,Corporate,United States,HI,Honolulu
17574,Corporate,United States,PA,Hanover
17762,Corporate,United States,IL,Chicago
17223,Corporate,United States,IL,Moline
18622,Corporate,United States,KY,Richmond
17756,Corporate,United States,MD,Annapolis
19051,Corporate,United States,OH,Lakewood
18821,Corporate,United States,NY,Levittown
17975,Corporate,United States,AZ,Tucson
15428,Corporate,United States,OH,Newark
15613,Corporate,United States,NJ,Irvington
17226,Corporate,United States,FL,Pompano Beach
12558,Consumer,United States,OH,Cincinnati
12620,Consumer,United States,NY,Lindenhurst
12881,Consumer,United States,MD,Fort Washington
14984,Consumer,United States,OH,Hamilton
19230,Consumer,United States,OR,Eugene
17562,Consumer,United States,TX,Carrollton
16407,Consumer,United States,AR,Jonesboro
15880,Consumer,United States,CA,Los Angeles
20554,Consumer,United States,CA,Milpitas
16033,Consumer,United States,FL,Miami
18399,Consumer,United States,NY,Rome
17689,Consumer,United States,MD,Glen Burnie
20411,Consumer,United States,PA,Greensburg
15295,Consumer,United States,TX,Carrollton
15381,Consumer,United States,AZ,Tucson
17587,Consumer,United States,MI,Detroit
18533,Consumer,United States,PA,Philadelphia
14429,Corporate,Puerto Rico,PR,Caguas
14356,Corporate,Puerto Rico,PR,Caguas
12990,Corporate,Puerto Rico,PR,Caguas
143,Corporate,Puerto Rico,PR,Caguas
17668,Corporate,Puerto Rico,PR,Caguas
20546,Corporate,Puerto Rico,PR,Caguas
18324,Corporate,Puerto Rico,PR,Caguas
17328,Corporate,Puerto Rico,PR,Caguas
20108,Corporate,Puerto Rico,PR,Caguas
16163,Corporate,Puerto Rico,PR,Caguas
18550,Corporate,Puerto Rico,PR,Caguas
20136,Corporate,Puerto Rico,PR,Caguas
18206,Corporate,Puerto Rico,PR,Caguas
1395,Consumer,United States,CA,Santa Ana
18043,Consumer,United States,MI,Canton
18037,Consumer,United States,IL,Chicago
18179,Consumer,United States,TX,Dallas
16397,Consumer,United States,AZ,Chandler
18744,Consumer,United States,CA,Los Angeles
18758,Consumer,United States,OH,Loveland
18740,Consumer,United States,MO,Springfield
17326,Consumer,United States,AZ,Phoenix
18032,Consumer,United States,NY,Rego Park
17322,Consumer,United States,TX,San Benito
17712,Consumer,United States,OR,Roseburg
17258,Consumer,United States,CO,Aurora
18374,Consumer,United States,VA,Virginia Beach
15461,Consumer,United States,TX,Mission
15545,Consumer,United States,TX,Fort Worth
17188,Consumer,United States,CA,Fontana
20343,Consumer,United States,MI,Canton
20285,Consumer,United States,TX,Amarillo
20121,Consumer,United States,ID,Meridian
19225,Consumer,United States,TX,Dallas
20308,Consumer,United States,MA,Peabody
20066,Consumer,United States,CA,La Habra
18886,Home Office,United States,TX,Laredo
14443,Home Office,United States,MI,Warren
7308,Home Office,United States,OH,Columbus
17611,Home Office,United States,NY,Newburgh
16276,Home Office,United States,CA,Salinas
17195,Home Office,United States,KY,Louisville
19057,Home Office,United States,CA,San Francisco
13167,Home Office,United States,GA,Lilburn
12986,Home Office,United States,PA,Lancaster
14291,Home Office,United States,CA,Santa Cruz
13881,Home Office,United States,CA,San Diego
12916,Consumer,United States,TX,Austin
18683,Consumer,United States,NJ,Princeton
15891,Consumer,United States,AZ,Tucson
6372,Consumer,United States,NY,Woodside
14806,Consumer,United States,CA,Poway
14731,Consumer,United States,TN,Clarksville
14728,Consumer,United States,TX,San Benito
13341,Consumer,United States,CA,Walnut
6335,Consumer,United States,MA,Methuen
18850,Consumer,United States,OR,Beaverton
18360,Consumer,United States,MD,Hagerstown
17891,Consumer,United States,HI,Honolulu
17636,Consumer,United States,IL,Chicago
13448,Consumer,United States,MD,Silver Spring
13515,Consumer,United States,KY,Richmond
14634,Consumer,United States,FL,Fort Lauderdale
13529,Consumer,United States,CA,Pomona
12647,Consumer,United States,GA,Lawrenceville
14082,Consumer,United States,FL,Miami
13477,Consumer,United States,CA,Los Angeles
15945,Corporate,Puerto Rico,PR,Caguas
14419,Corporate,Puerto Rico,PR,Caguas
20589,Corporate,Puerto Rico,PR,Caguas
16504,Corporate,Puerto Rico,PR,Caguas
20553,Corporate,Puerto Rico,PR,Caguas
18900,Corporate,Puerto Rico,PR,Caguas
15835,Corporate,Puerto Rico,PR,Caguas
7801,Consumer,United States,NM,Albuquerque
3719,Consumer,Puerto Rico,PR,Caguas
1230,Consumer,United States,CA,Ventura
2664,Corporate,Puerto Rico,PR,Caguas
3565,Corporate,Puerto Rico,PR,Caguas
7568,Corporate,Puerto Rico,PR,Caguas
4011,Corporate,Puerto Rico,PR,Caguas
3107,Corporate,Puerto Rico,PR,Caguas
4861,Corporate,Puerto Rico,PR,Caguas
6816,Corporate,Puerto Rico,PR,Caguas
34,Corporate,Puerto Rico,PR,Caguas
11408,Corporate,Puerto Rico,PR,Caguas
679,Corporate,Puerto Rico,PR,Caguas
10038,Corporate,Puerto Rico,PR,Caguas
9549,Corporate,Puerto Rico,PR,Caguas
10447,Corporate,Puerto Rico,PR,Caguas
2668,Corporate,Puerto Rico,PR,Caguas
1606,Corporate,Puerto Rico,PR,Caguas
3397,Corporate,Puerto Rico,PR,Caguas
1123,Corporate,Puerto Rico,PR,Caguas
5957,Corporate,Puerto Rico,PR,Caguas
1004,Corporate,Puerto Rico,PR,Caguas
6946,Corporate,Puerto Rico,PR,Caguas
8682,Corporate,Puerto Rico,PR,Caguas
8370,Corporate,Puerto Rico,PR,Caguas
10824,Corporate,Puerto Rico,PR,Caguas
12812,Corporate,Puerto Rico,PR,Caguas
3793,Corporate,Puerto Rico,PR,Caguas
12483,Corporate,Puerto Rico,PR,Caguas
2890,Corporate,Puerto Rico,PR,Caguas
11520,Corporate,Puerto Rico,PR,Caguas
8586,Corporate,Puerto Rico,PR,Caguas
4731,Corporate,Puerto Rico,PR,Caguas
3849,Corporate,Puerto Rico,PR,Caguas
7923,Corporate,Puerto Rico,PR,Caguas
9770,Corporate,Puerto Rico,PR,Caguas
9913,Corporate,Puerto Rico,PR,Caguas
17748,Corporate,Puerto Rico,PR,Caguas
10115,Corporate,Puerto Rico,PR,Caguas
18135,Corporate,Puerto Rico,PR,Toa Baja
19248,Corporate,Puerto Rico,PR,Caguas
20427,Corporate,Puerto Rico,PR,Caguas
9022,Corporate,Puerto Rico,PR,Caguas
17745,Corporate,Puerto Rico,PR,Caguas
6558,Corporate,Puerto Rico,PR,Caguas
18560,Corporate,Puerto Rico,PR,Caguas
17590,Corporate,Puerto Rico,PR,Caguas
8695,Corporate,Puerto Rico,PR,Caguas
8842,Corporate,Puerto Rico,PR,Caguas
3688,Corporate,Puerto Rico,PR,Caguas
1203,Corporate,Puerto Rico,PR,Caguas
12225,Corporate,Puerto Rico,PR,Caguas
1941,Corporate,Puerto Rico,PR,Caguas
11081,Corporate,Puerto Rico,PR,Caguas
1983,Corporate,Puerto Rico,PR,Caguas
7921,Consumer,Puerto Rico,PR,Caguas
2713,Consumer,Puerto Rico,PR,Caguas
1411,Consumer,Puerto Rico,PR,Guaynabo
12211,Consumer,Puerto Rico,PR,Caguas
11401,Consumer,Puerto Rico,PR,Caguas
1757,Consumer,Puerto Rico,PR,Caguas
10622,Consumer,Puerto Rico,PR,Caguas
707,Consumer,Puerto Rico,PR,Caguas
17477,Consumer,Puerto Rico,PR,Caguas
5423,Consumer,Puerto Rico,PR,Caguas
8039,Consumer,Puerto Rico,PR,Caguas
10665,Consumer,Puerto Rico,PR,Caguas
5178,Consumer,Puerto Rico,PR,Caguas
12018,Consumer,Puerto Rico,PR,Caguas
967,Consumer,Puerto Rico,PR,Caguas
10556,Consumer,Puerto Rico,PR,Caguas
9998,Consumer,Puerto Rico,PR,Caguas
1282,Consumer,Puerto Rico,PR,Caguas
4395,Consumer,Puerto Rico,PR,Caguas
6523,Consumer,Puerto Rico,PR,Caguas
1875,Consumer,Puerto Rico,PR,Caguas
14965,Consumer,Puerto Rico,PR,Caguas
8302,Consumer,Puerto Rico,PR,Caguas
1399,Consumer,Puerto Rico,PR,Caguas
3520,Consumer,Puerto Rico,PR,Caguas
3063,Consumer,Puerto Rico,PR,Caguas
4059,Consumer,Puerto Rico,PR,Caguas
5850,Consumer,Puerto Rico,PR,Caguas
3784,Consumer,Puerto Rico,PR,Caguas
10441,Consumer,Puerto Rico,PR,Caguas
18552,Consumer,Puerto Rico,PR,Caguas
20129,Consumer,Puerto Rico,PR,Caguas
19822,Consumer,Puerto Rico,PR,Caguas
9155,Consumer,Puerto Rico,PR,Caguas
591,Consumer,Puerto Rico,PR,Caguas
7517,Consumer,Puerto Rico,PR,Caguas
8755,Consumer,Puerto Rico,PR,Caguas
1552,Consumer,Puerto Rico,PR,Caguas
4907,Consumer,Puerto Rico,PR,Caguas
4337,Consumer,Puerto Rico,PR,Caguas
7699,Consumer,Puerto Rico,PR,Caguas
2918,Consumer,Puerto Rico,PR,Caguas
5169,Consumer,Puerto Rico,PR,Caguas
604,Consumer,Puerto Rico,PR,Caguas
9554,Consumer,Puerto Rico,PR,Caguas
9556,Consumer,Puerto Rico,PR,Caguas
3677,Consumer,Puerto Rico,PR,Caguas
11742,Consumer,Puerto Rico,PR,San Sebastian
14857,Consumer,Puerto Rico,PR,Caguas
6797,Consumer,Puerto Rico,PR,Caguas
6171,Consumer,Puerto Rico,PR,Caguas
3474,Consumer,Puerto Rico,PR,Caguas
809,Consumer,Puerto Rico,PR,Caguas
6388,Consumer,Puerto Rico,PR,Caguas
5878,Consumer,Puerto Rico,PR,Caguas
4132,Consumer,Puerto Rico,PR,Caguas
14881,Consumer,Puerto Rico,PR,Caguas
12422,Consumer,Puerto Rico,PR,Caguas
7743,Consumer,Puerto Rico,PR,Caguas
5565,Consumer,Puerto Rico,PR,Carolina
8807,Consumer,Puerto Rico,PR,Caguas
10340,Consumer,Puerto Rico,PR,Caguas
3875,Consumer,Puerto Rico,PR,Caguas
2793,Consumer,Puerto Rico,PR,Caguas
12140,Consumer,Puerto Rico,PR,Caguas
2090,Consumer,Puerto Rico,PR,Caguas
5136,Consumer,Puerto Rico,PR,Caguas
7389,Consumer,Puerto Rico,PR,Caguas
5261,Consumer,Puerto Rico,PR,Manati
4176,Consumer,Puerto Rico,PR,Caguas
10445,Consumer,Puerto Rico,PR,Caguas
4016,Consumer,Puerto Rico,PR,Caguas
2461,Consumer,Puerto Rico,PR,Caguas
10811,Consumer,Puerto Rico,PR,Caguas
7757,Consumer,Puerto Rico,PR,Caguas
7853,Consumer,Puerto Rico,PR,Caguas
18195,Consumer,Puerto Rico,PR,Caguas
19209,Consumer,Puerto Rico,PR,Caguas
15867,Consumer,Puerto Rico,PR,Caguas
5898,Consumer,Puerto Rico,PR,Caguas
4587,Consumer,Puerto Rico,PR,Caguas
7158,Consumer,Puerto Rico,PR,Caguas
5325,Consumer,Puerto Rico,PR,Caguas
17948,Consumer,Puerto Rico,PR,Caguas
20577,Consumer,Puerto Rico,PR,Caguas
4136,Consumer,Puerto Rico,PR,Caguas
3810,Consumer,Puerto Rico,PR,Caguas
9517,Consumer,Puerto Rico,PR,Caguas
18732,Consumer,Puerto Rico,PR,Caguas
15568,Consumer,Puerto Rico,PR,Caguas
15401,Consumer,Puerto Rico,PR,Caguas
10248,Consumer,United States,NY,Newburgh
847,Consumer,United States,CA,San Diego
2133,Consumer,United States,NY,Brooklyn
6886,Consumer,United States,MA,Lawrence
3888,Consumer,United States,FL,Miami
2525,Consumer,United States,IL,Chicago
5355,Consumer,United States,NC,Charlotte
3236,Consumer,United States,CA,Hollister
3519,Consumer,United States,TX,San Antonio
377,Consumer,United States,CA,Lancaster
9106,Consumer,United States,IL,Waukegan
9942,Consumer,United States,TN,Memphis
11198,Consumer,United States,GA,Marietta
5606,Consumer,United States,NY,New York
2685,Consumer,United States,WI,La Crosse
11645,Consumer,United States,SC,Summerville
8576,Consumer,United States,CA,Fremont
9750,Consumer,United States,NY,Woodside
1797,Consumer,United States,TN,Memphis
11358,Consumer,United States,UT,Salt Lake City
5090,Consumer,United States,CA,Carlsbad
11550,Consumer,United States,CA,Ventura
5883,Consumer,United States,NC,Fayetteville
2732,Consumer,United States,IL,Chicago
816,Consumer,United States,FL,Miami
10157,Consumer,United States,MI,Detroit
6485,Consumer,United States,FL,Pompano Beach
1738,Consumer,United States,MI,Detroit
3676,Consumer,United States,ND,Fargo
6443,Consumer,United States,AZ,Tempe
10744,Consumer,United States,IL,Palatine
5137,Consumer,United States,CA,Riverside
7748,Consumer,United States,CA,Long Beach
1228,Consumer,United States,CA,Sunnyvale
9530,Consumer,United States,MA,Peabody
11432,Consumer,United States,CA,Stockton
11606,Consumer,United States,NC,Apex
7561,Consumer,United States,AZ,Tucson
4740,Consumer,United States,NC,Greenville
6220,Consumer,United States,NY,Ithaca
11965,Consumer,United States,TX,North Richland Hills
2997,Consumer,United States,NJ,West New York
7549,Consumer,United States,AZ,Phoenix
7082,Consumer,United States,FL,Fort Lauderdale
1261,Consumer,United States,CA,Fullerton
35,Consumer,United States,CA,Oceanside
7030,Consumer,United States,GA,Alpharetta
3825,Consumer,United States,MD,Silver Spring
631,Consumer,United States,NY,Brooklyn
7460,Consumer,United States,NJ,East Brunswick
11588,Consumer,United States,IL,Chicago
4221,Consumer,United States,CA,Los Angeles
7365,Consumer,United States,NY,Elmhurst
11843,Consumer,United States,NV,Las Vegas
9928,Consumer,United States,IL,Aurora
3178,Consumer,United States,OH,Middletown
8084,Consumer,United States,TX,Houston
810,Consumer,United States,NV,Las Vegas
10681,Consumer,United States,CA,Alameda
12357,Consumer,United States,NJ,Morristown
6457,Consumer,United States,NJ,Jersey City
6287,Consumer,United States,OH,Columbus
9249,Consumer,United States,CA,Panorama City
11212,Consumer,United States,CA,Bakersfield
11765,Consumer,United States,CA,South El Monte
12318,Consumer,United States,MN,Saint Paul
6150,Consumer,United States,CA,Lompoc
6637,Consumer,United States,MN,Saint Paul
9317,Consumer,United States,NY,Brooklyn
6079,Consumer,United States,MA,Plymouth
7956,Consumer,United States,FL,Hialeah
1524,Consumer,United States,CA,La Mirada
1191,Consumer,United States,VA,Annandale
12249,Consumer,United States,FL,Miami
1380,Consumer,United States,CA,Huntington Beach
11527,Consumer,United States,IL,Elgin
2210,Consumer,United States,MO,Saint Charles
11512,Consumer,United States,TN,Memphis
10769,Consumer,United States,CA,Los Angeles
6654,Consumer,United States,TX,Irving
7419,Consumer,United States,NV,Las Vegas
12072,Consumer,United States,CO,Denver
10560,Consumer,United States,WA,Redmond
11890,Consumer,United States,CA,Hesperia
8847,Consumer,United States,MD,Baltimore
11536,Consumer,United States,OR,Bend
12041,Consumer,United States,MO,Florissant
5604,Consumer,United States,MI,Highland Park
3436,Consumer,United States,IL,Palatine
4353,Consumer,United States,NJ,Clementon
12246,Consumer,United States,FL,Pompano Beach
5474,Consumer,United States,WI,Fond Du Lac
8120,Consumer,United States,OH,Loveland
4002,Consumer,United States,GA,Columbus
6903,Consumer,United States,NY,New York
11825,Consumer,United States,NV,Las Vegas
10589,Consumer,United States,NY,Levittown
1649,Consumer,United States,NJ,New Brunswick
2497,Consumer,United States,TX,Mesquite
7411,Consumer,United States,CA,Fresno
5662,Consumer,United States,AZ,Scottsdale
1603,Consumer,United States,TX,Laredo
8865,Consumer,United States,PA,Philadelphia
11827,Consumer,United States,FL,Hollywood
840,Consumer,United States,CA,Sylmar
6527,Consumer,United States,CA,San Jose
9379,Consumer,United States,CA,Daly City
1812,Home Office,United States,IL,Elgin
8321,Corporate,United States,TX,Sugar Land
5732,Corporate,United States,KY,Frankfort
9663,Consumer,United States,MI,Ypsilanti
6995,Home Office,United States,FL,Brandon
9571,Consumer,United States,MD,Hyattsville
4423,Consumer,United States,CA,Panorama City
9793,Home Office,United States,IL,Pekin
9727,Home Office,United States,IL,Chicago
6553,Corporate,United States,IL,Waukegan
3600,Consumer,United States,CA,Moreno Valley
10916,Home Office,United States,CA,Corona
1909,Corporate,United States,CA,Carson
4915,Corporate,United States,FL,Fort Lauderdale
7963,Corporate,United States,NY,New York
11907,Consumer,United States,NJ,Newark
3914,Consumer,United States,CT,Manchester
409,Consumer,United States,NC,Greensboro
2652,Consumer,Puerto Rico,PR,Caguas
10133,Home Office,United States,NY,Buffalo
4196,Consumer,United States,WA,Lynnwood
5395,Home Office,United States,TX,San Antonio
8352,Consumer,United States,CA,San Diego
11513,Home Office,Puerto Rico,PR,Caguas
12382,Consumer,Puerto Rico,PR,Caguas
4242,Consumer,United States,NJ,West Orange
1790,Consumer,United States,NY,Freeport
5217,Home Office,United States,CA,Livermore
12305,Consumer,Puerto Rico,PR,Caguas
8867,Consumer,Puerto Rico,PR,Caguas
3901,Consumer,Puerto Rico,PR,Caguas
10472,Corporate,United States,CA,Bakersfield
1324,Consumer,United States,CA,Milpitas
12358,Home Office,Puerto Rico,PR,Caguas
3199,Corporate,United States,NY,New York
3592,Corporate,United States,KY,Richmond
7952,Consumer,United States,OR,Eugene
6554,Corporate,United States,CA,Pomona
7840,Consumer,Puerto Rico,PR,Caguas
1362,Home Office,Puerto Rico,PR,Caguas
10968,Corporate,United States,IL,Elgin
8339,Consumer,United States,CA,Alhambra
9869,Home Office,United States,HI,Honolulu
6351,Home Office,United States,PA,Lancaster
6700,Consumer,United States,TX,Eagle Pass
1698,Home Office,United States,MI,Detroit
7472,Consumer,United States,MA,Plymouth
10207,Corporate,United States,TN,Nashville
5187,Home Office,Puerto Rico,PR,Caguas
2144,Consumer,United States,LA,Kenner
4259,Home Office,Puerto Rico,PR,Caguas
2528,Corporate,United States,MI,Mount Pleasant
926,Consumer,United States,PA,Wilkes Barre
1285,Home Office,Puerto Rico,PR,Caguas
9791,Home Office,United States,IN,Indianapolis
4440,Home Office,Puerto Rico,PR,Caguas
2930,Corporate,United States,NJ,Perth Amboy
11951,Home Office,United States,MI,Hamtramck
11799,Home Office,United States,NY,Brooklyn
7841,Corporate,United States,NY,Brooklyn
5211,Corporate,United States,NJ,New Brunswick
3148,Corporate,United States,CA,Lynwood
3412,Home Office,Puerto Rico,PR,Caguas
2832,Corporate,United States,HI,Honolulu
969,Consumer,United States,CA,Bakersfield
7740,Consumer,United States,CO,Denver
1027,Home Office,Puerto Rico,PR,Caguas
10268,Consumer,United States,TN,Murfreesboro
10440,Corporate,United States,NJ,Lakewood
10457,Corporate,Puerto Rico,PR,Caguas
8123,Home Office,United States,CA,San Diego
3018,Corporate,Puerto Rico,PR,Caguas
5156,Corporate,United States,MI,Troy
3502,Home Office,United States,CA,Antioch
2618,Consumer,United States,CA,Milpitas
4035,Consumer,United States,TX,Dallas
11411,Corporate,United States,AZ,Glendale
2692,Consumer,United States,TX,Pharr
6156,Corporate,United States,NY,Bronx
5429,Corporate,United States,MI,Jackson
1564,Consumer,United States,NY,Brooklyn
3994,Corporate,Puerto Rico,PR,Caguas
6025,Corporate,Puerto Rico,PR,Caguas
1031,Corporate,United States,CA,Cypress
1568,Home Office,Puerto Rico,PR,Caguas
6249,Consumer,United States,CT,Middletown
241,Corporate,United States,OH,Hamilton
5278,Corporate,United States,CA,Westminster
11648,Home Office,United States,MA,Dorchester Center
3251,Consumer,United States,CA,Los Angeles
9369,Consumer,United States,IL,Chicago
11772,Consumer,United States,NJ,Bloomfield
142,Consumer,United States,FL,Opa Locka
2389,Consumer,United States,TN,Memphis
8400,Consumer,United States,GA,Smyrna
117,Consumer,United States,WI,La Crosse
19222,Consumer,United States,NY,New York
2861,Consumer,United States,HI,Honolulu
17435,Consumer,United States,IL,Aurora
17958,Consumer,United States,MN,Saint Paul
10836,Consumer,United States,IL,Normal
10322,Consumer,United States,NV,North Las Vegas
17262,Consumer,United States,KY,Louisville
18000,Consumer,United States,TX,Brownsville
17490,Consumer,United States,CA,San Pablo
17820,Consumer,United States,CA,Santa Ana
17047,Consumer,United States,NJ,Perth Amboy
18120,Consumer,United States,CT,Middletown
6657,Consumer,United States,CA,San Diego
18733,Consumer,United States,CA,Baldwin Park
6571,Consumer,United States,MD,Dundalk
12036,Consumer,United States,MO,Saint Charles
17851,Consumer,United States,CA,Santa Ana
17124,Consumer,United States,OR,Portland
18935,Consumer,United States,CA,South San Francisco
20084,Consumer,United States,TX,Sugar Land
18746,Consumer,United States,CA,San Jose
6138,Consumer,United States,MI,Dearborn
17960,Consumer,United States,NJ,Perth Amboy
4193,Consumer,United States,NC,Sanford
12198,Consumer,United States,FL,Oviedo
6674,Consumer,United States,NY,Jackson Heights
6033,Consumer,United States,IL,Chicago
11787,Consumer,United States,NY,Bronx
10029,Consumer,United States,TX,Carrollton
4717,Consumer,United States,NY,Buffalo
3594,Consumer,United States,CA,Pomona
7272,Consumer,United States,NJ,Jersey City
11808,Consumer,United States,CA,Hollister
7464,Consumer,United States,CA,Bell Gardens
5257,Consumer,United States,TX,College Station
6022,Consumer,United States,PA,West Chester
895,Consumer,United States,IL,Chicago
1996,Consumer,United States,NY,Brooklyn
7462,Consumer,United States,AZ,Tucson
6118,Consumer,United States,CA,San Diego
11443,Consumer,United States,OH,Elyria
4424,Consumer,United States,DE,Newark
5625,Consumer,United States,CA,Goleta
1301,Consumer,United States,CA,Cerritos
8050,Consumer,United States,TX,Fort Worth
579,Consumer,United States,LA,New Orleans
6103,Consumer,United States,AZ,Phoenix
9849,Consumer,United States,TX,Dallas
11544,Consumer,United States,AZ,Chandler
4165,Consumer,United States,AZ,Tucson
7451,Corporate,United States,IL,Moline
5506,Consumer,Puerto Rico,PR,Caguas
4045,Consumer,Puerto Rico,PR,Caguas
10370,Home Office,Puerto Rico,PR,Caguas
175,Home Office,United States,CA,Los Angeles
4231,Home Office,United States,MN,Saint Paul
8723,Consumer,United States,DC,Washington
7310,Consumer,United States,MO,Saint Charles
5696,Corporate,United States,PA,Philadelphia
9676,Corporate,Puerto Rico,PR,Caguas
11917,Corporate,Puerto Rico,PR,Caguas
9176,Corporate,United States,NY,Webster
12341,Corporate,United States,GA,Norcross
3070,Corporate,Puerto Rico,PR,Caguas
4964,Consumer,United States,NY,Brooklyn
10562,Consumer,Puerto Rico,PR,Caguas
5084,Corporate,United States,PA,Irwin
6546,Consumer,United States,MI,East Lansing
6564,Corporate,Puerto Rico,PR,Caguas
5028,Corporate,United States,FL,Miami
3808,Home Office,Puerto Rico,PR,Caguas
9895,Corporate,United States,WI,La Crosse
7426,Home Office,Puerto Rico,PR,Caguas
2051,Consumer,United States,PA,Philadelphia
3140,Home Office,Puerto Rico,PR,Caguas
9916,Consumer,Puerto Rico,PR,Caguas
11071,Corporate,United States,NY,Brooklyn
550,Home Office,United States,PA,Lancaster
6219,Consumer,Puerto Rico,PR,Caguas
10822,Corporate,United States,TX,Houston
2899,Consumer,United States,HI,Honolulu
9448,Corporate,United States,TX,Grand Prairie
3020,Corporate,Puerto Rico,PR,Caguas
8008,Corporate,United States,CA,Oxnard
9300,Home Office,United States,CT,Enfield
4405,Corporate,United States,MD,Gaithersburg
949,Consumer,Puerto Rico,PR,Caguas
5065,Home Office,United States,MI,Dearborn
5787,Home Office,Puerto Rico,PR,Caguas
3001,Corporate,United States,CA,Compton
7865,Home Office,United States,NY,New York
795,Consumer,Puerto Rico,PR,Caguas
10406,Home Office,Puerto Rico,PR,Caguas
8547,Corporate,United States,FL,Pompano Beach
12111,Consumer,United States,CA,Santa Cruz
5656,Consumer,Puerto Rico,PR,Caguas
11823,Corporate,United States,CO,Englewood
7687,Home Office,Puerto Rico,PR,Caguas
3865,Consumer,Puerto Rico,PR,Caguas
2947,Consumer,United States,CA,Hayward
3956,Home Office,United States,GA,Stockbridge
4942,Corporate,United States,UT,Salt Lake City
417,Corporate,United States,NY,New York
750,Consumer,United States,IL,Chicago
501,Consumer,Puerto Rico,PR,Caguas
819,Corporate,Puerto Rico,PR,Carolina
4446,Corporate,United States,CA,Paramount
5497,Corporate,United States,CA,San Diego
5070,Corporate,United States,HI,Mililani
3606,Home Office,United States,NY,New York
9563,Corporate,United States,CA,San Jose
3992,Corporate,Puerto Rico,PR,Caguas
6052,Corporate,Puerto Rico,PR,Caguas
1563,Corporate,Puerto Rico,PR,Caguas
7301,Corporate,Puerto Rico,PR,Caguas
3194,Home Office,Puerto Rico,PR,Caguas
17719,Home Office,Puerto Rico,PR,Caguas
5007,Home Office,Puerto Rico,PR,Caguas
9082,Home Office,Puerto Rico,PR,Caguas
14568,Home Office,Puerto Rico,PR,Caguas
7042,Home Office,Puerto Rico,PR,Caguas
5551,Home Office,Puerto Rico,PR,Caguas
8716,Home Office,Puerto Rico,PR,Caguas
13145,Home Office,Puerto Rico,PR,Caguas
14227,Home Office,Puerto Rico,PR,Caguas
9055,Home Office,Puerto Rico,PR,Caguas
18034,Home Office,Puerto Rico,PR,Caguas
19937,Home Office,Puerto Rico,PR,Caguas
662,Home Office,Puerto Rico,PR,Caguas
12151,Home Office,Puerto Rico,PR,Caguas
6405,Home Office,Puerto Rico,PR,Caguas
6169,Home Office,Puerto Rico,PR,Caguas
9720,Home Office,Puerto Rico,PR,Caguas
3509,Home Office,Puerto Rico,PR,Caguas
6379,Home Office,Puerto Rico,PR,Caguas
15529,Home Office,Puerto Rico,PR,Caguas
5731,Home Office,Puerto Rico,PR,Caguas
14690,Home Office,Puerto Rico,PR,Caguas
14055,Home Office,Puerto Rico,PR,Caguas
7833,Home Office,Puerto Rico,PR,Caguas
11666,Home Office,Puerto Rico,PR,Caguas
11796,Home Office,Puerto Rico,PR,Caguas
11273,Consumer,Puerto Rico,PR,Caguas
1269,Home Office,United States,CA,Santa Ana
9502,Home Office,United States,TX,El Paso
11719,Corporate,United States,IL,Chicago
6195,Home Office,United States,FL,Apopka
3431,Consumer,Puerto Rico,PR,Caguas
2569,Consumer,Puerto Rico,PR,Caguas
10226,Corporate,United States,TN,Murfreesboro
3739,Corporate,United States,MD,Potomac
3617,Home Office,United States,MI,Jackson
7983,Corporate,United States,NY,New York
4917,Corporate,United States,IL,Chicago
5619,Corporate,United States,MD,Potomac
791,Corporate,United States,MI,Canton
5301,Consumer,Puerto Rico,PR,Caguas
9980,Corporate,United States,CA,Escondido
8364,Corporate,United States,NY,Brooklyn
134,Consumer,United States,NY,Brooklyn
789,Home Office,United States,CA,San Diego
575,Corporate,United States,CA,Rancho Cucamonga
12331,Consumer,United States,WV,Wheeling
11150,Corporate,United States,FL,Hialeah
536,Consumer,Puerto Rico,PR,Caguas
7071,Home Office,United States,TX,North Richland Hills
2420,Corporate,United States,TX,Weslaco
9458,Consumer,United States,NY,Bronx
12333,Consumer,Puerto Rico,PR,Caguas
2714,Consumer,United States,CA,Gilroy
7854,Consumer,United States,IL,Chicago
7099,Consumer,United States,FL,Orlando
8724,Consumer,Puerto Rico,PR,Caguas
3917,Corporate,United States,OR,Eugene
6421,Consumer,Puerto Rico,PR,Caguas
9236,Corporate,Puerto Rico,PR,Caguas
7352,Consumer,United States,CA,Anaheim
7580,Consumer,Puerto Rico,PR,Caguas
3671,Corporate,United States,OH,Mentor
2022,Corporate,Puerto Rico,PR,Caguas
11140,Consumer,United States,CA,Anaheim
10738,Consumer,Puerto Rico,PR,Caguas
8134,Consumer,United States,NY,Elmhurst
1135,Corporate,Puerto Rico,PR,Caguas
10645,Consumer,United States,NY,Brooklyn
8099,Home Office,United States,NY,Brooklyn
7823,Home Office,United States,CA,Victorville
7603,Home Office,Puerto Rico,PR,Caguas
127,Home Office,Puerto Rico,PR,Caguas
1964,Consumer,United States,CA,Bakersfield
6084,Home Office,United States,CA,Mission Viejo
6827,Home Office,Puerto Rico,PR,Caguas
5596,Corporate,Puerto Rico,PR,Caguas
5427,Home Office,United States,MI,Ann Arbor
3725,Consumer,Puerto Rico,PR,Caguas
2929,Consumer,Puerto Rico,PR,Caguas
1696,Corporate,United States,CA,Los Angeles
6744,Corporate,Puerto Rico,PR,Caguas
9518,Consumer,United States,TN,Memphis
1522,Corporate,United States,CT,Stamford
11289,Home Office,United States,MI,Mount Pleasant
9177,Consumer,Puerto Rico,PR,Caguas
8455,Corporate,United States,TX,Brownsville
2646,Home Office,United States,CA,El Cajon
1652,Corporate,United States,NC,Raleigh
12227,Consumer,United States,CA,Santa Maria
4722,Home Office,United States,MO,Saint Louis
9773,Corporate,United States,CA,Hanford
8001,Home Office,United States,TX,Houston
2702,Corporate,United States,HI,Honolulu
2448,Home Office,United States,NY,Corona
4392,Consumer,Puerto Rico,PR,Caguas
7606,Consumer,United States,TX,San Antonio
11190,Corporate,United States,NJ,Toms River
4179,Corporate,Puerto Rico,PR,Caguas
8388,Corporate,Puerto Rico,PR,Caguas
7096,Consumer,United States,CA,Vista
10041,Home Office,Puerto Rico,PR,Caguas
5051,Corporate,United States,ND,Fargo
12210,Home Office,United States,IL,Elgin
3314,Consumer,Puerto Rico,PR,Caguas
8379,Home Office,United States,FL,Brandon
11034,Home Office,Puerto Rico,PR,Caguas
9012,Home Office,United States,CA,Alameda
9400,Consumer,Puerto Rico,PR,Caguas
4808,Corporate,United States,IL,Chicago
9065,Home Office,United States,WI,Milwaukee
7825,Corporate,United States,CA,San Diego
8040,Consumer,United States,CA,Paramount
10390,Consumer,United States,FL,Hialeah
6375,Corporate,United States,NY,Levittown
6231,Home Office,United States,TX,Harlingen
10782,Corporate,United States,CA,Compton
7770,Corporate,United States,CA,South Gate
3234,Consumer,United States,TX,El Paso
10258,Corporate,United States,OH,Cleveland
6840,Corporate,Puerto Rico,PR,Caguas
523,Consumer,United States,CA,Mission Viejo
5520,Corporate,United States,CA,Bellflower
13069,Home Office,Puerto Rico,PR,Caguas
13984,Home Office,Puerto Rico,PR,Caguas
6085,Home Office,Puerto Rico,PR,Caguas
12526,Home Office,Puerto Rico,PR,Caguas
14402,Home Office,Puerto Rico,PR,Guayama
18182,Home Office,Puerto Rico,PR,Caguas
16520,Home Office,Puerto Rico,PR,Caguas
17145,Home Office,Puerto Rico,PR,Caguas
15771,Home Office,Puerto Rico,PR,Caguas
19904,Home Office,Puerto Rico,PR,Caguas
436,Corporate,United States,FL,Tampa
9282,Consumer,United States,CA,Fremont
10264,Consumer,Puerto Rico,PR,Caguas
2218,Consumer,United States,CA,Escondido
12237,Consumer,United States,FL,Pompano Beach
10623,Corporate,United States,HI,Mililani
10582,Consumer,Puerto Rico,PR,Caguas
8810,Corporate,Puerto Rico,PR,Caguas
10779,Consumer,United States,WI,Milwaukee
12353,Corporate,United States,FL,Hollywood
6348,Home Office,Puerto Rico,PR,Caguas
8382,Home Office,United States,TX,Fort Worth
2315,Consumer,United States,TX,Weslaco
8855,Consumer,United States,CA,Poway
4771,Consumer,United States,CA,Martinez
4267,Home Office,United States,OH,Loveland
9302,Consumer,Puerto Rico,PR,Caguas
3745,Consumer,Puerto Rico,PR,Caguas
981,Consumer,Puerto Rico,PR,Caguas
2752,Corporate,United States,AZ,Phoenix
515,Consumer,United States,GA,Stockbridge
7773,Corporate,United States,WI,La Crosse
4279,Consumer,Puerto Rico,PR,Caguas
7604,Corporate,United States,AZ,Phoenix
7114,Corporate,United States,OH,Cleveland
3796,Home Office,United States,FL,Pompano Beach
1143,Corporate,Puerto Rico,PR,Caguas
7559,Corporate,United States,AZ,Chandler
4874,Corporate,United States,WA,Seattle
4622,Consumer,Puerto Rico,PR,Caguas
10832,Consumer,Puerto Rico,PR,Caguas
6912,Corporate,Puerto Rico,PR,Bayamon
9265,Consumer,Puerto Rico,PR,Yauco
10980,Corporate,United States,IL,Chicago
2446,Home Office,United States,FL,Pompano Beach
17038,Consumer,Puerto Rico,PR,Caguas
20191,Consumer,Puerto Rico,PR,Caguas
11325,Consumer,Puerto Rico,PR,Caguas
7977,Consumer,Puerto Rico,PR,Caguas
8413,Consumer,Puerto Rico,PR,Caguas
2171,Consumer,Puerto Rico,PR,Caguas
2822,Consumer,Puerto Rico,PR,Caguas
6667,Consumer,Puerto Rico,PR,Caguas
13509,Consumer,Puerto Rico,PR,Caguas
2729,Consumer,Puerto Rico,PR,Caguas
20045,Consumer,Puerto Rico,PR,Caguas
15759,Consumer,Puerto Rico,PR,Caguas
16252,Consumer,Puerto Rico,PR,Caguas
16212,Consumer,Puerto Rico,PR,Caguas
14564,Consumer,Puerto Rico,PR,Caguas
13786,Consumer,Puerto Rico,PR,Guaynabo
17831,Consumer,Puerto Rico,PR,Caguas
5143,Consumer,Puerto Rico,PR,Caguas
14450,Consumer,Puerto Rico,PR,Caguas
11842,Consumer,Puerto Rico,PR,Caguas
15570,Consumer,Puerto Rico,PR,Caguas
19834,Consumer,Puerto Rico,PR,Caguas
8195,Consumer,Puerto Rico,PR,Caguas
15541,Consumer,Puerto Rico,PR,Toa Baja
776,Consumer,Puerto Rico,PR,Caguas
10753,Consumer,Puerto Rico,PR,Caguas
1486,Consumer,Puerto Rico,PR,Caguas
7585,Consumer,Puerto Rico,PR,Caguas
12114,Consumer,Puerto Rico,PR,Caguas
14706,Consumer,Puerto Rico,PR,Caguas
14283,Consumer,Puerto Rico,PR,Caguas
14060,Consumer,Puerto Rico,PR,Caguas
4335,Consumer,Puerto Rico,PR,Caguas
9957,Consumer,Puerto Rico,PR,Caguas
6621,Consumer,Puerto Rico,PR,Caguas
385,Consumer,Puerto Rico,PR,Caguas
6712,Consumer,Puerto Rico,PR,Caguas
804,Consumer,Puerto Rico,PR,Caguas
4389,Consumer,Puerto Rico,PR,Caguas
18467,Consumer,Puerto Rico,PR,Caguas
20695,Consumer,Puerto Rico,PR,Caguas
16293,Consumer,Puerto Rico,PR,Caguas
17834,Consumer,Puerto Rico,PR,Caguas
20159,Consumer,Puerto Rico,PR,Caguas
18204,Consumer,Puerto Rico,PR,Caguas
20530,Consumer,Puerto Rico,PR,Caguas
15627,Consumer,Puerto Rico,PR,Caguas
16188,Consumer,Puerto Rico,PR,Caguas
7735,Consumer,Puerto Rico,PR,Caguas
668,Home Office,United States,AZ,Peoria
10981,Home Office,United States,CA,Lancaster
4522,Home Office,United States,MI,Wyoming
5130,Home Office,United States,NC,Morganton
2377,Home Office,United States,PA,Carlisle
5653,Home Office,United States,SC,Lancaster
18178,Home Office,United States,CA,Lynwood
19251,Home Office,United States,CA,Los Angeles
16575,Home Office,United States,CA,Antioch
10210,Home Office,United States,CA,Modesto
5062,Home Office,United States,CA,South El Monte
19828,Home Office,United States,CA,West Covina
17100,Home Office,United States,WI,La Crosse
15164,Home Office,United States,FL,Miami
17769,Home Office,United States,IL,Crystal Lake
16598,Home Office,United States,NY,Brooklyn
1894,Home Office,United States,CA,Pico Rivera
5591,Home Office,United States,FL,Hollywood
2322,Home Office,United States,CA,Walnut
10758,Home Office,United States,GA,Marietta
6828,Home Office,United States,NJ,Jersey City
9712,Home Office,United States,CA,Vacaville
14043,Home Office,United States,NJ,Piscataway
19015,Home Office,United States,OH,Chillicothe
17735,Home Office,United States,PA,Hanover
19010,Home Office,United States,CA,Winnetka
859,Home Office,United States,PA,Greensburg
8600,Home Office,United States,HI,Honolulu
9719,Home Office,United States,GA,Smyrna
13336,Home Office,United States,MI,Holland
14021,Home Office,United States,IA,Dubuque
347,Home Office,United States,TX,Dallas
12876,Home Office,United States,NY,Brooklyn
18056,Home Office,United States,GA,Augusta
19208,Home Office,United States,FL,Miami
15901,Home Office,United States,CA,Santa Clara
20439,Home Office,United States,CA,Reseda
8661,Home Office,United States,NV,Las Vegas
13327,Home Office,United States,OR,Beaverton
13941,Home Office,United States,CA,Santa Ana
9677,Home Office,United States,CA,Tracy
1370,Home Office,United States,MI,Highland Park
8825,Home Office,United States,FL,Hialeah
15028,Home Office,United States,TX,San Marcos
12599,Home Office,United States,NM,Rio Rancho
17635,Home Office,United States,CA,Livermore
15550,Home Office,United States,MT,Billings
19773,Home Office,United States,OH,Columbus
16184,Home Office,United States,CA,Lake Forest
4143,Home Office,United States,NV,Reno
13006,Home Office,United States,NY,Buffalo
20421,Home Office,United States,CA,Ontario
18377,Home Office,United States,TX,El Paso
16182,Home Office,United States,WA,Kent
17867,Home Office,United States,GA,Roswell
20262,Home Office,United States,WA,Seattle
4714,Home Office,United States,FL,Miami
12460,Consumer,Puerto Rico,PR,Caguas
16439,Consumer,Puerto Rico,PR,Caguas
16618,Consumer,Puerto Rico,PR,Caguas
17076,Consumer,Puerto Rico,PR,Caguas
12720,Consumer,Puerto Rico,PR,Caguas
19273,Consumer,Puerto Rico,PR,Caguas
2629,Consumer,Puerto Rico,PR,Caguas
15908,Consumer,Puerto Rico,PR,Caguas
13513,Consumer,Puerto Rico,PR,Caguas
14030,Consumer,Puerto Rico,PR,Guaynabo
15008,Consumer,Puerto Rico,PR,Caguas
14982,Consumer,Puerto Rico,PR,Caguas
7745,Consumer,Puerto Rico,PR,Caguas
20713,Consumer,Puerto Rico,PR,Caguas
18440,Consumer,Puerto Rico,PR,Caguas
6377,Consumer,Puerto Rico,PR,Caguas
13315,Consumer,Puerto Rico,PR,Caguas
13936,Consumer,Puerto Rico,PR,Caguas
15020,Consumer,Puerto Rico,PR,Caguas
14943,Consumer,Puerto Rico,PR,Caguas
18757,Consumer,Puerto Rico,PR,Caguas
15305,Consumer,Puerto Rico,PR,Caguas
14999,Consumer,Puerto Rico,PR,Caguas
11383,Consumer,Puerto Rico,PR,Caguas
15271,Consumer,Puerto Rico,PR,Caguas
11597,Consumer,Puerto Rico,PR,Caguas
2622,Corporate,United States,NC,Fayetteville
8504,Consumer,United States,VA,Virginia Beach
7746,Consumer,United States,IL,Chicago
8993,Corporate,United States,CA,Bakersfield
10239,Consumer,United States,CA,Riverside
1182,Corporate,United States,FL,Miami
4429,Corporate,United States,TX,Dallas
2206,Corporate,United States,CA,Lancaster
7941,Consumer,United States,NY,Brooklyn
929,Corporate,United States,FL,Pompano Beach
11831,Corporate,United States,NV,North Las Vegas
3737,Corporate,United States,NC,Chapel Hill
12297,Consumer,United States,NC,Lenoir
5570,Corporate,United States,CA,Mission Viejo
4125,Consumer,United States,ID,Meridian
20755,Consumer,Puerto Rico,PR,Caguas
19483,Corporate,Puerto Rico,PR,Caguas
19468,Corporate,Puerto Rico,PR,Caguas
19456,Corporate,United States,TX,Dallas
19451,Home Office,United States,GA,Atlanta
19450,Home Office,Puerto Rico,PR,Caguas
14630,Consumer,Puerto Rico,PR,Caguas
13163,Consumer,Puerto Rico,PR,Caguas
9890,Consumer,United States,AZ,Tempe
1718,Corporate,United States,NY,Buffalo
20529,Corporate,United States,CA,Garden Grove
19430,Corporate,Puerto Rico,PR,Caguas
19429,Consumer,United States,VA,Virginia Beach
19428,Consumer,United States,CA,Azusa
19420,Home Office,United States,GA,Marietta
19366,Consumer,United States,CA,Azusa
19356,Consumer,United States,CA,Riverside
8552,Corporate,United States,PA,Philadelphia
6172,Corporate,United States,MD,Fort Washington
11730,Corporate,United States,LA,New Orleans
19330,Consumer,United States,NY,Forest Hills
19317,Corporate,United States,CA,Bakersfield
16772,Corporate,United States,CA,Azusa
16757,Corporate,United States,HI,Honolulu
16754,Consumer,United States,TX,San Benito
16744,Consumer,United States,NJ,Irvington
16738,Consumer,Puerto Rico,PR,Caguas
16731,Corporate,United States,NY,New York
16724,Corporate,United States,TX,Carrollton
16683,Consumer,United States,CA,Chino Hills
16657,Consumer,United States,CA,Los Angeles
13394,Home Office,Puerto Rico,PR,Caguas
14299,Home Office,Puerto Rico,PR,Caguas
13496,Home Office,Puerto Rico,PR,Caguas
14591,Consumer,Puerto Rico,PR,Caguas
2141,Consumer,United States,CA,Elk Grove
17947,Corporate,United States,CA,San Jose
5614,Corporate,United States,IL,Aurora
2871,Corporate,United States,GA,Marietta
16646,Consumer,United States,AZ,Phoenix
16642,Corporate,United States,OH,Strongsville
16641,Consumer,United States,NY,Brooklyn
16636,Corporate,United States,OR,Eugene
16630,Home Office,Puerto Rico,PR,Caguas
8928,Consumer,United States,OR,Eugene
12468,Home Office,Puerto Rico,PR,Caguas
16469,Home Office,Puerto Rico,PR,Caguas
20486,Home Office,Puerto Rico,PR,Caguas
16041,Consumer,Puerto Rico,PR,Caguas
17623,Corporate,United States,NJ,Piscataway
20026,Corporate,United States,PA,Philadelphia
16112,Corporate,United States,ND,Fargo
20163,Corporate,United States,CA,El Cajon
16450,Corporate,United States,TX,Dallas
5072,Corporate,United States,NY,New York
18620,Corporate,United States,CO,Colorado Springs
3787,Consumer,United States,MO,Columbia
9124,Consumer,United States,CA,Temecula
2957,Consumer,United States,WA,Lynnwood
2821,Consumer,United States,CA,Santa Ana
1836,Corporate,United States,TX,Dallas
10602,Corporate,United States,TN,Memphis
2859,Corporate,United States,TX,Carrollton
3756,Corporate,Puerto Rico,PR,Caguas
3804,Consumer,United States,MD,Hagerstown
13002,Consumer,United States,OH,Dayton
13001,Consumer,United States,CA,San Francisco
10145,Consumer,United States,IL,Chicago
17889,Consumer,United States,TX,Carrollton
16540,Consumer,United States,IL,Pekin
8215,Consumer,United States,TX,Eagle Pass
11519,Consumer,United States,MI,Howell
19955,Consumer,United States,NV,Las Vegas
18393,Home Office,Puerto Rico,PR,Caguas
19855,Home Office,Puerto Rico,PR,Caguas
15432,Corporate,Puerto Rico,PR,Caguas
17805,Corporate,Puerto Rico,PR,Caguas
14480,Corporate,Puerto Rico,PR,Caguas
6690,Corporate,Puerto Rico,PR,Caguas
18267,Corporate,Puerto Rico,PR,Caguas
20446,Corporate,Puerto Rico,PR,Caguas
20703,Corporate,Puerto Rico,PR,Caguas
2539,Corporate,United States,NY,Brooklyn
6655,Corporate,United States,IL,Pekin
4868,Corporate,United States,TX,Austin
883,Consumer,United States,CA,Santa Clara
9100,Consumer,United States,CA,La Habra
13277,Consumer,United States,NY,Bronx
12768,Consumer,United States,CA,Placentia
7110,Consumer,United States,OR,Beaverton
5561,Corporate,United States,WV,Martinsburg
8683,Corporate,United States,MA,Brighton
8877,Corporate,United States,CA,Livermore
10117,Corporate,United States,HI,Waipahu
413,Corporate,United States,MD,Potomac
16108,Home Office,Puerto Rico,PR,Caguas
19257,Home Office,Puerto Rico,PR,Caguas
15291,Home Office,Puerto Rico,PR,Carolina
20149,Home Office,Puerto Rico,PR,Caguas
681,Consumer,Puerto Rico,PR,Caguas
14663,Consumer,Puerto Rico,PR,Caguas
14243,Consumer,Puerto Rico,PR,Caguas
14024,Consumer,Puerto Rico,PR,Caguas
15005,Consumer,Puerto Rico,PR,Caguas
844,Corporate,United States,NV,Las Vegas
10,Corporate,United States,VA,Stafford
11596,Corporate,United States,MA,Brighton
10586,Corporate,United States,NY,Huntington Station
4925,Corporate,United States,NJ,Union City
11054,Corporate,United States,CA,Colton
9816,Consumer,United States,HI,Honolulu
7639,Consumer,United States,OH,Columbus
5358,Consumer,United States,CA,Pacoima
14327,Consumer,United States,OH,Painesville
16459,Consumer,United States,TX,Round Rock
15590,Consumer,United States,IL,Chicago
17253,Consumer,United States,VA,Virginia Beach
14594,Consumer,United States,CA,Fontana
3041,Consumer,United States,IL,Chicago
10858,Consumer,United States,TX,Denton
13012,Corporate,United States,TX,Houston
16180,Corporate,United States,CA,Ontario
12977,Corporate,United States,CA,Lynwood
18092,Corporate,United States,OH,Columbus
18395,Corporate,United States,SC,Rock Hill
18148,Consumer,United States,NC,Jacksonville
16170,Consumer,United States,CA,Modesto
20435,Consumer,United States,CA,Santa Clara
15642,Consumer,United States,NY,North Tonawanda
16434,Consumer,Puerto Rico,PR,Caguas
15745,Consumer,Puerto Rico,PR,Caguas
15708,Consumer,Puerto Rico,PR,Caguas
18742,Consumer,Puerto Rico,PR,Caguas
15341,Consumer,Puerto Rico,PR,Caguas
19989,Consumer,Puerto Rico,PR,Caguas
19880,Consumer,Puerto Rico,PR,Caguas
18537,Consumer,Puerto Rico,PR,Caguas
18943,Consumer,Puerto Rico,PR,Caguas
19986,Consumer,Puerto Rico,PR,Caguas
20039,Consumer,Puerto Rico,PR,Caguas
19964,Consumer,Puerto Rico,PR,Caguas
18895,Consumer,Puerto Rico,PR,Caguas
17321,Consumer,Puerto Rico,PR,Caguas
1734,Consumer,Puerto Rico,PR,Caguas
20367,Consumer,Puerto Rico,PR,Caguas
6394,Consumer,Puerto Rico,PR,Caguas
12486,Corporate,United States,CA,San Bernardino
15015,Corporate,United States,CA,Citrus Heights
8417,Corporate,United States,TX,Houston
18270,Corporate,United States,UT,West Jordan
4723,Corporate,United States,NY,Webster
20600,Corporate,United States,NY,Huntington Station
18398,Corporate,United States,NV,Las Vegas
18939,Corporate,United States,IL,Mount Prospect
19830,Corporate,United States,NY,Brooklyn
14583,Corporate,United States,KS,Salina
13241,Corporate,United States,MI,Ypsilanti
14989,Corporate,United States,CA,Ontario
18165,Corporate,United States,TX,Houston
18852,Corporate,United States,UT,West Jordan
15652,Corporate,United States,NJ,Newark
16222,Corporate,United States,TX,Irving
17480,Corporate,United States,DE,Newark
16255,Corporate,Puerto Rico,PR,Caguas
4197,Corporate,Puerto Rico,PR,Caguas
3191,Corporate,Puerto Rico,PR,Caguas
12992,Corporate,Puerto Rico,PR,Caguas
13242,Corporate,Puerto Rico,PR,Caguas
4824,Corporate,Puerto Rico,PR,Caguas
12995,Corporate,Puerto Rico,PR,Caguas
15456,Corporate,Puerto Rico,PR,Caguas
4502,Corporate,Puerto Rico,PR,Caguas
4379,Corporate,United States,MI,Detroit
18497,Corporate,United States,CA,Pacoima
18330,Corporate,United States,TN,Hendersonville
17983,Corporate,United States,OR,Albany
18689,Corporate,United States,PA,Philadelphia
20339,Corporate,United States,NJ,Piscataway
17631,Corporate,United States,CA,Porterville
18325,Corporate,United States,CA,Los Angeles
19835,Corporate,United States,CA,Wilmington
1777,Corporate,United States,TX,Baytown
2506,Corporate,United States,CA,Compton
19122,Home Office,Puerto Rico,PR,Caguas
18745,Home Office,Puerto Rico,PR,Caguas
16099,Home Office,Puerto Rico,PR,Caguas
20669,Home Office,Puerto Rico,PR,Caguas
17168,Home Office,Puerto Rico,PR,Caguas
15144,Home Office,Puerto Rico,PR,Caguas
18014,Home Office,Puerto Rico,PR,Caguas
7565,Consumer,United States,NV,Las Vegas
1197,Consumer,United States,TX,Houston
8809,Consumer,United States,CA,Bakersfield
2498,Consumer,United States,OR,Salem
4086,Corporate,Puerto Rico,PR,Caguas
7034,Corporate,United States,ND,Bismarck
813,Corporate,United States,CA,San Francisco
13905,Consumer,United States,CA,Los Angeles
13866,Consumer,United States,PA,Philadelphia
18174,Consumer,United States,FL,Hialeah
18525,Consumer,United States,FL,Winter Park
15574,Consumer,United States,TX,Houston
18729,Consumer,United States,CA,La Habra
17098,Consumer,United States,GA,Atlanta
15153,Consumer,United States,NY,Spring Valley
20144,Consumer,United States,MI,Detroit
12281,Consumer,United States,KY,Louisville
1096,Consumer,United States,DE,Newark
15023,Consumer,United States,PA,Bensalem
13507,Consumer,United States,IL,Chicago
5664,Consumer,United States,CA,South Gate
7990,Consumer,United States,CA,Bakersfield
13816,Consumer,United States,CA,Huntington Beach
14813,Consumer,United States,PA,Carlisle
6598,Consumer,United States,OH,Zanesville
7505,Consumer,United States,IN,Indianapolis
18248,Consumer,United States,NY,Staten Island
16600,Consumer,United States,CA,Panorama City
15293,Consumer,United States,MO,Saint Peters
14169,Consumer,United States,TX,Pharr
13975,Consumer,United States,MO,Saint Louis
12831,Consumer,United States,MA,Revere
14517,Consumer,United States,NM,Rio Rancho
13323,Consumer,United States,CA,Reseda
13085,Consumer,United States,CA,Stockton
14118,Consumer,United States,NY,Woodside
2290,Consumer,United States,NY,Endicott
13837,Consumer,United States,OK,Lawton
9033,Consumer,United States,LA,Marrero
14051,Consumer,United States,CA,Martinez
12805,Consumer,United States,IL,Chicago
2472,Corporate,Puerto Rico,PR,Caguas
18279,Corporate,Puerto Rico,PR,Caguas
17449,Corporate,Puerto Rico,PR,Caguas
4450,Corporate,Puerto Rico,PR,Caguas
12598,Corporate,Puerto Rico,PR,Caguas
13943,Corporate,Puerto Rico,PR,Caguas
20559,Corporate,Puerto Rico,PR,Caguas
14065,Corporate,Puerto Rico,PR,Caguas
14617,Corporate,Puerto Rico,PR,Caguas
12883,Corporate,Puerto Rico,PR,Caguas
8089,Corporate,Puerto Rico,PR,Caguas
18093,Corporate,Puerto Rico,PR,Caguas
16607,Corporate,Puerto Rico,PR,Caguas
19049,Corporate,Puerto Rico,PR,Caguas
15873,Corporate,Puerto Rico,PR,Caguas
16093,Corporate,Puerto Rico,PR,Caguas
20513,Corporate,Puerto Rico,PR,Caguas
19829,Corporate,Puerto Rico,PR,Caguas
19792,Corporate,Puerto Rico,PR,Caguas
15260,Corporate,Puerto Rico,PR,Caguas
17092,Corporate,Puerto Rico,PR,Caguas
16337,Corporate,Puerto Rico,PR,Caguas
5508,Corporate,Puerto Rico,PR,Caguas
930,Consumer,United States,CA,Mission Viejo
2411,Consumer,United States,KY,Richmond
19258,Consumer,United States,MI,Detroit
3467,Consumer,United States,CA,Pacoima
20602,Consumer,United States,MI,Hamtramck
17693,Consumer,United States,CA,San Diego
20646,Consumer,United States,NJ,Bloomfield
15410,Consumer,United States,IL,Chicago
3057,Consumer,United States,IL,Chicago
20081,Consumer,United States,IL,Chicago
18633,Consumer,United States,CO,Longmont
3988,Consumer,United States,MO,Ballwin
12747,Consumer,United States,TX,Austin
12721,Consumer,United States,CA,Lancaster
16114,Consumer,United States,NY,Brooklyn
6534,Consumer,United States,OH,Massillon
13087,Corporate,United States,NM,Santa Fe
13389,Corporate,United States,PA,Philadelphia
12451,Corporate,United States,CA,Fontana
12700,Corporate,United States,CA,Goleta
12639,Corporate,United States,AZ,Phoenix
6381,Corporate,United States,MI,Roseville
19235,Corporate,United States,NY,Brooklyn
20445,Corporate,United States,UT,Ogden
17905,Corporate,United States,CT,Danbury
15375,Corporate,United States,PA,Morrisville
20022,Corporate,United States,NY,Far Rockaway
19931,Corporate,United States,MI,Wyandotte
16236,Corporate,United States,MD,Germantown
20019,Corporate,United States,CA,Modesto
15289,Corporate,United States,CA,Fullerton
885,Corporate,United States,VA,Chesapeake
14693,Corporate,United States,WI,Milwaukee
12953,Corporate,United States,NY,Brooklyn
20069,Corporate,United States,NY,Brooklyn
17647,Corporate,United States,CA,Santa Ana
8402,Corporate,United States,NY,Brooklyn
14610,Corporate,United States,NY,Brooklyn
14379,Corporate,United States,MD,Baltimore
14324,Corporate,United States,MI,Ypsilanti
14088,Corporate,United States,NC,Raleigh
14652,Corporate,United States,CA,Fremont
19743,Home Office,United States,OR,Portland
19678,Corporate,United States,TX,Amarillo
19675,Consumer,United States,OR,Bend
19673,Home Office,Puerto Rico,PR,Caguas
19660,Consumer,United States,NY,Bronx
19643,Consumer,United States,TX,Spring
19584,Home Office,Puerto Rico,PR,Caguas
19582,Consumer,Puerto Rico,PR,Caguas
19578,Consumer,United States,IL,Glenview
19571,Home Office,Puerto Rico,PR,Caguas
19560,Consumer,United States,MA,Lawrence
19550,Consumer,United States,IL,Chicago
19541,Consumer,Puerto Rico,PR,Caguas
19539,Consumer,Puerto Rico,PR,Caguas
19526,Consumer,United States,NJ,Newark
19521,Home Office,United States,NY,Elmhurst
19517,Consumer,United States,CA,Diamond Bar
19499,Consumer,Puerto Rico,PR,Caguas
17009,Consumer,Puerto Rico,PR,Caguas
16909,Home Office,United States,PA,West Chester
16878,Home Office,Puerto Rico,PR,Caguas
16865,Consumer,United States,TX,Dallas
16864,Consumer,Puerto Rico,PR,Caguas
16861,Corporate,Puerto Rico,PR,Caguas
16858,Corporate,Puerto Rico,PR,Caguas
16855,Consumer,United States,CA,Fremont
16831,Corporate,Puerto Rico,PR,Caguas
16828,Consumer,Puerto Rico,PR,Caguas
16826,Consumer,United States,GA,Marietta
16823,Consumer,Puerto Rico,PR,Rio Grande
16815,Corporate,United States,MI,Detroit
16811,Consumer,United States,OH,Cleveland
16810,Consumer,Puerto Rico,PR,Caguas
16786,Consumer,Puerto Rico,PR,Caguas
4294,Consumer,United States,TX,Brownsville
10989,Home Office,United States,NY,New York
14221,Consumer,Puerto Rico,PR,Caguas
15829,Consumer,Puerto Rico,PR,Caguas
12518,Corporate,United States,TX,San Antonio
12442,Corporate,United States,NJ,Passaic
12872,Corporate,United States,FL,Tampa
14784,Corporate,United States,TX,El Paso
13562,Corporate,United States,NY,New York
12481,Corporate,United States,CO,Denver
16524,Corporate,United States,UT,Salt Lake City
15856,Corporate,United States,MD,Catonsville
18798,Corporate,United States,FL,Miami
18031,Corporate,United States,CA,Compton
9021,Consumer,United States,VA,Woodbridge
14445,Home Office,United States,FL,Opa Locka
10943,Home Office,United States,TX,Plano
17672,Home Office,United States,NY,Lindenhurst
13714,Home Office,United States,TX,San Antonio
17734,Home Office,United States,CA,Fontana
11192,Consumer,United States,FL,Hialeah
14164,Consumer,United States,CA,La Mesa
9686,Consumer,United States,IL,Wheaton
16545,Consumer,United States,MD,Baltimore
8665,Consumer,United States,CA,San Bernardino
18555,Consumer,United States,OH,Cleveland
13980,Corporate,Puerto Rico,PR,Caguas
20451,Corporate,Puerto Rico,PR,Caguas
15483,Corporate,Puerto Rico,PR,Caguas
16179,Corporate,Puerto Rico,PR,Caguas
14960,Corporate,Puerto Rico,PR,Caguas
18952,Corporate,Puerto Rico,PR,Caguas
9512,Corporate,Puerto Rico,PR,Caguas
15818,Corporate,Puerto Rico,PR,Caguas
16009,Corporate,Puerto Rico,PR,Caguas
18568,Corporate,Puerto Rico,PR,Caguas
13819,Corporate,United States,LA,Marrero
12859,Corporate,United States,CA,Huntington Beach
16500,Corporate,United States,RI,Pawtucket
17089,Corporate,United States,OH,Loveland
12625,Corporate,United States,TX,San Marcos
20336,Corporate,United States,CA,Los Angeles
12503,Corporate,United States,IL,Chicago
5166,Corporate,United States,LA,Kenner
15611,Corporate,United States,AZ,Tucson
20112,Corporate,United States,VA,Richmond
7483,Consumer,Puerto Rico,PR,Caguas
11810,Consumer,United States,NY,Endicott
11608,Consumer,United States,CA,Norwalk
10356,Corporate,Puerto Rico,PR,Caguas
2843,Consumer,United States,TX,Sugar Land
14236,Consumer,United States,NY,Massapequa
13307,Consumer,United States,TX,Amarillo
14481,Consumer,United States,MA,Methuen
14373,Consumer,United States,TX,El Paso
14312,Consumer,United States,KS,Salina
13802,Consumer,United States,CA,Costa Mesa
13925,Consumer,United States,NY,New York
12533,Consumer,United States,AZ,Phoenix
12690,Consumer,United States,TX,San Antonio
12491,Consumer,United States,AZ,Phoenix
12841,Consumer,United States,FL,Fort Lauderdale
12948,Consumer,United States,CA,Fremont
12857,Consumer,United States,CA,San Ramon
13057,Consumer,United States,CA,Anaheim
12663,Consumer,United States,AZ,Tempe
4826,Corporate,United States,TX,Houston
14459,Corporate,United States,NY,Brooklyn
13588,Corporate,United States,NY,Bronx
14947,Corporate,United States,NC,Apex
14928,Corporate,United States,NJ,Clementon
13088,Corporate,United States,GA,Alpharetta
13226,Corporate,United States,HI,Honolulu
14879,Corporate,United States,GA,Stone Mountain
13720,Corporate,United States,CA,Chino Hills
13863,Corporate,United States,TX,Weslaco
15849,Corporate,United States,CA,Madera
20746,Corporate,United States,CA,Riverside
15267,Corporate,United States,CA,Los Angeles
20232,Corporate,United States,OH,Strongsville
15679,Corporate,United States,OH,Hamilton
18880,Corporate,United States,TX,El Paso
20737,Corporate,United States,MN,Saint Paul
19786,Corporate,United States,FL,Miami
12512,Consumer,United States,CA,Los Angeles
17325,Consumer,United States,TN,Clarksville
17749,Consumer,United States,CA,Palmdale
17495,Consumer,United States,CA,Diamond Bar
18018,Consumer,United States,CA,Folsom
15316,Consumer,United States,TX,San Antonio
15349,Consumer,United States,NM,Las Cruces
15344,Consumer,United States,WI,Beloit
163,Consumer,United States,NM,Rio Rancho
20315,Consumer,United States,IL,Chicago
20043,Consumer,United States,NV,Henderson
17814,Consumer,United States,CA,Bakersfield
20128,Consumer,United States,TX,Houston
16121,Consumer,United States,NC,Apex
17750,Consumer,United States,MI,Ypsilanti
13020,Corporate,Puerto Rico,PR,Caguas
13262,Corporate,Puerto Rico,PR,Caguas
13624,Corporate,Puerto Rico,PR,Caguas
13634,Corporate,Puerto Rico,PR,Caguas
12521,Corporate,Puerto Rico,PR,Caguas
12945,Corporate,Puerto Rico,PR,Caguas
16485,Corporate,Puerto Rico,PR,Caguas
18721,Corporate,Puerto Rico,PR,Caguas
15173,Corporate,Puerto Rico,PR,Caguas
18916,Corporate,Puerto Rico,PR,Caguas
18851,Corporate,Puerto Rico,PR,Caguas
18435,Corporate,Puerto Rico,PR,Caguas
18173,Consumer,United States,CT,Stamford
16457,Consumer,United States,OH,Lakewood
18748,Consumer,United States,NV,Las Vegas
16022,Consumer,United States,NJ,Jersey City
20696,Consumer,United States,NY,Brooklyn
18478,Consumer,United States,IL,Chicago
18489,Consumer,United States,IL,Chicago
20488,Consumer,United States,CA,Winnetka
16008,Consumer,United States,WI,La Crosse
15672,Consumer,United States,CA,Hollister
16109,Consumer,United States,CA,Bell Gardens
17880,Consumer,United States,NY,New York
16193,Consumer,United States,CA,Rosemead
15162,Consumer,United States,MD,Annapolis
12991,Home Office,United States,CA,Compton
14025,Home Office,United States,OH,Cleveland
17897,Home Office,United States,CA,Van Nuys
17956,Home Office,United States,NY,Levittown
14095,Home Office,United States,TX,Weslaco
12609,Home Office,United States,IL,Lombard
18055,Home Office,United States,TX,Mission
18176,Home Office,United States,FL,Opa Locka
18653,Home Office,United States,NJ,Bayonne
17536,Home Office,United States,CA,Compton
13573,Home Office,United States,MI,Holland
14936,Consumer,United States,MI,Ypsilanti
13636,Consumer,United States,NY,Brooklyn
15188,Consumer,United States,AZ,Phoenix
15411,Consumer,United States,AZ,Tempe
13958,Consumer,United States,CT,Stamford
17297,Consumer,United States,AZ,Glendale
17864,Consumer,United States,GA,Duluth
13484,Consumer,United States,NY,Huntington Station
14631,Consumer,United States,TX,Dallas
15087,Consumer,United States,OR,Salem
2739,Consumer,United States,IL,Crystal Lake
16433,Consumer,United States,NY,Brooklyn
16040,Consumer,United States,CA,Fullerton
20476,Consumer,United States,OR,Eugene
17963,Consumer,United States,HI,Kailua
18284,Consumer,United States,CA,Stockton
19961,Consumer,United States,NC,Greensboro
13042,Consumer,United States,DE,Newark
14110,Consumer,United States,CA,Bellflower
13305,Consumer,United States,CA,Ontario
13405,Consumer,United States,CA,Bakersfield
13801,Consumer,United States,NY,Corona
13633,Consumer,United States,TX,Houston
14648,Consumer,United States,IL,Des Plaines
13105,Consumer,United States,CA,San Jose
14688,Consumer,United States,NY,Bronx
14332,Consumer,United States,IL,Chicago
12652,Consumer,United States,CA,Visalia
13265,Consumer,United States,NJ,West Orange
17531,Corporate,Puerto Rico,PR,Caguas
14842,Corporate,Puerto Rico,PR,Caguas
18831,Corporate,Puerto Rico,PR,Caguas
1454,Consumer,United States,CA,Palo Alto
7846,Corporate,Puerto Rico,PR,Caguas
4970,Consumer,United States,CA,Mission Viejo
4361,Corporate,Puerto Rico,PR,Caguas
309,Corporate,Puerto Rico,PR,Caguas
3918,Corporate,Puerto Rico,PR,Caguas
3816,Corporate,Puerto Rico,PR,Caguas
1633,Corporate,Puerto Rico,PR,Caguas
9872,Corporate,Puerto Rico,PR,Caguas
8151,Corporate,Puerto Rico,PR,Caguas
693,Corporate,Puerto Rico,PR,Caguas
3399,Corporate,Puerto Rico,PR,Caguas
3579,Corporate,Puerto Rico,PR,Caguas
11472,Corporate,Puerto Rico,PR,Caguas
1092,Corporate,Puerto Rico,PR,Caguas
7371,Corporate,Puerto Rico,PR,Caguas
2099,Corporate,Puerto Rico,PR,Caguas
10490,Corporate,Puerto Rico,PR,Caguas
2372,Corporate,Puerto Rico,PR,Caguas
11569,Corporate,Puerto Rico,PR,Caguas
6681,Corporate,Puerto Rico,PR,Caguas
5535,Corporate,Puerto Rico,PR,Caguas
6787,Corporate,Puerto Rico,PR,Caguas
10940,Corporate,Puerto Rico,PR,Caguas
3845,Corporate,Puerto Rico,PR,Caguas
11850,Corporate,Puerto Rico,PR,Caguas
2612,Corporate,Puerto Rico,PR,Caguas
9234,Corporate,Puerto Rico,PR,Caguas
497,Corporate,Puerto Rico,PR,Caguas
12485,Corporate,Puerto Rico,PR,Caguas
12008,Corporate,Puerto Rico,PR,Caguas
8658,Corporate,Puerto Rico,PR,Caguas
13848,Corporate,Puerto Rico,PR,Caguas
7631,Corporate,Puerto Rico,PR,Caguas
9546,Corporate,Puerto Rico,PR,Caguas
3625,Corporate,Puerto Rico,PR,Caguas
12044,Corporate,Puerto Rico,PR,Caguas
2735,Corporate,Puerto Rico,PR,Caguas
13520,Corporate,Puerto Rico,PR,Caguas
14672,Corporate,Puerto Rico,PR,Caguas
4089,Corporate,Puerto Rico,PR,Caguas
11365,Corporate,Puerto Rico,PR,Caguas
11079,Corporate,Puerto Rico,PR,Caguas
3670,Corporate,Puerto Rico,PR,Caguas
8163,Corporate,Puerto Rico,PR,Caguas
2328,Corporate,Puerto Rico,PR,Caguas
6155,Corporate,Puerto Rico,PR,Caguas
6790,Corporate,Puerto Rico,PR,Caguas
4290,Corporate,Puerto Rico,PR,Caguas
5030,Corporate,Puerto Rico,PR,Caguas
10766,Corporate,Puerto Rico,PR,Caguas
6216,Corporate,Puerto Rico,PR,Caguas
5774,Corporate,Puerto Rico,PR,Caguas
20378,Corporate,Puerto Rico,PR,Caguas
1062,Corporate,Puerto Rico,PR,Caguas
8291,Corporate,Puerto Rico,PR,Caguas
16068,Corporate,Puerto Rico,PR,Caguas
19125,Corporate,Puerto Rico,PR,Caguas
15869,Corporate,Puerto Rico,PR,Caguas
17702,Corporate,Puerto Rico,PR,Caguas
4251,Corporate,Puerto Rico,PR,Caguas
820,Corporate,Puerto Rico,PR,Caguas
15255,Corporate,Puerto Rico,PR,Caguas
4606,Corporate,Puerto Rico,PR,Caguas
2205,Corporate,Puerto Rico,PR,Caguas
8394,Corporate,Puerto Rico,PR,Caguas
8017,Corporate,Puerto Rico,PR,Caguas
3827,Corporate,Puerto Rico,PR,Caguas
7,Corporate,Puerto Rico,PR,Caguas
8962,Corporate,Puerto Rico,PR,Caguas
5938,Consumer,Puerto Rico,PR,Caguas
2236,Consumer,Puerto Rico,PR,Caguas
11074,Consumer,Puerto Rico,PR,Caguas
2262,Consumer,Puerto Rico,PR,Caguas
2549,Consumer,Puerto Rico,PR,Caguas
8908,Consumer,Puerto Rico,PR,Humacao
5238,Consumer,Puerto Rico,PR,Caguas
1421,Consumer,Puerto Rico,PR,Caguas
2796,Consumer,Puerto Rico,PR,Caguas
3712,Consumer,Puerto Rico,PR,Caguas
6891,Consumer,Puerto Rico,PR,Caguas
11356,Consumer,Puerto Rico,PR,Caguas
11793,Consumer,Puerto Rico,PR,Caguas
11341,Consumer,Puerto Rico,PR,Caguas
3770,Consumer,Puerto Rico,PR,San Sebastian
8917,Consumer,Puerto Rico,PR,Caguas
8399,Consumer,Puerto Rico,PR,Caguas
3252,Consumer,Puerto Rico,PR,Caguas
1861,Consumer,Puerto Rico,PR,Caguas
5969,Consumer,Puerto Rico,PR,Caguas
4249,Consumer,Puerto Rico,PR,Caguas
8320,Consumer,Puerto Rico,PR,Caguas
3593,Consumer,Puerto Rico,PR,Caguas
9105,Consumer,Puerto Rico,PR,Caguas
15671,Consumer,Puerto Rico,PR,Caguas
20312,Consumer,Puerto Rico,PR,Caguas
12039,Consumer,Puerto Rico,PR,Caguas
2879,Consumer,Puerto Rico,PR,Caguas
1453,Consumer,Puerto Rico,PR,Caguas
10677,Consumer,Puerto Rico,PR,Caguas
6526,Consumer,Puerto Rico,PR,Caguas
10578,Consumer,Puerto Rico,PR,Caguas
4943,Consumer,Puerto Rico,PR,Caguas
12262,Consumer,Puerto Rico,PR,Caguas
11278,Consumer,Puerto Rico,PR,Caguas
5027,Consumer,Puerto Rico,PR,Caguas
1679,Consumer,Puerto Rico,PR,Caguas
7723,Consumer,Puerto Rico,PR,Caguas
7749,Consumer,Puerto Rico,PR,Caguas
6398,Consumer,Puerto Rico,PR,Caguas
525,Consumer,Puerto Rico,PR,Caguas
2038,Consumer,Puerto Rico,PR,Caguas
10021,Consumer,Puerto Rico,PR,Caguas
12513,Consumer,Puerto Rico,PR,Caguas
13524,Consumer,Puerto Rico,PR,Caguas
5480,Consumer,Puerto Rico,PR,Caguas
4939,Consumer,Puerto Rico,PR,Caguas
13711,Consumer,Puerto Rico,PR,Caguas
9262,Consumer,Puerto Rico,PR,Caguas
9953,Consumer,Puerto Rico,PR,San Juan
3969,Consumer,Puerto Rico,PR,Vega Baja
6070,Consumer,Puerto Rico,PR,Caguas
3375,Consumer,Puerto Rico,PR,Caguas
2447,Consumer,Puerto Rico,PR,Caguas
4597,Consumer,Puerto Rico,PR,Caguas
7570,Consumer,Puerto Rico,PR,Caguas
12425,Consumer,Puerto Rico,PR,Caguas
2352,Consumer,Puerto Rico,PR,Caguas
5907,Consumer,Puerto Rico,PR,Caguas
5093,Consumer,Puerto Rico,PR,Caguas
3843,Consumer,Puerto Rico,PR,Caguas
15010,Consumer,Puerto Rico,PR,Caguas
12929,Consumer,Puerto Rico,PR,Caguas
4969,Consumer,Puerto Rico,PR,Caguas
259,Consumer,Puerto Rico,PR,Caguas
6983,Consumer,Puerto Rico,PR,Caguas
2574,Consumer,Puerto Rico,PR,Caguas
595,Consumer,Puerto Rico,PR,Caguas
9077,Consumer,Puerto Rico,PR,Caguas
976,Consumer,Puerto Rico,PR,Caguas
2060,Consumer,Puerto Rico,PR,Caguas
1908,Consumer,Puerto Rico,PR,Caguas
1946,Consumer,Puerto Rico,PR,Caguas
11043,Consumer,Puerto Rico,PR,Caguas
18253,Consumer,Puerto Rico,PR,Caguas
19061,Consumer,Puerto Rico,PR,Caguas
15883,Consumer,Puerto Rico,PR,Caguas
6080,Consumer,Puerto Rico,PR,Caguas
5757,Consumer,Puerto Rico,PR,Caguas
11755,Consumer,Puerto Rico,PR,Caguas
17692,Consumer,Puerto Rico,PR,Caguas
8199,Consumer,Puerto Rico,PR,Caguas
15540,Consumer,Puerto Rico,PR,Caguas
4600,Consumer,United States,IN,Crown Point
10720,Consumer,United States,CA,Bakersfield
1670,Consumer,United States,LA,Opelousas
4963,Consumer,United States,TX,Brownsville
985,Consumer,United States,IN,Richmond
3268,Consumer,United States,MD,Baltimore
1010,Consumer,United States,CA,Walnut
10405,Consumer,United States,TX,Houston
11947,Consumer,United States,IL,Chicago
6739,Consumer,United States,CA,Lake Forest
11441,Consumer,United States,FL,Lutz
3066,Consumer,United States,MD,Baltimore
4615,Consumer,United States,IL,Chicago
12335,Consumer,United States,TN,Knoxville
5170,Consumer,United States,CA,Lynwood
6926,Consumer,United States,TX,Harlingen
880,Consumer,United States,GA,Marietta
4233,Consumer,United States,MD,Parkville
4248,Consumer,United States,OR,Eugene
6901,Consumer,United States,TX,Garland
8936,Consumer,United States,CA,Bell Gardens
3003,Consumer,United States,WI,Sheboygan
5410,Consumer,United States,CA,Pittsburg
12214,Consumer,United States,FL,Tallahassee
10278,Consumer,United States,CA,Los Angeles
3646,Consumer,United States,NY,New York
8529,Consumer,United States,TN,Clarksville
6263,Consumer,United States,GA,Roswell
2823,Consumer,United States,IL,Chicago
1174,Consumer,United States,TN,Memphis
4547,Consumer,United States,CA,Van Nuys
751,Consumer,United States,CA,Los Angeles
2398,Consumer,United States,MA,Dorchester Center
7288,Consumer,United States,CA,Laguna Hills
8340,Consumer,United States,CA,Oceanside
10486,Consumer,United States,IL,Chicago
11378,Consumer,United States,CA,Anaheim
5268,Consumer,United States,NY,Tonawanda
3748,Consumer,United States,CA,Lake Forest
5249,Consumer,United States,CA,Sacramento
8585,Consumer,United States,CA,Anaheim
9179,Consumer,United States,NY,Rego Park
5518,Consumer,United States,NJ,Princeton
1978,Consumer,United States,CA,Los Angeles
4306,Consumer,United States,VA,Norfolk
4022,Consumer,United States,TX,Garland
11540,Consumer,United States,CA,Fresno
2993,Consumer,United States,GA,Atlanta
11160,Consumer,United States,CA,Long Beach
11914,Consumer,United States,CO,Colorado Springs
996,Consumer,United States,TX,Austin
1049,Consumer,United States,DC,Washington
1295,Consumer,United States,CA,Winnetka
11425,Consumer,United States,MI,Detroit
9167,Consumer,United States,PA,Philadelphia
7548,Consumer,United States,FL,Hollywood
9287,Consumer,United States,AZ,Tucson
5022,Consumer,United States,CA,San Jose
4000,Consumer,United States,TN,Memphis
7228,Consumer,United States,NJ,Wayne
397,Consumer,United States,MD,Cumberland
10796,Consumer,United States,MD,Potomac
706,Consumer,United States,MA,Brighton
1424,Consumer,United States,AZ,Mesa
1680,Consumer,United States,NJ,Bloomfield
5665,Consumer,United States,VA,Virginia Beach
7957,Consumer,United States,NM,Albuquerque
10448,Consumer,United States,TX,Dallas
10636,Consumer,United States,IN,New Albany
11258,Consumer,United States,AZ,Tucson
1099,Consumer,United States,DC,Washington
11248,Consumer,United States,HI,Waipahu
1980,Consumer,United States,UT,Clearfield
12142,Consumer,United States,CA,Encinitas
5206,Consumer,United States,CA,San Diego
9165,Consumer,United States,CA,San Diego
6361,Consumer,United States,TX,Sugar Land
924,Consumer,United States,OR,Eugene
3319,Consumer,United States,NY,New York
2519,Consumer,United States,MI,Hamtramck
5778,Consumer,United States,TX,Eagle Pass
3259,Consumer,United States,NY,New York
72,Consumer,United States,CA,Vista
5908,Consumer,United States,TX,Austin
1666,Consumer,United States,FL,Miami
11020,Consumer,United States,WA,Federal Way
1597,Consumer,United States,GA,Norcross
11636,Consumer,United States,IL,Chicago
391,Consumer,United States,MI,Saginaw
8376,Consumer,United States,MD,Silver Spring
2305,Consumer,United States,CA,Temecula
11541,Consumer,United States,CA,Santa Clara
3088,Consumer,United States,WI,Milwaukee
9037,Consumer,United States,CA,Bellflower
8643,Corporate,United States,CA,Ontario
2407,Corporate,United States,CA,Lake Forest
11806,Corporate,United States,IN,West Lafayette
11952,Consumer,Puerto Rico,PR,Caguas
1917,Corporate,United States,CA,Moreno Valley
364,Home Office,United States,CA,Tulare
11125,Consumer,United States,NV,Las Vegas
12267,Home Office,United States,TN,Nashville
10175,Home Office,United States,NY,Brooklyn
1475,Corporate,United States,CA,Rosemead
7922,Home Office,United States,VA,Norfolk
7597,Corporate,United States,CA,Paramount
9859,Corporate,United States,PA,York
9088,Consumer,United States,CA,Encinitas
9402,Consumer,Puerto Rico,PR,Caguas
9858,Corporate,United States,CA,Oceanside
10438,Corporate,United States,TX,North Richland Hills
778,Consumer,Puerto Rico,PR,Caguas
12134,Corporate,Puerto Rico,PR,Caguas
5298,Consumer,United States,NY,New York
1704,Home Office,Puerto Rico,PR,Caguas
5365,Consumer,United States,FL,Miami
2744,Home Office,United States,IL,Algonquin
10661,Corporate,United States,CA,Fremont
9001,Corporate,United States,CA,Canoga Park
10147,Home Office,Puerto Rico,PR,Caguas
9610,Corporate,United States,CA,Lancaster
9086,Consumer,United States,PA,Philadelphia
4936,Home Office,Puerto Rico,PR,Caguas
10841,Home Office,United States,TN,Memphis
3367,Consumer,Puerto Rico,PR,San Juan
1640,Corporate,United States,CA,Bell Gardens
9862,Corporate,United States,CA,Highland
4749,Corporate,United States,TX,Plano
11829,Corporate,Puerto Rico,PR,Caguas
11232,Consumer,United States,FL,Tallahassee
350,Consumer,Puerto Rico,PR,Caguas
2078,Consumer,Puerto Rico,PR,San Juan
11706,Corporate,United States,CA,Chula Vista
12007,Corporate,United States,DC,Washington
5738,Consumer,United States,MD,Baltimore
534,Home Office,United States,CA,Baldwin Park
3585,Home Office,United States,IL,Chicago
11135,Corporate,United States,NY,New York
3266,Corporate,United States,IL,Chicago
3300,Corporate,United States,TN,Hendersonville
5266,Corporate,United States,NY,Brooklyn
303,Consumer,Puerto Rico,PR,Caguas
267,Consumer,United States,OH,Columbus
2204,Corporate,United States,MI,Hamtramck
3025,Corporate,United States,TX,Mission
3081,Home Office,United States,OH,Columbus
11204,Consumer,United States,CO,Longmont
256,Consumer,United States,IL,Chicago
7077,Home Office,Puerto Rico,PR,Caguas
387,Consumer,Puerto Rico,PR,Caguas
1117,Consumer,Puerto Rico,PR,Caguas
10451,Home Office,Puerto Rico,PR,Caguas
8767,Corporate,United States,MD,Pasadena
7519,Home Office,Puerto Rico,PR,Caguas
8377,Consumer,United States,TX,Irving
3631,Corporate,United States,TX,Laredo
4153,Consumer,United States,TX,Sugar Land
2781,Corporate,Puerto Rico,PR,Caguas
11937,Consumer,United States,CO,Aurora
7830,Corporate,United States,MI,East Lansing
5800,Home Office,United States,IN,Crown Point
8880,Home Office,United States,CA,Escondido
6042,Corporate,United States,TX,El Paso
12307,Consumer,Puerto Rico,PR,Caguas
5264,Home Office,Puerto Rico,PR,Caguas
70,Corporate,United States,CA,Los Angeles
315,Home Office,United States,CA,Modesto
5849,Home Office,United States,MO,Saint Louis
9946,Corporate,United States,CA,Simi Valley
673,Corporate,United States,CA,Chula Vista
11492,Corporate,United States,KY,Bowling Green
8362,Corporate,United States,VA,Hampton
1093,Corporate,United States,CA,Pomona
11501,Corporate,United States,CA,Buena Park
4370,Corporate,United States,CA,Los Angeles
233,Corporate,United States,AZ,Glendale
1979,Consumer,Puerto Rico,PR,Caguas
10628,Home Office,United States,CA,Ontario
1712,Home Office,United States,PA,Lansdale
10017,Corporate,United States,MN,Burnsville
6110,Corporate,United States,NY,New York
470,Consumer,United States,NY,Far Rockaway
6213,Corporate,United States,SC,Rock Hill
1943,Home Office,United States,MD,Baltimore
733,Consumer,United States,TX,Amarillo
1482,Consumer,United States,CA,Los Angeles
3240,Consumer,United States,UT,West Jordan
4778,Consumer,United States,NJ,Bridgeton
11589,Consumer,United States,WA,Kent
18064,Consumer,United States,AZ,Peoria
16453,Consumer,United States,MO,Florissant
15986,Consumer,United States,PA,Philadelphia
15804,Consumer,United States,NV,Las Vegas
17308,Consumer,United States,OH,Reynoldsburg
555,Consumer,United States,CA,Compton
8408,Consumer,United States,OH,Columbus
17619,Consumer,United States,NJ,Wayne
20204,Consumer,United States,GA,Alpharetta
15174,Consumer,United States,AZ,Phoenix
19997,Consumer,United States,MD,Fort Washington
18101,Consumer,United States,CA,San Jose
246,Consumer,United States,IL,Oak Lawn
16058,Consumer,United States,NY,Brooklyn
17412,Consumer,United States,NY,Bronx
15544,Consumer,United States,TX,Houston
16254,Consumer,United States,AZ,Tempe
16269,Consumer,United States,CO,Greeley
20211,Consumer,United States,NC,Greenville
16502,Consumer,United States,NY,Bronx
17045,Consumer,United States,TX,San Antonio
10722,Consumer,United States,CA,Lake Forest
1386,Consumer,United States,OR,Beaverton
4303,Consumer,United States,HI,Honolulu
4877,Consumer,United States,NJ,New Brunswick
165,Consumer,United States,CA,Antioch
1862,Consumer,United States,CA,Los Angeles
11903,Consumer,United States,IL,Berwyn
349,Consumer,United States,MO,Florissant
12157,Consumer,United States,NC,Jacksonville
7638,Consumer,United States,TX,El Paso
8571,Consumer,United States,FL,Fort Lauderdale
12105,Consumer,United States,CA,Los Angeles
5123,Consumer,United States,AZ,Phoenix
9786,Consumer,United States,UT,Salt Lake City
7421,Consumer,United States,TX,Dallas
9527,Consumer,United States,CA,Napa
4909,Consumer,United States,AZ,Phoenix
188,Consumer,United States,CA,Los Angeles
7236,Consumer,United States,MO,Columbia
10381,Consumer,United States,CA,Long Beach
8005,Consumer,United States,NY,Brooklyn
8593,Corporate,Puerto Rico,PR,Caguas
2135,Home Office,United States,CA,El Centro
2292,Corporate,United States,TX,San Benito
4439,Consumer,United States,MT,Billings
7090,Consumer,United States,CA,Van Nuys
6881,Consumer,Puerto Rico,PR,Caguas
7287,Home Office,Puerto Rico,PR,Caguas
3058,Corporate,United States,CA,El Centro
8437,Consumer,United States,GA,Atlanta
8335,Corporate,Puerto Rico,PR,Caguas
4139,Corporate,United States,CA,Antioch
3750,Corporate,Puerto Rico,PR,Caguas
481,Consumer,United States,CA,Los Angeles
688,Consumer,United States,TX,Houston
3986,Corporate,United States,HI,Ewa Beach
5350,Home Office,United States,CA,Compton
603,Corporate,United States,CA,Fresno
1346,Corporate,Puerto Rico,PR,Caguas
11676,Home Office,Puerto Rico,PR,Caguas
10309,Home Office,United States,NY,Elmhurst
5623,Consumer,United States,OH,Columbus
11300,Home Office,United States,NY,Bronx
6293,Corporate,United States,CT,Bristol
351,Corporate,United States,CA,Stockton
2310,Home Office,Puerto Rico,PR,Bayamon
10170,Corporate,United States,CA,Tulare
7173,Consumer,United States,OR,Salem
1965,Consumer,United States,IL,Joliet
311,Home Office,United States,TX,Austin
3972,Consumer,Puerto Rico,PR,Caguas
1991,Consumer,Puerto Rico,PR,Caguas
5248,Consumer,United States,NY,Far Rockaway
5222,Corporate,United States,MO,Saint Louis
5716,Corporate,United States,WA,Longview
10304,Corporate,United States,IL,Chicago
3723,Consumer,Puerto Rico,PR,Humacao
12356,Consumer,Puerto Rico,PR,Caguas
12166,Corporate,United States,AZ,Phoenix
2233,Consumer,Puerto Rico,PR,Caguas
1798,Consumer,Puerto Rico,PR,Caguas
5213,Corporate,United States,CA,South Gate
2593,Home Office,United States,NJ,Piscataway
3890,Corporate,United States,CO,Aurora
11375,Corporate,United States,CA,Sacramento
2707,Corporate,United States,IL,Chicago
1372,Home Office,United States,VA,Virginia Beach
10276,Home Office,United States,NY,Rego Park
6265,Consumer,Puerto Rico,PR,Caguas
11784,Home Office,Puerto Rico,PR,Caguas
5483,Consumer,United States,TN,Murfreesboro
9608,Consumer,United States,CA,Fontana
7391,Consumer,Puerto Rico,PR,Caguas
5435,Corporate,United States,GA,Lawrenceville
10332,Consumer,United States,IL,Glenview
5446,Corporate,United States,GA,Douglasville
10873,Corporate,Puerto Rico,PR,Caguas
5678,Consumer,United States,CA,Palmdale
11573,Corporate,United States,NY,Brooklyn
6459,Home Office,Puerto Rico,PR,Caguas
1086,Home Office,Puerto Rico,PR,Caguas
8019,Consumer,United States,CA,Lodi
6752,Consumer,Puerto Rico,PR,Caguas
7259,Corporate,United States,TN,Murfreesboro
690,Home Office,United States,UT,Salt Lake City
2502,Corporate,United States,CA,Long Beach
680,Home Office,United States,OH,Strongsville
5134,Corporate,Puerto Rico,PR,Caguas
4755,Consumer,Puerto Rico,PR,Caguas
1055,Home Office,United States,TX,Weslaco
4608,Consumer,Puerto Rico,PR,Caguas
5645,Consumer,United States,CA,Oxnard
2323,Home Office,United States,NY,Webster
3919,Corporate,United States,CA,Fontana
3184,Consumer,United States,OK,Broken Arrow
10453,Home Office,Puerto Rico,PR,Caguas
7510,Corporate,United States,NM,Albuquerque
8117,Consumer,Puerto Rico,PR,Caguas
3428,Corporate,United States,IL,Chicago
8112,Home Office,Puerto Rico,PR,Caguas
2156,Corporate,United States,CA,Livermore
1889,Home Office,United States,GA,Smyrna
11446,Corporate,United States,CA,Santa Ana
1268,Home Office,Puerto Rico,PR,Caguas
10335,Consumer,Puerto Rico,PR,Caguas
2334,Consumer,Puerto Rico,PR,Caguas
17,Consumer,United States,MI,Taylor
10095,Corporate,United States,NY,New York
5822,Corporate,Puerto Rico,PR,Caguas
9943,Corporate,Puerto Rico,PR,Caguas
9616,Corporate,Puerto Rico,PR,Caguas
6493,Corporate,Puerto Rico,PR,Caguas
9702,Home Office,Puerto Rico,PR,Caguas
9879,Home Office,Puerto Rico,PR,Caguas
8514,Home Office,Puerto Rico,PR,Caguas
7665,Home Office,Puerto Rico,PR,Caguas
2841,Home Office,Puerto Rico,PR,Caguas
9583,Home Office,Puerto Rico,PR,Caguas
6764,Home Office,Puerto Rico,PR,Caguas
5337,Home Office,Puerto Rico,PR,Caguas
18477,Home Office,Puerto Rico,PR,Caguas
12242,Home Office,Puerto Rico,PR,Caguas
11250,Home Office,Puerto Rico,PR,Caguas
9728,Home Office,Puerto Rico,PR,Caguas
8967,Home Office,Puerto Rico,PR,Caguas
3894,Home Office,Puerto Rico,PR,Caguas
5813,Home Office,Puerto Rico,PR,Caguas
12026,Home Office,Puerto Rico,PR,Caguas
11169,Home Office,Puerto Rico,PR,Caguas
10850,Home Office,Puerto Rico,PR,Caguas
3152,Home Office,Puerto Rico,PR,Caguas
9067,Home Office,Puerto Rico,PR,Guayama
17398,Home Office,Puerto Rico,PR,Caguas
20581,Home Office,Puerto Rico,PR,Caguas
5312,Home Office,Puerto Rico,PR,Caguas
10583,Corporate,United States,CA,Tustin
8924,Corporate,Puerto Rico,PR,Caguas
6409,Home Office,United States,NC,Sanford
532,Corporate,United States,TX,Sugar Land
1040,Corporate,United States,CA,San Francisco
619,Corporate,United States,TX,Houston
296,Corporate,United States,MI,Detroit
9164,Consumer,Puerto Rico,PR,Caguas
2547,Home Office,United States,TX,North Richland Hills
6786,Corporate,United States,CA,San Jose
2834,Corporate,United States,GA,Duluth
11601,Consumer,United States,AZ,Glendale
7144,Home Office,United States,NY,New York
11824,Consumer,Puerto Rico,PR,Caguas
8184,Corporate,United States,NY,Brooklyn
5033,Corporate,United States,MI,Canton
1944,Home Office,United States,IL,Crystal Lake
835,Corporate,United States,CA,Santee
4266,Corporate,United States,FL,Miami
10079,Consumer,United States,NC,Apex
6529,Consumer,Puerto Rico,PR,Caguas
10265,Corporate,United States,MI,Wyoming
3517,Consumer,United States,NJ,Piscataway
1365,Home Office,United States,NY,Corona
4858,Consumer,United States,TX,Del Rio
244,Home Office,United States,CA,Long Beach
2213,Consumer,United States,NC,Chapel Hill
2157,Corporate,United States,CA,Tustin
6252,Consumer,United States,TX,Carrollton
6093,Corporate,United States,CA,Santa Ana
8762,Corporate,United States,CA,San Francisco
8757,Corporate,United States,CO,Aurora
10674,Home Office,United States,NY,Bronx
8200,Consumer,United States,MI,Muskegon
10657,Consumer,United States,CA,Anaheim
215,Home Office,United States,NY,Flushing
4301,Corporate,United States,DE,Newark
8978,Corporate,United States,CA,North Hills
1069,Home Office,United States,GA,Stockbridge
4486,Corporate,United States,CA,San Pedro
5897,Home Office,United States,NY,Newburgh
582,Corporate,United States,TX,Garland
9148,Consumer,Puerto Rico,PR,Caguas
11583,Consumer,United States,VA,Blacksburg
6451,Consumer,United States,NC,Greenville
4584,Corporate,Puerto Rico,PR,San Juan
3663,Consumer,Puerto Rico,PR,Caguas
10612,Corporate,United States,OH,Cleveland
1650,Corporate,United States,NJ,Princeton
838,Consumer,United States,IL,Tinley Park
7897,Corporate,United States,CA,Temecula
8166,Home Office,United States,IL,Aurora
1962,Consumer,Puerto Rico,PR,Caguas
60,Home Office,United States,NY,Webster
11010,Consumer,Puerto Rico,PR,Caguas
1508,Consumer,United States,NY,Brooklyn
4810,Corporate,United States,TX,El Paso
5189,Home Office,United States,PA,Philadelphia
596,Corporate,United States,FL,Pompano Beach
4604,Corporate,United States,NY,Brooklyn
10480,Home Office,United States,IL,Chicago
1218,Corporate,Puerto Rico,PR,Caguas
1822,Home Office,Puerto Rico,PR,Caguas
6954,Home Office,United States,GA,Lawrenceville
1013,Consumer,Puerto Rico,PR,Caguas
7375,Corporate,United States,MD,Hagerstown
823,Home Office,Puerto Rico,PR,Caguas
1116,Consumer,United States,MI,Warren
5260,Consumer,Puerto Rico,PR,Caguas
7103,Consumer,United States,IL,Chicago
576,Home Office,United States,TX,Houston
252,Corporate,United States,TX,Richardson
8130,Home Office,United States,FL,Hollywood
5038,Consumer,Puerto Rico,PR,Caguas
11524,Consumer,Puerto Rico,PR,Caguas
2406,Consumer,Puerto Rico,PR,Caguas
5208,Corporate,United States,NY,Bronx
9769,Corporate,United States,CA,Simi Valley
2370,Corporate,United States,CA,Poway
3983,Corporate,Puerto Rico,PR,Caguas
8747,Corporate,United States,MI,Wyandotte
2299,Corporate,United States,AZ,Phoenix
2321,Consumer,United States,TX,Houston
9311,Consumer,United States,MO,Saint Charles
5183,Corporate,United States,TX,Laredo
11436,Consumer,Puerto Rico,PR,Caguas
3985,Corporate,United States,OH,Chillicothe
3790,Consumer,United States,GA,Powder Springs
1277,Home Office,United States,WI,Beloit
7487,Consumer,Puerto Rico,PR,Caguas
3978,Consumer,United States,CA,Walnut
6911,Corporate,United States,CA,San Diego
12173,Corporate,Puerto Rico,PR,Caguas
2029,Consumer,United States,CA,San Diego
6517,Consumer,Puerto Rico,PR,Caguas
2985,Corporate,United States,VA,Hampton
10742,Home Office,United States,OH,Cleveland
505,Corporate,United States,AZ,Scottsdale
11912,Corporate,United States,AZ,Glendale
1811,Home Office,United States,MI,Detroit
2974,Corporate,United States,IL,Chicago
11447,Corporate,United States,WI,Beloit
7884,Corporate,United States,NC,Greenville
893,Consumer,United States,UT,Ogden
3669,Corporate,United States,CA,San Bernardino
457,Home Office,United States,NY,Brooklyn
5765,Home Office,United States,OH,Painesville
5827,Consumer,United States,WA,Seattle
288,Consumer,Puerto Rico,PR,San Juan
9778,Home Office,United States,CA,Oceanside
4760,Home Office,United States,IL,Chicago
11828,Corporate,United States,OH,Cleveland
2496,Consumer,Puerto Rico,PR,Caguas
11440,Home Office,United States,PA,Wilkes Barre
1430,Home Office,United States,PA,Philadelphia
939,Consumer,Puerto Rico,PR,Caguas
11359,Consumer,United States,CA,San Pablo
9168,Consumer,Puerto Rico,PR,Caguas
3940,Consumer,Puerto Rico,PR,Caguas
2833,Corporate,Puerto Rico,PR,Caguas
2396,Corporate,United States,AZ,Phoenix
8503,Corporate,United States,TX,Houston
7400,Home Office,Puerto Rico,PR,Caguas
11815,Home Office,Puerto Rico,PR,Caguas
9068,Home Office,Puerto Rico,PR,Caguas
14254,Home Office,Puerto Rico,PR,Caguas
12937,Home Office,Puerto Rico,PR,Caguas
15133,Home Office,Puerto Rico,PR,Caguas
5482,Home Office,Puerto Rico,PR,Caguas
11479,Home Office,Puerto Rico,PR,Caguas
18257,Home Office,Puerto Rico,PR,Caguas
15900,Home Office,Puerto Rico,PR,Caguas
20429,Home Office,Puerto Rico,PR,Caguas
18976,Home Office,Puerto Rico,PR,Caguas
17865,Home Office,Puerto Rico,PR,Caguas
17215,Home Office,Puerto Rico,PR,Caguas
16369,Home Office,Puerto Rico,PR,Caguas
19847,Home Office,Puerto Rico,PR,Caguas
1699,Home Office,Puerto Rico,PR,Caguas
7796,Home Office,Puerto Rico,PR,Caguas
2077,Home Office,Puerto Rico,PR,Caguas
955,Home Office,Puerto Rico,PR,Caguas
17402,Home Office,Puerto Rico,PR,Caguas
4650,Consumer,United States,PA,Hanover
2898,Corporate,United States,CA,Victorville
3807,Home Office,United States,FL,Brandon
11580,Corporate,Puerto Rico,PR,Caguas
4040,Corporate,United States,MI,Roseville
9386,Consumer,Puerto Rico,PR,Caguas
11008,Consumer,United States,TX,San Antonio
6908,Consumer,United States,CO,Denver
11003,Corporate,Puerto Rico,PR,Caguas
5900,Corporate,United States,CO,Colorado Springs
1129,Home Office,United States,CA,San Diego
2776,Corporate,United States,NV,Las Vegas
7831,Consumer,Puerto Rico,PR,Caguas
11668,Consumer,Puerto Rico,PR,Caguas
9891,Corporate,United States,MD,Potomac
1921,Home Office,United States,CO,Longmont
9940,Home Office,United States,CA,San Diego
1877,Consumer,Puerto Rico,PR,Caguas
568,Consumer,Puerto Rico,PR,Caguas
3510,Home Office,United States,CA,San Jose
7708,Corporate,United States,PA,Philadelphia
10517,Consumer,Puerto Rico,PR,Caguas
8132,Home Office,United States,NC,Raleigh
9658,Corporate,United States,TX,Houston
3312,Consumer,United States,NY,Forest Hills
3116,Home Office,United States,OH,Dayton
3870,Consumer,Puerto Rico,PR,Caguas
3730,Corporate,United States,VA,Norfolk
4957,Consumer,United States,NY,South Ozone Park
6562,Consumer,Puerto Rico,PR,Caguas
10952,Corporate,United States,CO,Greeley
3175,Corporate,United States,AZ,Tucson
10177,Consumer,Puerto Rico,PR,Caguas
907,Corporate,United States,NV,North Las Vegas
10791,Consumer,United States,MN,Burnsville
7948,Consumer,Puerto Rico,PR,Caguas
1076,Consumer,United States,TX,Fort Worth
1213,Home Office,United States,OR,Eugene
132,Corporate,Puerto Rico,PR,Caguas
10889,Consumer,United States,TX,Houston
12381,Corporate,United States,TX,Austin
18593,Consumer,Puerto Rico,PR,Caguas
17852,Consumer,Puerto Rico,PR,Caguas
15163,Consumer,Puerto Rico,PR,Caguas
7609,Consumer,Puerto Rico,PR,Caguas
9754,Consumer,Puerto Rico,PR,Caguas
12112,Consumer,Puerto Rico,PR,Caguas
8422,Consumer,Puerto Rico,PR,Caguas
1516,Consumer,Puerto Rico,PR,Caguas
8625,Consumer,Puerto Rico,PR,Caguas
100,Consumer,Puerto Rico,PR,Caguas
18905,Consumer,Puerto Rico,PR,Caguas
11964,Consumer,Puerto Rico,PR,Caguas
2950,Consumer,Puerto Rico,PR,Caguas
318,Consumer,Puerto Rico,PR,Caguas
17453,Consumer,Puerto Rico,PR,Caguas
12287,Consumer,Puerto Rico,PR,Caguas
6924,Consumer,Puerto Rico,PR,Caguas
12145,Consumer,Puerto Rico,PR,Caguas
12704,Consumer,Puerto Rico,PR,Caguas
12543,Consumer,Puerto Rico,PR,Caguas
18770,Consumer,Puerto Rico,PR,Caguas
15572,Consumer,Puerto Rico,PR,Caguas
8516,Consumer,Puerto Rico,PR,Caguas
9118,Consumer,Puerto Rico,PR,Caguas
10034,Consumer,Puerto Rico,PR,Caguas
11477,Consumer,Puerto Rico,PR,Caguas
7384,Consumer,Puerto Rico,PR,Caguas
11361,Consumer,Puerto Rico,PR,Caguas
13282,Consumer,Puerto Rico,PR,Caguas
14954,Consumer,Puerto Rico,PR,Caguas
14750,Consumer,Puerto Rico,PR,Caguas
9531,Consumer,Puerto Rico,PR,Caguas
14011,Consumer,Puerto Rico,PR,Caguas
1830,Consumer,Puerto Rico,PR,Caguas
12799,Consumer,Puerto Rico,PR,Caguas
15131,Consumer,Puerto Rico,PR,Caguas
12092,Consumer,Puerto Rico,PR,Caguas
14985,Consumer,Puerto Rico,PR,Caguas
648,Consumer,Puerto Rico,PR,Arecibo
4867,Consumer,Puerto Rico,PR,Caguas
18237,Consumer,Puerto Rico,PR,Caguas
18212,Consumer,Puerto Rico,PR,Caguas
15910,Consumer,Puerto Rico,PR,Caguas
19026,Consumer,Puerto Rico,PR,Caguas
18875,Consumer,Puerto Rico,PR,Caguas
17548,Consumer,Puerto Rico,PR,Caguas
19231,Consumer,Puerto Rico,PR,Caguas
17272,Consumer,Puerto Rico,PR,Caguas
17727,Consumer,Puerto Rico,PR,Caguas
16027,Consumer,Puerto Rico,PR,Caguas
17456,Consumer,Puerto Rico,PR,Caguas
15360,Consumer,Puerto Rico,PR,Caguas
2937,Consumer,Puerto Rico,PR,Caguas
17765,Consumer,Puerto Rico,PR,Caguas
16201,Consumer,Puerto Rico,PR,Caguas
18570,Consumer,Puerto Rico,PR,Caguas
16376,Consumer,Puerto Rico,PR,Caguas
18541,Consumer,Puerto Rico,PR,Caguas
4973,Consumer,Puerto Rico,PR,Caguas
8098,Consumer,Puerto Rico,PR,Caguas
13333,Home Office,United States,IL,Aurora
2491,Home Office,United States,CA,Pico Rivera
11138,Home Office,United States,NV,Las Vegas
2925,Home Office,United States,TX,Houston
2356,Home Office,United States,PA,Irwin
6272,Home Office,United States,NJ,Toms River
11143,Home Office,United States,NY,Brooklyn
126,Home Office,United States,TX,Amarillo
18309,Home Office,United States,NY,Bronx
20630,Home Office,United States,CA,Los Angeles
18016,Home Office,United States,IL,Chicago
1605,Home Office,United States,AZ,Chandler
16187,Home Office,United States,NJ,Jersey City
17869,Home Office,United States,GA,Stockbridge
12139,Home Office,United States,NY,Brooklyn
6499,Home Office,United States,CO,Denver
543,Home Office,United States,NC,Greenville
3037,Home Office,United States,TX,Houston
7397,Home Office,United States,NJ,Jersey City
1327,Home Office,United States,IL,Chicago
1287,Home Office,United States,MA,Methuen
2360,Home Office,United States,TX,San Antonio
6234,Home Office,United States,NY,Bronx
18679,Home Office,United States,CA,Union City
17543,Home Office,United States,PA,Philadelphia
3604,Home Office,United States,CA,Fullerton
20118,Home Office,United States,OH,Dayton
8952,Home Office,United States,TX,Mission
8337,Home Office,United States,IL,Chicago
13851,Home Office,United States,CA,Long Beach
15062,Home Office,United States,CA,Oceanside
11058,Home Office,United States,NY,Brooklyn
3880,Home Office,United States,CA,Bakersfield
19252,Home Office,United States,WI,Beloit
10964,Home Office,United States,OR,Portland
19883,Home Office,United States,AZ,Tempe
18920,Home Office,United States,CO,Aurora
17105,Home Office,United States,PA,Lansdale
19776,Home Office,United States,WV,Wheeling
6129,Home Office,United States,CA,Merced
5808,Home Office,United States,CO,Denver
3143,Home Office,United States,CT,Stamford
19255,Home Office,United States,CA,Los Angeles
14195,Home Office,United States,NY,Astoria
12624,Home Office,United States,CA,Los Angeles
20335,Home Office,United States,CO,Broomfield
13930,Home Office,United States,OR,Bend
3254,Home Office,United States,CA,Stockton
19803,Home Office,United States,MN,Saint Paul
19837,Home Office,United States,CA,Lancaster
12155,Home Office,United States,NC,Raleigh
19254,Home Office,United States,NY,Brooklyn
15384,Home Office,United States,CA,Los Angeles
8244,Home Office,United States,CA,Lancaster
15967,Home Office,United States,CO,Aurora
5842,Home Office,United States,CA,San Jose
18812,Consumer,Puerto Rico,PR,Caguas
1355,Consumer,Puerto Rico,PR,Caguas
17427,Consumer,Puerto Rico,PR,Caguas
14238,Consumer,Puerto Rico,PR,Caguas
14464,Consumer,Puerto Rico,PR,Caguas
13582,Consumer,Puerto Rico,PR,Caguas
12389,Consumer,Puerto Rico,PR,Arecibo
6258,Consumer,Puerto Rico,PR,Caguas
901,Consumer,Puerto Rico,PR,Caguas
19203,Consumer,Puerto Rico,PR,Caguas
16417,Consumer,Puerto Rico,PR,Caguas
17307,Consumer,Puerto Rico,PR,Caguas
15666,Consumer,Puerto Rico,PR,Caguas
17557,Consumer,Puerto Rico,PR,Caguas
13326,Consumer,Puerto Rico,PR,Caguas
14042,Consumer,Puerto Rico,PR,Caguas
17384,Consumer,Puerto Rico,PR,Caguas
12604,Consumer,Puerto Rico,PR,Caguas
18263,Consumer,Puerto Rico,PR,Caguas
6686,Consumer,United States,MN,Saint Paul
5560,Corporate,Puerto Rico,PR,Caguas
8457,Corporate,United States,CA,Bakersfield
11788,Consumer,United States,MO,Florissant
6461,Consumer,United States,OR,Salem
8525,Consumer,United States,NY,New York
128,Consumer,United States,GA,Augusta
10105,Corporate,United States,OH,Zanesville
18218,Home Office,Puerto Rico,PR,Caguas
1194,Corporate,United States,CA,Riverside
19486,Corporate,United States,FL,Miami
19485,Corporate,Puerto Rico,PR,Caguas
19466,Corporate,Puerto Rico,PR,Caguas
19458,Corporate,Puerto Rico,PR,Caguas
19449,Consumer,United States,CA,Fremont
19448,Corporate,Puerto Rico,PR,Caguas
14665,Consumer,Puerto Rico,PR,Caguas
5384,Corporate,United States,TX,Houston
489,Corporate,United States,OR,Portland
10966,Corporate,United States,MA,Plymouth
9162,Corporate,United States,CA,Lodi
5981,Corporate,United States,MN,Burnsville
19439,Corporate,United States,CA,Garden Grove
19423,Consumer,United States,TN,Columbia
19421,Consumer,United States,CA,Stockton
19402,Corporate,Puerto Rico,PR,Caguas
19372,Home Office,Puerto Rico,PR,Caguas
19362,Consumer,United States,OR,Albany
14915,Consumer,Puerto Rico,PR,Caguas
10155,Corporate,United States,RI,Pawtucket
1763,Corporate,United States,OH,Marion
11675,Corporate,United States,CA,Los Angeles
19341,Corporate,Puerto Rico,PR,Caguas
19314,Consumer,United States,CA,Simi Valley
19304,Home Office,Puerto Rico,PR,Caguas
19295,Consumer,United States,CA,Anaheim
19286,Consumer,United States,NY,Bronx
16770,Consumer,United States,NC,Lenoir
16748,Corporate,United States,CA,Los Angeles
16722,Consumer,Puerto Rico,PR,Caguas
16718,Consumer,United States,PA,Lancaster
16696,Consumer,United States,VA,Stafford
16687,Home Office,Puerto Rico,PR,Caguas
16668,Consumer,Puerto Rico,PR,Caguas
14742,Home Office,Puerto Rico,PR,Caguas
15003,Consumer,Puerto Rico,PR,Caguas
3939,Consumer,United States,NV,North Las Vegas
18392,Corporate,United States,CO,Denver
4688,Corporate,United States,CA,Hesperia
496,Corporate,United States,MA,Revere
8037,Corporate,United States,OR,Salem
695,Corporate,United States,NM,Roswell
16632,Home Office,United States,WA,Lynnwood
9532,Corporate,United States,TX,Amarillo
2199,Corporate,Puerto Rico,PR,Caguas
8862,Consumer,United States,OH,Zanesville
12555,Home Office,Puerto Rico,PR,Caguas
17682,Consumer,Puerto Rico,PR,Caguas
11041,Corporate,Puerto Rico,PR,Caguas
19239,Corporate,Puerto Rico,PR,Caguas
17573,Corporate,United States,AZ,Tempe
17772,Corporate,United States,NV,Henderson
18971,Corporate,United States,AZ,Phoenix
17175,Corporate,United States,AZ,Tempe
15192,Corporate,United States,CA,Bakersfield
5018,Corporate,United States,CO,Colorado Springs
7291,Corporate,United States,MI,Detroit
13384,Consumer,United States,MA,Lawrence
2015,Consumer,United States,TX,San Antonio
12697,Consumer,United States,CA,Cerritos
15368,Home Office,Puerto Rico,PR,Caguas
17194,Home Office,Puerto Rico,PR,Caguas
10868,Home Office,Puerto Rico,PR,Caguas
20055,Consumer,Puerto Rico,PR,Caguas
17309,Consumer,Puerto Rico,PR,Caguas
17311,Consumer,Puerto Rico,PR,Caguas
6733,Consumer,Puerto Rico,PR,Caguas
5761,Consumer,Puerto Rico,PR,Caguas
12472,Corporate,Puerto Rico,PR,Caguas
8032,Corporate,Puerto Rico,PR,Caguas
13447,Corporate,Puerto Rico,PR,Caguas
6273,Corporate,Puerto Rico,PR,Caguas
11158,Corporate,Puerto Rico,PR,Caguas
10151,Corporate,United States,CA,Oxnard
4637,Corporate,United States,CA,Folsom
9537,Corporate,United States,MI,East Lansing
11028,Corporate,United States,FL,Tampa
2837,Consumer,United States,GA,Roswell
9852,Consumer,United States,OH,Cincinnati
13517,Consumer,United States,CA,Sacramento
13138,Consumer,United States,OR,Bend
3062,Consumer,United States,OH,Columbus
13606,Consumer,United States,NJ,Morristown
5572,Corporate,United States,CA,San Jose
1682,Corporate,United States,NY,Woodside
20295,Home Office,Puerto Rico,PR,Caguas
16216,Home Office,Puerto Rico,PR,Caguas
18085,Home Office,Puerto Rico,PR,Caguas
20031,Home Office,Puerto Rico,PR,Caguas
1639,Home Office,Puerto Rico,PR,Caguas
14289,Home Office,Puerto Rico,PR,Caguas
15696,Home Office,Puerto Rico,PR,Caguas
19820,Home Office,Puerto Rico,PR,Caguas
15775,Home Office,Puerto Rico,PR,Caguas
7257,Consumer,Puerto Rico,PR,Aguadilla
14234,Consumer,Puerto Rico,PR,Caguas
13387,Consumer,Puerto Rico,PR,Caguas
12782,Consumer,Puerto Rico,PR,Caguas
13845,Consumer,Puerto Rico,PR,Caguas
14926,Consumer,Puerto Rico,PR,Caguas
14957,Consumer,Puerto Rico,PR,Caguas
12863,Consumer,Puerto Rico,PR,Caguas
7130,Corporate,United States,NY,Brooklyn
9520,Consumer,United States,CA,Visalia
4282,Consumer,United States,PA,Lancaster
17671,Consumer,United States,TX,Carrollton
9034,Consumer,United States,CA,Pomona
2104,Consumer,United States,OH,Reynoldsburg
14587,Consumer,United States,GA,Decatur
13995,Consumer,United States,CO,Aurora
5370,Consumer,United States,CA,San Diego
16089,Consumer,United States,NJ,Princeton
678,Consumer,United States,TX,Amarillo
7312,Consumer,United States,CA,Union City
11267,Corporate,United States,CA,Palmdale
9977,Corporate,United States,NV,Las Vegas
14471,Corporate,United States,NY,Lockport
20466,Corporate,United States,NY,Bronx
176,Corporate,United States,MD,Dundalk
10216,Corporate,United States,MD,Hagerstown
14275,Corporate,United States,MD,Silver Spring
12667,Consumer,United States,MI,Wyoming
7763,Consumer,United States,TX,Austin
19082,Consumer,United States,GA,Columbus
16616,Consumer,United States,NY,Brooklyn
20683,Consumer,United States,MO,Saint Louis
15552,Consumer,United States,OH,Dayton
11628,Consumer,United States,NV,Las Vegas
18892,Consumer,United States,CA,Watsonville
19771,Consumer,United States,CO,Denver
4244,Consumer,United States,AZ,Glendale
20102,Consumer,United States,PA,Lancaster
5791,Consumer,United States,CA,Elk Grove
16079,Consumer,United States,CA,Los Angeles
617,Consumer,Puerto Rico,PR,Caguas
18100,Consumer,Puerto Rico,PR,Caguas
18172,Consumer,Puerto Rico,PR,Caguas
18221,Consumer,Puerto Rico,PR,Caguas
18337,Consumer,Puerto Rico,PR,Caguas
18427,Consumer,Puerto Rico,PR,Caguas
18873,Consumer,Puerto Rico,PR,Caguas
18657,Consumer,Puerto Rico,PR,Caguas
20217,Consumer,Puerto Rico,PR,Caguas
17773,Consumer,Puerto Rico,PR,Caguas
15167,Consumer,Puerto Rico,PR,Caguas
19043,Consumer,Puerto Rico,PR,Caguas
19237,Consumer,Puerto Rico,PR,Caguas
18782,Consumer,Puerto Rico,PR,Caguas
5034,Consumer,Puerto Rico,PR,Caguas
3087,Consumer,Puerto Rico,PR,Caguas
2409,Corporate,United States,IL,Chicago
13814,Corporate,United States,CA,Campbell
11364,Corporate,United States,AZ,Tucson
4338,Corporate,United States,CA,Gilroy
12636,Corporate,United States,MA,Lynn
15009,Corporate,United States,FL,Winter Park
8843,Corporate,United States,TX,Houston
20547,Corporate,United States,IN,Richmond
18358,Corporate,United States,IL,Chicago
15331,Corporate,United States,TX,Houston
5323,Corporate,United States,TN,Antioch
18584,Corporate,United States,CA,Los Angeles
3882,Corporate,United States,PA,Greensburg
2933,Corporate,United States,HI,Kailua
13199,Corporate,United States,IL,Chicago
8079,Corporate,United States,NY,Spring Valley
9128,Corporate,United States,CA,San Diego
17428,Corporate,United States,MA,Dorchester Center
15190,Corporate,United States,CA,Vacaville
20302,Corporate,United States,IL,Chicago
11707,Corporate,United States,CA,Davis
5524,Corporate,United States,NY,Brooklyn
19853,Corporate,Puerto Rico,PR,Caguas
6239,Corporate,Puerto Rico,PR,Juana Diaz
13176,Corporate,Puerto Rico,PR,Caguas
14223,Corporate,Puerto Rico,PR,Caguas
13777,Corporate,Puerto Rico,PR,Caguas
10242,Corporate,Puerto Rico,PR,Caguas
20304,Corporate,Puerto Rico,PR,Caguas
18528,Corporate,Puerto Rico,PR,Caguas
10280,Corporate,Puerto Rico,PR,Caguas
4746,Corporate,United States,CA,Walnut
14795,Corporate,United States,PA,Philadelphia
19113,Corporate,United States,MI,Wyandotte
15890,Corporate,United States,NY,Brooklyn
17429,Corporate,United States,MD,Hyattsville
18450,Corporate,United States,MD,Catonsville
15973,Corporate,United States,CA,La Mesa
18446,Corporate,United States,TX,Houston
16350,Corporate,United States,CT,Manchester
16298,Corporate,United States,CA,Watsonville
4312,Corporate,United States,CA,Los Angeles
6680,Corporate,United States,NJ,Perth Amboy
10028,Corporate,United States,UT,Salt Lake City
15142,Home Office,Puerto Rico,PR,Caguas
16274,Home Office,Puerto Rico,PR,Caguas
18353,Home Office,Puerto Rico,PR,Caguas
20723,Home Office,Puerto Rico,PR,Caguas
17868,Home Office,Puerto Rico,PR,Caguas
8308,Consumer,United States,OH,Cleveland
10073,Consumer,United States,NJ,West Orange
1389,Corporate,United States,CA,Modesto
14894,Consumer,United States,HI,Honolulu
2815,Consumer,United States,NJ,Lakewood
15082,Consumer,United States,CA,El Cajon
18235,Consumer,United States,TX,Fort Worth
15731,Consumer,United States,CA,Los Angeles
18874,Consumer,United States,VA,Hampton
18008,Consumer,United States,CA,Bakersfield
15328,Consumer,United States,TX,San Antonio
20275,Consumer,United States,VA,Richmond
18944,Consumer,United States,CT,Manchester
19851,Consumer,United States,MI,Troy
4566,Consumer,United States,CA,Victorville
14179,Consumer,United States,LA,New Orleans
13319,Consumer,United States,CA,Santa Clara
13511,Consumer,United States,DC,Washington
14751,Consumer,United States,TX,Weslaco
11172,Consumer,United States,NC,Greensboro
4451,Consumer,United States,CA,Salinas
12932,Consumer,United States,MA,Revere
14422,Consumer,United States,AZ,Phoenix
13204,Consumer,United States,CA,Indio
14904,Consumer,United States,CT,Enfield
735,Consumer,United States,MO,Saint Peters
16323,Consumer,United States,TX,Garland
16526,Consumer,United States,NY,Brooklyn
19217,Consumer,United States,GA,Augusta
18409,Consumer,United States,NJ,Union City
18281,Consumer,United States,CA,Los Angeles
20469,Consumer,United States,IL,Palatine
652,Consumer,United States,GA,Alpharetta
7252,Consumer,United States,NJ,Freehold
14361,Consumer,United States,CA,Moreno Valley
13396,Consumer,United States,MA,New Bedford
13411,Consumer,United States,MI,Saginaw
14892,Consumer,United States,PA,York
13729,Consumer,United States,MA,Methuen
4371,Consumer,United States,MO,Saint Charles
13783,Consumer,United States,CA,Hayward
13691,Consumer,United States,NY,New York
13781,Consumer,United States,OH,Mentor
13707,Consumer,United States,CA,Simi Valley
17526,Corporate,Puerto Rico,PR,Caguas
14180,Corporate,Puerto Rico,PR,Caguas
12653,Corporate,Puerto Rico,PR,Caguas
11873,Corporate,Puerto Rico,PR,Caguas
20468,Corporate,Puerto Rico,PR,Caguas
17751,Corporate,Puerto Rico,PR,Caguas
16174,Corporate,Puerto Rico,PR,Caguas
9288,Corporate,Puerto Rico,PR,Caguas
13414,Corporate,Puerto Rico,PR,Caguas
13349,Corporate,Puerto Rico,PR,Caguas
3729,Corporate,Puerto Rico,PR,Caguas
15048,Corporate,Puerto Rico,PR,Caguas
121,Corporate,Puerto Rico,PR,Caguas
11986,Corporate,Puerto Rico,PR,Caguas
18001,Corporate,Puerto Rico,PR,Caguas
15970,Corporate,Puerto Rico,PR,Caguas
1384,Corporate,Puerto Rico,PR,Caguas
17781,Corporate,Puerto Rico,PR,Caguas
17032,Corporate,Puerto Rico,PR,Caguas
18728,Corporate,Puerto Rico,PR,Caguas
6332,Consumer,United States,CA,West Covina
18088,Consumer,United States,CA,El Centro
16477,Consumer,United States,WI,Madison
15697,Consumer,United States,CA,Vacaville
20597,Consumer,United States,NY,Huntington Station
5611,Consumer,United States,VA,Virginia Beach
16154,Consumer,United States,NV,Las Vegas
4189,Consumer,United States,CA,Los Angeles
14580,Consumer,United States,LA,Kenner
20010,Consumer,United States,CA,San Francisco
13454,Corporate,United States,LA,Metairie
13495,Corporate,United States,FL,Jacksonville
11918,Corporate,United States,NY,Brooklyn
19094,Corporate,United States,RI,Pawtucket
15965,Corporate,United States,NY,Endicott
8601,Corporate,United States,FL,Lutz
15651,Corporate,United States,TX,El Paso
16314,Corporate,United States,FL,Orlando
14620,Corporate,United States,CA,Hollister
14034,Corporate,United States,NY,Rego Park
13608,Corporate,United States,IL,Waukegan
12655,Corporate,United States,CO,Denver
12944,Corporate,United States,CA,Rancho Cordova
16597,Corporate,United States,IL,Chicago
15408,Corporate,United States,TN,Memphis
2340,Corporate,United States,CO,Greeley
14357,Corporate,United States,CO,Longmont
13099,Corporate,United States,CA,Pacoima
13570,Corporate,United States,CA,San Jose
13673,Corporate,United States,TX,Houston
3950,Home Office,United States,PA,York
19767,Corporate,United States,NY,Flushing
19760,Home Office,Puerto Rico,PR,Bayamon
19755,Home Office,United States,AZ,Phoenix
19748,Home Office,United States,MI,Dearborn
19744,Corporate,Puerto Rico,PR,Caguas
19737,Home Office,United States,KY,Louisville
19714,Corporate,Puerto Rico,PR,Caguas
19688,Home Office,United States,MA,Lynn
19664,Corporate,United States,OH,Middletown
19647,Home Office,United States,MD,Hyattsville
19617,Home Office,United States,NJ,Princeton
19599,Consumer,Puerto Rico,PR,Caguas
19587,Consumer,United States,CA,Oceanside
19540,Consumer,United States,OH,Strongsville
19515,Consumer,Puerto Rico,PR,Caguas
19494,Consumer,United States,TX,Amarillo
17020,Corporate,United States,AZ,Tempe
17013,Corporate,Puerto Rico,PR,Caguas
17005,Corporate,United States,GA,Smyrna
16996,Consumer,Puerto Rico,PR,Guayama
16990,Consumer,United States,MI,Saginaw
16984,Consumer,United States,FL,Hialeah
16925,Consumer,United States,MA,Dorchester Center
16917,Consumer,United States,PA,Doylestown
16859,Consumer,United States,CA,Panorama City
16841,Corporate,United States,MD,Gaithersburg
16813,Corporate,United States,TN,Murfreesboro
16798,Consumer,United States,GA,Roswell
16776,Consumer,Puerto Rico,PR,Caguas
9081,Home Office,United States,IL,Chicago
11813,Corporate,Puerto Rico,PR,Caguas
14501,Consumer,Puerto Rico,PR,Caguas
10107,Consumer,Puerto Rico,PR,Caguas
12887,Corporate,United States,NC,Asheboro
18039,Corporate,United States,NY,North Tonawanda
19137,Corporate,United States,UT,Clearfield
19136,Corporate,United States,CA,North Hills
19131,Corporate,United States,NY,Yonkers
15928,Corporate,United States,CA,Campbell
18029,Corporate,United States,AZ,Glendale
8344,Consumer,United States,NM,Santa Fe
20154,Home Office,United States,NY,Brooklyn
16556,Home Office,United States,TN,Cordova
18790,Home Office,United States,CA,Pico Rivera
13222,Home Office,United States,IL,Chicago
10710,Home Office,United States,IL,Bartlett
14978,Home Office,United States,TN,Memphis
13074,Consumer,United States,NJ,Bridgeton
13046,Consumer,United States,NY,New York
13758,Consumer,United States,TN,Memphis
12277,Consumer,United States,CA,Pacoima
12649,Consumer,United States,CT,Enfield
12736,Consumer,United States,TX,Plano
15085,Consumer,United States,OH,Sandusky
11298,Consumer,United States,VA,Henrico
6814,Consumer,United States,IL,Chicago
17335,Consumer,United States,CA,Temecula
17913,Consumer,United States,WI,Sheboygan
17207,Consumer,United States,CA,Norwalk
19944,Consumer,United States,PA,Doylestown
13553,Corporate,Puerto Rico,PR,Caguas
17903,Corporate,Puerto Rico,PR,Caguas
13662,Corporate,Puerto Rico,PR,Caguas
9355,Corporate,Puerto Rico,PR,Caguas
16117,Corporate,Puerto Rico,PR,Caguas
12658,Corporate,United States,IL,Carol Stream
14962,Corporate,United States,WA,Seattle
15946,Corporate,United States,CA,San Jose
16352,Corporate,United States,VA,Chesapeake
17663,Corporate,United States,NV,Las Vegas
14644,Corporate,United States,NM,Albuquerque
14305,Corporate,United States,SC,Summerville
13458,Corporate,United States,UT,Ogden
13207,Corporate,United States,RI,Pawtucket
19192,Corporate,United States,NY,Brooklyn
18771,Corporate,United States,OH,Elyria
16591,Corporate,United States,CA,Westminster
19157,Corporate,United States,AZ,Tempe
18418,Corporate,United States,GA,Augusta
1026,Home Office,United States,CA,Ontario
13381,Consumer,United States,CA,Indio
14484,Consumer,United States,NC,Greensboro
13380,Consumer,United States,MI,Wyoming
13416,Consumer,United States,CA,San Jose
13325,Consumer,United States,CA,San Marcos
13377,Consumer,United States,CA,Modesto
14321,Consumer,United States,SC,Columbia
14550,Consumer,United States,CA,Los Angeles
13512,Consumer,United States,TX,Fort Worth
13749,Consumer,United States,TN,Antioch
14012,Consumer,United States,CA,San Diego
12785,Consumer,United States,MO,Florissant
14866,Consumer,United States,TX,Dallas
14739,Consumer,United States,IL,Chicago
13901,Consumer,United States,NJ,Wayne
13899,Consumer,United States,FL,Tampa
13862,Consumer,United States,CA,Long Beach
12682,Consumer,United States,IL,Oak Lawn
12934,Consumer,United States,IL,Chicago
15135,Consumer,United States,OH,Fairfield
14185,Consumer,United States,OH,Cincinnati
13838,Consumer,United States,TX,Dallas
13793,Consumer,United States,CA,Stockton
12885,Consumer,United States,OH,Columbus
9997,Consumer,United States,TX,Irving
13263,Corporate,United States,NY,New York
13493,Corporate,United States,CA,Hayward
13774,Corporate,United States,AR,Conway
13413,Corporate,United States,CA,Garden Grove
12809,Corporate,United States,NJ,Union City
13723,Corporate,United States,MA,Methuen
12946,Corporate,United States,FL,Hialeah
15988,Corporate,United States,CA,La Mesa
17705,Corporate,United States,CA,Anaheim
15219,Corporate,United States,OH,Middletown
18243,Corporate,United States,IL,Pekin
16019,Corporate,United States,CA,Goleta
17500,Corporate,United States,CA,Los Angeles
19843,Corporate,United States,CT,Bristol
15714,Corporate,United States,NY,Brooklyn
20674,Corporate,United States,CA,Pico Rivera
17516,Corporate,United States,PA,Philadelphia
17986,Corporate,United States,NY,Brooklyn
15993,Corporate,United States,NV,Las Vegas
19018,Corporate,United States,MO,Ballwin
19965,Corporate,United States,MD,Potomac
16178,Corporate,United States,CA,Cupertino
18108,Corporate,United States,NV,Las Vegas
3491,Consumer,United States,CA,San Diego
12924,Consumer,United States,CA,San Francisco
17622,Consumer,United States,TX,San Marcos
18225,Consumer,United States,CA,Gilroy
16551,Consumer,United States,IL,Chicago
19182,Consumer,United States,NY,Brooklyn
15791,Consumer,United States,LA,New Orleans
15706,Consumer,United States,CA,National City
18426,Consumer,United States,CA,San Bernardino
16018,Consumer,United States,NY,New York
17320,Consumer,United States,NY,Endicott
20544,Consumer,United States,NY,New York
15518,Consumer,United States,MO,Saint Charles
17547,Consumer,United States,MD,Cumberland
17242,Consumer,United States,IL,Des Plaines
20309,Consumer,United States,AZ,Tempe
19794,Consumer,United States,HI,Mililani
12635,Corporate,Puerto Rico,PR,Caguas
13455,Corporate,Puerto Rico,PR,Caguas
13210,Corporate,Puerto Rico,PR,Caguas
12505,Corporate,Puerto Rico,PR,Caguas
14967,Corporate,Puerto Rico,PR,Caguas
15713,Corporate,Puerto Rico,PR,Caguas
17270,Corporate,Puerto Rico,PR,Caguas
18003,Corporate,Puerto Rico,PR,Caguas
15677,Corporate,Puerto Rico,PR,Caguas
15615,Corporate,Puerto Rico,PR,Caguas
15486,Corporate,Puerto Rico,PR,Caguas
17209,Corporate,Puerto Rico,PR,Caguas
18531,Corporate,Puerto Rico,PR,Caguas
16161,Corporate,Puerto Rico,PR,Caguas
15200,Corporate,Puerto Rico,PR,Caguas
14987,Corporate,Puerto Rico,PR,Caguas
17520,Corporate,Puerto Rico,PR,Caguas
19103,Corporate,Puerto Rico,PR,Caguas
18486,Corporate,Puerto Rico,PR,Caguas
19040,Consumer,United States,HI,Honolulu
19272,Consumer,United States,NJ,West Orange
15795,Consumer,United States,CA,Los Angeles
20390,Consumer,United States,IL,Tinley Park
20580,Consumer,United States,TX,Austin
16028,Consumer,United States,KY,Richmond
15389,Consumer,United States,OR,Albany
15494,Consumer,United States,CA,El Centro
15437,Consumer,United States,CA,Compton
18910,Consumer,United States,CA,Bakersfield
16168,Consumer,United States,GA,Norcross
17187,Consumer,United States,CA,Tustin
16147,Consumer,United States,TX,Fort Worth
20040,Consumer,United States,CA,San Francisco
15244,Consumer,United States,TN,Memphis
19029,Consumer,United States,NY,Bronx
20176,Consumer,United States,CA,Oceanside
16282,Consumer,United States,CA,Ontario
17069,Consumer,United States,NY,Brentwood
19884,Consumer,United States,CA,Placentia
14933,Home Office,United States,TX,Mesquite
20586,Home Office,United States,CA,Merced
20484,Home Office,United States,OH,Middletown
13705,Home Office,United States,CA,Santa Ana
632,Home Office,United States,TX,Grand Prairie
14533,Home Office,United States,GA,Atlanta
14171,Home Office,United States,PA,Carlisle
13640,Home Office,United States,IL,Berwyn
15099,Consumer,United States,CA,San Diego
14506,Consumer,United States,WI,La Crosse
13137,Consumer,United States,CA,Hollister
14725,Consumer,United States,OH,Hilliard
15334,Consumer,United States,CA,Victorville
20030,Consumer,United States,IL,Plainfield
13390,Consumer,United States,TX,Richmond
13421,Consumer,United States,IN,Richmond
20168,Consumer,United States,GA,Smyrna
15198,Consumer,United States,OH,Cleveland
17407,Consumer,United States,PA,Carlisle
20134,Consumer,United States,TX,Garland
14699,Consumer,United States,MD,Parkville
14662,Consumer,United States,AZ,Phoenix
13752,Consumer,United States,TX,Houston
12845,Consumer,United States,NC,Greensboro
14318,Consumer,United States,NY,Bronx
12796,Consumer,United States,SC,Summerville
12842,Consumer,United States,NC,Asheboro
13873,Corporate,Puerto Rico,PR,Caguas
12952,Corporate,Puerto Rico,PR,Caguas
18457,Corporate,Puerto Rico,PR,Caguas
20222,Corporate,Puerto Rico,PR,Caguas
19279,Corporate,Puerto Rico,PR,Caguas
772,Corporate,Puerto Rico,PR,Caguas
8139,Consumer,United States,FL,Apopka
11070,Corporate,Puerto Rico,PR,Caguas
6041,Corporate,Puerto Rico,PR,Caguas
3830,Corporate,Puerto Rico,PR,Caguas
8268,Corporate,Puerto Rico,PR,Caguas
9492,Corporate,Puerto Rico,PR,Caguas
398,Corporate,Puerto Rico,PR,Caguas
5096,Corporate,Puerto Rico,PR,Caguas
9158,Corporate,Puerto Rico,PR,Caguas
8565,Corporate,Puerto Rico,PR,Caguas
12167,Corporate,Puerto Rico,PR,Caguas
8363,Corporate,Puerto Rico,PR,Caguas
14374,Corporate,Puerto Rico,PR,Caguas
13626,Corporate,Puerto Rico,PR,Caguas
10773,Corporate,Puerto Rico,PR,Caguas
5943,Corporate,Puerto Rico,PR,Caguas
7918,Corporate,Puerto Rico,PR,Caguas
15061,Corporate,Puerto Rico,PR,Caguas
556,Corporate,Puerto Rico,PR,Caguas
11582,Corporate,Puerto Rico,PR,Caguas
12132,Corporate,Puerto Rico,PR,Caguas
5697,Corporate,Puerto Rico,PR,Caguas
5805,Corporate,Puerto Rico,PR,Caguas
12516,Corporate,Puerto Rico,PR,Caguas
12443,Corporate,Puerto Rico,PR,Caguas
13498,Corporate,Puerto Rico,PR,Caguas
1844,Corporate,Puerto Rico,PR,Caguas
8649,Corporate,Puerto Rico,PR,Caguas
3423,Corporate,Puerto Rico,PR,Caguas
3883,Corporate,Puerto Rico,PR,Caguas
7230,Corporate,Puerto Rico,PR,Caguas
5044,Corporate,Puerto Rico,PR,Caguas
10287,Corporate,Puerto Rico,PR,Caguas
5581,Corporate,Puerto Rico,PR,Caguas
11370,Corporate,Puerto Rico,PR,Caguas
7669,Corporate,Puerto Rico,PR,Caguas
8450,Corporate,Puerto Rico,PR,Caguas
8101,Corporate,Puerto Rico,PR,Caguas
19148,Corporate,Puerto Rico,PR,Caguas
7696,Corporate,Puerto Rico,PR,Caguas
15594,Corporate,Puerto Rico,PR,Caguas
4987,Corporate,Puerto Rico,PR,Caguas
11893,Corporate,Puerto Rico,PR,Caguas
5959,Corporate,Puerto Rico,PR,Caguas
2813,Consumer,Puerto Rico,PR,Caguas
2152,Consumer,Puerto Rico,PR,Caguas
4910,Consumer,Puerto Rico,PR,Caguas
15645,Consumer,Puerto Rico,PR,Caguas
19968,Consumer,Puerto Rico,PR,Caguas
8085,Consumer,Puerto Rico,PR,Caguas
3162,Consumer,Puerto Rico,PR,Caguas
6157,Consumer,Puerto Rico,PR,Caguas
8926,Consumer,Puerto Rico,PR,Caguas
8249,Consumer,Puerto Rico,PR,Caguas
1873,Consumer,Puerto Rico,PR,Caguas
9699,Consumer,Puerto Rico,PR,Caguas
4080,Consumer,Puerto Rico,PR,Caguas
1149,Consumer,Puerto Rico,PR,Caguas
13893,Consumer,Puerto Rico,PR,Caguas
647,Consumer,Puerto Rico,PR,Caguas
7132,Consumer,Puerto Rico,PR,Caguas
3838,Consumer,Puerto Rico,PR,Caguas
882,Consumer,Puerto Rico,PR,Caguas
3904,Consumer,Puerto Rico,PR,Caguas
15030,Consumer,Puerto Rico,PR,Guaynabo
9749,Consumer,Puerto Rico,PR,Caguas
12001,Consumer,Puerto Rico,PR,Caguas
4186,Consumer,Puerto Rico,PR,Caguas
11728,Consumer,Puerto Rico,PR,Caguas
3241,Consumer,Puerto Rico,PR,Caguas
18066,Consumer,Puerto Rico,PR,Caguas
11811,Consumer,Puerto Rico,PR,Caguas
2140,Consumer,Puerto Rico,PR,Caguas
3237,Consumer,Puerto Rico,PR,Caguas
8397,Consumer,Puerto Rico,PR,Caguas
8845,Consumer,Puerto Rico,PR,San Juan
9325,Consumer,Puerto Rico,PR,Caguas
11,Consumer,Puerto Rico,PR,Caguas
10495,Consumer,Puerto Rico,PR,Caguas
3323,Consumer,Puerto Rico,PR,Caguas
7998,Consumer,Puerto Rico,PR,Caguas
3067,Consumer,Puerto Rico,PR,Caguas
4581,Consumer,Puerto Rico,PR,Caguas
6282,Consumer,Puerto Rico,PR,Caguas
4309,Consumer,Puerto Rico,PR,Caguas
12317,Consumer,Puerto Rico,PR,Caguas
13311,Consumer,Puerto Rico,PR,Caguas
13251,Consumer,Puerto Rico,PR,Caguas
14660,Consumer,Puerto Rico,PR,Caguas
14359,Consumer,Puerto Rico,PR,Caguas
13045,Consumer,Puerto Rico,PR,Caguas
1273,Consumer,Puerto Rico,PR,Caguas
5284,Consumer,Puerto Rico,PR,Caguas
8736,Consumer,Puerto Rico,PR,Caguas
13677,Consumer,Puerto Rico,PR,Caguas
5924,Consumer,Puerto Rico,PR,Caguas
927,Consumer,Puerto Rico,PR,Caguas
10953,Consumer,Puerto Rico,PR,Caguas
5789,Consumer,Puerto Rico,PR,Caguas
98,Consumer,Puerto Rico,PR,Caguas
5049,Consumer,Puerto Rico,PR,Caguas
9911,Consumer,Puerto Rico,PR,Caguas
14828,Consumer,Puerto Rico,PR,Caguas
13971,Consumer,Puerto Rico,PR,Caguas
3342,Consumer,Puerto Rico,PR,Rio Grande
548,Consumer,Puerto Rico,PR,Caguas
6334,Consumer,Puerto Rico,PR,Caguas
197,Consumer,Puerto Rico,PR,Caguas
8776,Consumer,Puerto Rico,PR,Caguas
607,Consumer,Puerto Rico,PR,Caguas
11865,Consumer,Puerto Rico,PR,San Sebastian
15136,Consumer,Puerto Rico,PR,Caguas
1900,Consumer,Puerto Rico,PR,Caguas
3476,Consumer,Puerto Rico,PR,Caguas
11036,Consumer,Puerto Rico,PR,Caguas
313,Consumer,Puerto Rico,PR,Caguas
8253,Consumer,Puerto Rico,PR,Caguas
5992,Consumer,Puerto Rico,PR,Caguas
11786,Consumer,Puerto Rico,PR,Caguas
8889,Consumer,Puerto Rico,PR,Caguas
8168,Consumer,Puerto Rico,PR,Caguas
10477,Consumer,Puerto Rico,PR,Caguas
5537,Consumer,Puerto Rico,PR,Caguas
8816,Consumer,Puerto Rico,PR,Caguas
10284,Consumer,Puerto Rico,PR,Caguas
5542,Consumer,Puerto Rico,PR,Caguas
16396,Consumer,Puerto Rico,PR,Caguas
6599,Consumer,Puerto Rico,PR,Caguas
17340,Consumer,Puerto Rico,PR,Bayamon
10519,Consumer,Puerto Rico,PR,Caguas
1425,Consumer,Puerto Rico,PR,Caguas
18397,Consumer,Puerto Rico,PR,San Juan
3036,Consumer,Puerto Rico,PR,Caguas
17330,Consumer,Puerto Rico,PR,Caguas
18357,Consumer,Puerto Rico,PR,Caguas
7097,Consumer,Puerto Rico,PR,Caguas
9455,Consumer,United States,CA,El Monte
4580,Consumer,United States,NY,Astoria
4776,Consumer,United States,NC,Chapel Hill
11749,Consumer,United States,NY,Troy
6551,Consumer,United States,CA,Fresno
317,Consumer,United States,NJ,Wayne
6200,Consumer,United States,WA,Seattle
2532,Consumer,United States,TX,Carrollton
8444,Consumer,United States,FL,Hollywood
4,Consumer,United States,CA,San Marcos
12334,Consumer,United States,CA,Lancaster
6701,Consumer,United States,NY,Endicott
8532,Consumer,United States,NY,South Richmond Hill
10596,Consumer,United States,CT,Milford
1085,Consumer,United States,KY,Frankfort
9459,Consumer,United States,CA,San Francisco
4960,Consumer,United States,OR,Roseburg
5760,Consumer,United States,FL,Pompano Beach
9225,Consumer,United States,CA,San Diego
6308,Consumer,United States,CA,Huntington Beach
8718,Consumer,United States,WA,Seattle
761,Consumer,United States,CA,Sunnyvale
3529,Consumer,United States,NY,Endicott
3376,Consumer,United States,NY,Tonawanda
6577,Consumer,United States,VA,Stafford
8669,Consumer,United States,NY,Astoria
9338,Consumer,United States,CA,Canoga Park
4484,Consumer,United States,GA,Powder Springs
4674,Consumer,United States,NY,Jamaica
4175,Consumer,United States,MI,Westland
10942,Consumer,United States,TX,Brownsville
11214,Consumer,United States,CA,Santa Ana
4245,Consumer,United States,TN,Columbia
1532,Consumer,United States,CA,Fresno
3110,Consumer,United States,PA,Irwin
8726,Consumer,United States,NJ,New Brunswick
4336,Consumer,United States,CA,Azusa
8170,Consumer,United States,NV,Henderson
4023,Consumer,United States,TX,Round Rock
1901,Consumer,United States,IL,Chicago
1501,Consumer,United States,IL,Elmhurst
2617,Consumer,United States,CA,Santa Ana
6168,Consumer,United States,TX,Pharr
5119,Consumer,United States,CA,San Diego
5443,Consumer,United States,CO,Greeley
3180,Consumer,United States,CA,Riverside
336,Consumer,United States,NY,New York
9580,Consumer,United States,NV,Las Vegas
10376,Consumer,United States,AZ,Yuma
4112,Consumer,United States,OH,Elyria
8799,Consumer,United States,CA,Stockton
10094,Consumer,United States,CA,Fremont
3961,Consumer,United States,AZ,Chandler
9146,Consumer,United States,IL,Wheaton
2081,Consumer,United States,NM,Rio Rancho
6064,Consumer,United States,CA,South El Monte
4079,Consumer,United States,NY,Tonawanda
6947,Consumer,United States,CA,Los Angeles
2170,Consumer,United States,MI,Troy
9107,Consumer,United States,CA,Los Angeles
4829,Consumer,United States,CA,Sunnyvale
5233,Consumer,United States,TX,Houston
355,Consumer,United States,CA,Carmichael
6615,Consumer,United States,KS,Olathe
9172,Consumer,United States,CA,Chino Hills
1611,Consumer,United States,CA,Bakersfield
6652,Consumer,United States,CA,San Jose
12410,Consumer,United States,OH,Sandusky
8115,Consumer,United States,CA,Cupertino
3044,Consumer,United States,CO,Colorado Springs
7777,Consumer,United States,CA,Rowland Heights
10581,Consumer,United States,AZ,Phoenix
801,Consumer,United States,CA,Vista
10799,Consumer,United States,MA,Brockton
2719,Consumer,United States,CA,Palmdale
8177,Consumer,United States,AZ,Phoenix
1255,Consumer,United States,NY,New York
9809,Consumer,United States,MD,Parkville
8171,Consumer,United States,CA,Temecula
10020,Consumer,United States,AZ,Phoenix
3569,Consumer,United States,UT,West Jordan
11778,Consumer,United States,CA,San Diego
421,Consumer,United States,CA,San Ramon
4704,Consumer,United States,NY,Freeport
4854,Consumer,United States,NY,Brooklyn
627,Consumer,United States,HI,Honolulu
512,Consumer,United States,CA,Fremont
8107,Consumer,United States,CO,Denver
4208,Consumer,United States,GA,Atlanta
2121,Consumer,United States,VA,Virginia Beach
9824,Consumer,United States,HI,Ewa Beach
7974,Consumer,United States,MD,Baltimore
6751,Consumer,United States,CA,Los Angeles
4096,Consumer,United States,NY,Brooklyn
8854,Consumer,United States,VA,Blacksburg
4609,Consumer,United States,CA,Los Angeles
1685,Consumer,United States,IL,Chicago
4106,Consumer,United States,CA,North Hills
1814,Consumer,United States,DE,Newark
5481,Consumer,United States,AZ,Scottsdale
687,Consumer,United States,CA,Garden Grove
4592,Consumer,United States,IL,Bartlett
5712,Consumer,United States,AZ,Chandler
3377,Consumer,United States,SC,Columbia
10059,Consumer,United States,FL,Orange Park
11574,Consumer,United States,MO,Saint Louis
9675,Consumer,United States,CA,Mission Viejo
3543,Consumer,United States,CA,Reseda
10251,Consumer,United States,DC,Washington
7342,Consumer,United States,CO,Greeley
6768,Consumer,United States,CA,Laguna Hills
2867,Consumer,United States,CA,Van Nuys
10247,Consumer,United States,GA,Lilburn
7712,Consumer,United States,NY,Ridgewood
6438,Consumer,United States,OH,Cincinnati
3177,Consumer,United States,NJ,Irvington
5616,Consumer,United States,CA,Oxnard
5048,Consumer,United States,NY,Buffalo
10436,Consumer,United States,NY,New York
3813,Consumer,United States,NY,Brooklyn
4133,Consumer,United States,CA,Los Angeles
5794,Consumer,United States,PA,Philadelphia
10987,Consumer,United States,CA,Escondido
1930,Consumer,United States,MN,Saint Paul
2223,Consumer,United States,VA,Virginia Beach
9955,Consumer,United States,AZ,Chandler
373,Consumer,United States,NJ,Union City
6279,Consumer,United States,FL,Miami
10756,Consumer,United States,MD,Silver Spring
8393,Consumer,United States,VA,Richmond
10484,Corporate,United States,IL,Aurora
11367,Consumer,Puerto Rico,PR,Caguas
9350,Corporate,United States,OH,Chillicothe
11678,Home Office,Puerto Rico,PR,Caguas
3626,Corporate,United States,CA,Oceanside
5041,Corporate,United States,OH,Massillon
5382,Home Office,Puerto Rico,PR,Caguas
7697,Corporate,United States,NY,New York
5442,Home Office,United States,IL,Chicago
7774,Home Office,Puerto Rico,PR,Caguas
4200,Corporate,United States,OR,Eugene
1937,Corporate,United States,TX,El Paso
10508,Corporate,United States,CA,Los Angeles
7586,Consumer,United States,CA,La Mirada
5903,Consumer,United States,TN,Antioch
7415,Consumer,Puerto Rico,PR,Caguas
7986,Home Office,United States,IL,Chicago
5954,Consumer,Puerto Rico,PR,Caguas
1687,Home Office,Puerto Rico,PR,Caguas
6970,Corporate,United States,OH,Strongsville
9231,Corporate,United States,CA,Mission Viejo
7227,Consumer,Puerto Rico,PR,Caguas
11888,Corporate,United States,CA,Fullerton
2913,Home Office,United States,NM,Las Cruces
10428,Consumer,Puerto Rico,PR,Caguas
7634,Consumer,United States,KS,Wichita
3082,Home Office,United States,MO,Saint Charles
8316,Home Office,United States,GA,Augusta
10219,Corporate,United States,CA,Cypress
7940,Consumer,Puerto Rico,PR,Caguas
11999,Consumer,Puerto Rico,PR,Caguas
9756,Corporate,United States,TX,Dallas
452,Home Office,Puerto Rico,PR,Caguas
3951,Consumer,Puerto Rico,PR,Caguas
6331,Consumer,Puerto Rico,PR,Caguas
1918,Home Office,United States,CA,Santee
1598,Consumer,United States,NY,Rego Park
10662,Home Office,United States,CA,Sunnyvale
887,Home Office,United States,CA,Reseda
8639,Consumer,Puerto Rico,PR,Caguas
11262,Consumer,United States,CA,Long Beach
1001,Corporate,Puerto Rico,PR,Caguas
9496,Corporate,United States,MD,Parkville
7590,Home Office,United States,CA,Los Angeles
3383,Home Office,United States,NY,Brooklyn
11480,Home Office,United States,OR,Beaverton
6579,Consumer,Puerto Rico,PR,Caguas
4886,Corporate,United States,NJ,Newark
4109,Home Office,United States,MD,Baltimore
10469,Consumer,United States,CA,Los Angeles
10006,Corporate,Puerto Rico,PR,Caguas
6669,Corporate,United States,CA,Los Angeles
12160,Home Office,Puerto Rico,PR,Caguas
2738,Consumer,United States,AZ,Phoenix
2110,Consumer,United States,CA,Fullerton
8717,Home Office,United States,CA,Granada Hills
5281,Home Office,United States,IL,Chicago
2452,Corporate,United States,NM,Santa Fe
10192,Home Office,United States,IL,Chicago
3408,Consumer,Puerto Rico,PR,Caguas
4246,Consumer,Puerto Rico,PR,Caguas
1134,Corporate,United States,CA,San Jose
5641,Consumer,Puerto Rico,PR,Caguas
5846,Corporate,Puerto Rico,PR,Caguas
8078,Corporate,United States,NY,Brooklyn
4168,Corporate,United States,TX,Weslaco
10349,Consumer,United States,CA,Riverside
686,Home Office,United States,CA,North Hollywood
5361,Consumer,Puerto Rico,PR,Caguas
3198,Consumer,Puerto Rico,PR,Caguas
8355,Corporate,United States,CA,Lake Forest
10823,Consumer,United States,MI,Hamtramck
1178,Consumer,United States,FL,Hialeah
2851,Home Office,Puerto Rico,PR,Caguas
9704,Home Office,Puerto Rico,PR,Caguas
10043,Consumer,United States,OH,Columbus
6186,Corporate,United States,NY,Bronx
1781,Consumer,United States,CA,Napa
7318,Corporate,United States,TN,Memphis
11281,Home Office,Puerto Rico,PR,Caguas
7028,Corporate,Puerto Rico,PR,Caguas
8752,Home Office,United States,CA,Oceanside
7889,Home Office,United States,HI,Kaneohe
3415,Home Office,United States,CA,Daly City
1126,Consumer,United States,NY,New York
16083,Consumer,United States,MD,Cumberland
15455,Consumer,United States,NJ,Morristown
15668,Consumer,United States,CA,Rancho Cucamonga
20052,Consumer,United States,IN,Michigan City
19039,Consumer,United States,IL,Elgin
9725,Consumer,United States,MO,O Fallon
17306,Consumer,United States,KY,Bowling Green
17993,Consumer,United States,CA,Los Angeles
4621,Consumer,United States,MD,Germantown
9408,Consumer,United States,IL,Chicago
11535,Consumer,United States,MI,Ypsilanti
15399,Consumer,United States,CA,Los Angeles
15361,Consumer,United States,TX,Houston
3885,Consumer,United States,CA,Palo Alto
15177,Consumer,United States,CA,Long Beach
18989,Consumer,United States,FL,Fort Lauderdale
20265,Consumer,United States,CA,Moreno Valley
16021,Consumer,United States,IL,Chicago
4483,Consumer,United States,MD,Baltimore
8038,Consumer,United States,TX,Denton
3531,Consumer,United States,CO,Aurora
1462,Consumer,United States,CA,Los Angeles
3282,Consumer,United States,TX,Dallas
9095,Consumer,United States,IL,Chicago
6047,Consumer,United States,CA,Garden Grove
2573,Consumer,United States,FL,Winter Park
6364,Consumer,United States,CA,San Bernardino
4545,Consumer,United States,NV,Henderson
7057,Consumer,United States,CA,Carson
10974,Consumer,United States,NJ,Clementon
2972,Consumer,United States,TN,Memphis
7926,Consumer,United States,NY,Freeport
7895,Consumer,United States,CT,Milford
3154,Consumer,United States,IL,Chicago
6567,Consumer,United States,CA,Fontana
8988,Consumer,United States,IL,Pekin
234,Consumer,United States,FL,Miami
11181,Consumer,United States,NY,Bronx
10320,Consumer,United States,FL,Hialeah
9776,Consumer,United States,NY,Endicott
8551,Corporate,United States,CA,Los Angeles
6746,Home Office,Puerto Rico,PR,Caguas
4660,Consumer,United States,NY,New York
8689,Corporate,Puerto Rico,PR,Caguas
8035,Corporate,United States,CA,Pacoima
7931,Corporate,United States,MD,Glen Burnie
11457,Corporate,United States,TX,San Benito
2296,Corporate,United States,AZ,Phoenix
5747,Home Office,United States,TX,San Benito
1677,Home Office,Puerto Rico,PR,Caguas
7917,Consumer,United States,TX,Dallas
12141,Corporate,United States,IL,Chicago
6159,Consumer,Puerto Rico,PR,Caguas
1133,Corporate,United States,CA,Oxnard
11557,Consumer,Puerto Rico,PR,Caguas
4238,Home Office,Puerto Rico,PR,Caguas
1056,Home Office,Puerto Rico,PR,Caguas
9949,Home Office,United States,TX,El Paso
3196,Home Office,Puerto Rico,PR,Caguas
8196,Consumer,United States,TX,Eagle Pass
4119,Corporate,United States,CA,Santa Ana
3850,Corporate,United States,TX,El Paso
2293,Corporate,Puerto Rico,PR,Caguas
3731,Corporate,Puerto Rico,PR,Caguas
6057,Consumer,United States,NY,Brooklyn
4739,Home Office,Puerto Rico,PR,Bayamon
5277,Consumer,Puerto Rico,PR,Caguas
653,Consumer,Puerto Rico,PR,Caguas
11215,Consumer,United States,MD,Gwynn Oak
2355,Home Office,United States,TX,Katy
8572,Consumer,Puerto Rico,PR,Caguas
242,Corporate,United States,HI,Mililani
667,Corporate,Puerto Rico,PR,Caguas
4366,Home Office,Puerto Rico,PR,Caguas
9048,Home Office,United States,CA,Stockton
4257,Home Office,Puerto Rico,PR,Caguas
4166,Consumer,Puerto Rico,PR,Caguas
7107,Home Office,Puerto Rico,PR,Caguas
5783,Consumer,United States,IN,Indianapolis
4261,Home Office,United States,MI,Canton
9597,Home Office,Puerto Rico,PR,Caguas
5419,Corporate,Puerto Rico,PR,Caguas
11087,Corporate,United States,KS,Wichita
7466,Consumer,Puerto Rico,PR,Caguas
8820,Home Office,United States,CA,San Jose
908,Corporate,Puerto Rico,PR,Caguas
615,Corporate,United States,TX,El Paso
5559,Corporate,United States,IL,Crystal Lake
5421,Consumer,Puerto Rico,PR,Caguas
9145,Corporate,United States,NY,Brooklyn
9093,Home Office,United States,OH,Hamilton
6445,Home Office,United States,OH,Strongsville
6212,Corporate,Puerto Rico,PR,Caguas
4501,Home Office,United States,CA,Watsonville
196,Home Office,United States,MI,Dearborn
802,Consumer,Puerto Rico,PR,Caguas
3170,Corporate,United States,VA,Woodbridge
10759,Home Office,Puerto Rico,PR,Caguas
11171,Consumer,Puerto Rico,PR,Caguas
7406,Consumer,United States,GA,Atlanta
7058,Consumer,Puerto Rico,PR,Caguas
1317,Consumer,United States,CA,Lake Forest
10726,Home Office,United States,WA,Kent
4494,Consumer,United States,FL,Orange Park
263,Consumer,Puerto Rico,PR,Caguas
5698,Corporate,United States,CA,Fremont
7447,Consumer,United States,CA,San Jose
10272,Consumer,Puerto Rico,PR,Caguas
5407,Home Office,Puerto Rico,PR,Caguas
2858,Corporate,Puerto Rico,PR,Caguas
9085,Corporate,Puerto Rico,PR,Caguas
9741,Corporate,Puerto Rico,PR,Caguas
6878,Corporate,Puerto Rico,PR,Caguas
9689,Corporate,Puerto Rico,PR,Caguas
7112,Home Office,Puerto Rico,PR,Caguas
10018,Home Office,Puerto Rico,PR,Caguas
18678,Home Office,Puerto Rico,PR,Caguas
11950,Home Office,Puerto Rico,PR,Caguas
20510,Home Office,Puerto Rico,PR,Caguas
17593,Home Office,Puerto Rico,PR,Caguas
16250,Home Office,Puerto Rico,PR,Caguas
10920,Home Office,Puerto Rico,PR,Caguas
8465,Home Office,Puerto Rico,PR,Caguas
2244,Home Office,Puerto Rico,PR,Caguas
8128,Home Office,Puerto Rico,PR,San Sebastian
16103,Home Office,Puerto Rico,PR,Caguas
9808,Home Office,Puerto Rico,PR,Caguas
6238,Home Office,Puerto Rico,PR,Caguas
6806,Home Office,Puerto Rico,PR,Caguas
63,Home Office,Puerto Rico,PR,Caguas
8821,Home Office,Puerto Rico,PR,Caguas
5412,Home Office,Puerto Rico,PR,Caguas
14889,Home Office,Puerto Rico,PR,Caguas
1601,Home Office,Puerto Rico,PR,Caguas
10166,Home Office,Puerto Rico,PR,Caguas
20151,Home Office,Puerto Rico,PR,Caguas
2924,Home Office,Puerto Rico,PR,Caguas
10300,Home Office,Puerto Rico,PR,Caguas
6611,Home Office,Puerto Rico,PR,Caguas
16536,Home Office,Puerto Rico,PR,Caguas
3944,Home Office,Puerto Rico,PR,Caguas
6675,Home Office,Puerto Rico,PR,Caguas
3358,Home Office,Puerto Rico,PR,Caguas
9349,Home Office,Puerto Rico,PR,Caguas
6961,Corporate,United States,CA,Costa Mesa
5811,Corporate,Puerto Rico,PR,Caguas
7733,Corporate,United States,CA,Hanford
10678,Corporate,United States,TX,Amarillo
10541,Corporate,Puerto Rico,PR,Caguas
3714,Consumer,United States,CA,Los Angeles
5182,Corporate,Puerto Rico,PR,Caguas
616,Corporate,United States,GA,Smyrna
8225,Home Office,United States,CA,Encinitas
824,Home Office,United States,MD,Hagerstown
5095,Corporate,United States,PA,Doylestown
5176,Consumer,United States,CA,Hayward
1266,Home Office,Puerto Rico,PR,Caguas
10125,Consumer,United States,CA,Fremont
584,Consumer,Puerto Rico,PR,Caguas
1000,Corporate,United States,NY,Freeport
240,Consumer,Puerto Rico,PR,Caguas
2885,Corporate,United States,NY,New York
10084,Consumer,Puerto Rico,PR,Caguas
11966,Consumer,Puerto Rico,PR,Caguas
7856,Consumer,United States,IL,Chicago
5391,Home Office,United States,GA,Roswell
9985,Consumer,United States,PA,Philadelphia
5872,Home Office,United States,RI,Woonsocket
3131,Corporate,United States,CA,Carlsbad
3957,Corporate,United States,MD,Cumberland
7465,Consumer,United States,NM,Albuquerque
1593,Consumer,United States,PA,Wilkes Barre
4463,Corporate,United States,CA,Fairfield
3607,Home Office,Puerto Rico,PR,Caguas
9032,Consumer,Puerto Rico,PR,Caguas
11264,Consumer,Puerto Rico,PR,Caguas
12309,Consumer,United States,IL,Chicago
5231,Consumer,United States,OR,Oregon City
1669,Consumer,United States,NY,New York
8230,Consumer,United States,PA,Carlisle
10402,Consumer,United States,CA,Fontana
4082,Corporate,Puerto Rico,PR,Caguas
9857,Consumer,Puerto Rico,PR,Caguas
5745,Corporate,United States,NY,Ridgewood
12063,Consumer,United States,TX,Fort Worth
7253,Consumer,United States,GA,Powder Springs
2200,Corporate,United States,TX,Fort Worth
7467,Home Office,United States,NY,Levittown
712,Consumer,Puerto Rico,PR,Vega Baja
11846,Home Office,Puerto Rico,PR,Caguas
10659,Consumer,United States,NJ,Newark
11114,Corporate,United States,OH,Columbus
4095,Consumer,Puerto Rico,PR,Caguas
3229,Home Office,United States,CA,Van Nuys
1253,Corporate,United States,CT,Enfield
4926,Corporate,United States,NY,Bronx
8903,Consumer,United States,MI,Ypsilanti
2103,Consumer,Puerto Rico,PR,Caguas
731,Home Office,United States,GA,Lilburn
8094,Consumer,United States,WI,Milwaukee
2917,Consumer,United States,CA,San Jose
7297,Consumer,United States,CA,Carmichael
8528,Consumer,Puerto Rico,PR,Caguas
6851,Consumer,United States,MI,Westland
1350,Consumer,Puerto Rico,PR,Guaynabo
2982,Home Office,Puerto Rico,PR,Caguas
11309,Home Office,United States,NY,Newburgh
1559,Consumer,United States,CO,Aurora
10077,Corporate,United States,NV,Las Vegas
3982,Home Office,United States,TX,Dallas
3244,Corporate,Puerto Rico,PR,Caguas
2928,Home Office,United States,MN,Saint Paul
9880,Home Office,United States,CA,Los Angeles
5078,Corporate,United States,PA,Philadelphia
270,Consumer,Puerto Rico,PR,Caguas
8648,Home Office,United States,CA,Visalia
5527,Corporate,United States,CA,Sacramento
9894,Consumer,United States,CA,Fresno
5094,Corporate,United States,NY,New York
9256,Corporate,United States,LA,New Orleans
9131,Consumer,United States,DE,New Castle
7714,Home Office,United States,TX,Houston
10641,Consumer,United States,TX,Irving
5769,Consumer,United States,TX,Mcallen
1188,Corporate,Puerto Rico,PR,Caguas
1541,Consumer,Puerto Rico,PR,Caguas
5598,Corporate,United States,TX,Houston
6593,Corporate,United States,FL,Miami
9552,Home Office,United States,NV,Las Vegas
7887,Corporate,United States,OH,Loveland
9289,Consumer,United States,HI,Honolulu
10806,Corporate,United States,CA,Fremont
12042,Consumer,Puerto Rico,PR,Caguas
3327,Consumer,Puerto Rico,PR,Caguas
6154,Corporate,United States,FL,Miami
3414,Home Office,Puerto Rico,PR,Caguas
14336,Home Office,Puerto Rico,PR,Caguas
14007,Home Office,Puerto Rico,PR,Caguas
10217,Home Office,Puerto Rico,PR,Caguas
6918,Home Office,Puerto Rico,PR,Caguas
9668,Home Office,Puerto Rico,PR,Caguas
8179,Home Office,Puerto Rico,PR,Caguas
18177,Home Office,Puerto Rico,PR,Caguas
16574,Home Office,Puerto Rico,PR,Caguas
16615,Home Office,Puerto Rico,PR,Caguas
20499,Home Office,Puerto Rico,PR,Caguas
16183,Home Office,Puerto Rico,PR,Caguas
19840,Home Office,Puerto Rico,PR,San Juan
18921,Home Office,Puerto Rico,PR,Caguas
3466,Home Office,Puerto Rico,PR,Caguas
2179,Home Office,Puerto Rico,PR,Caguas
13544,Home Office,Puerto Rico,PR,Caguas
17481,Home Office,Puerto Rico,PR,Caguas
20501,Home Office,Puerto Rico,PR,Caguas
10124,Home Office,United States,NY,Brooklyn
4540,Corporate,United States,KS,Wichita
11497,Consumer,United States,IL,Chicago
12006,Consumer,United States,TX,Mesquite
8416,Home Office,United States,CA,Colton
10302,Home Office,United States,OK,Broken Arrow
2404,Consumer,Puerto Rico,PR,Caguas
4591,Consumer,Puerto Rico,PR,Caguas
3582,Consumer,United States,NY,New York
11031,Corporate,Puerto Rico,PR,Caguas
10209,Home Office,United States,NY,Brooklyn
3872,Consumer,Puerto Rico,PR,Caguas
3089,Consumer,Puerto Rico,PR,Caguas
3477,Corporate,United States,WV,Wheeling
11147,Home Office,United States,CA,Watsonville
1444,Corporate,Puerto Rico,PR,Caguas
3665,Consumer,Puerto Rico,PR,Caguas
12181,Consumer,Puerto Rico,PR,Caguas
11612,Corporate,Puerto Rico,PR,Caguas
10410,Consumer,United States,CA,Santa Ana
6802,Corporate,United States,GA,Alpharetta
7707,Corporate,United States,NY,Brooklyn
4055,Home Office,United States,NY,Levittown
9185,Home Office,United States,IL,Chicago
11614,Home Office,Puerto Rico,PR,Caguas
5462,Consumer,United States,NY,Brooklyn
3028,Corporate,United States,NV,North Las Vegas
2842,Home Office,United States,CA,Chino Hills
5736,Consumer,United States,CA,Los Angeles
5223,Corporate,United States,CA,Rowland Heights
12138,Corporate,Puerto Rico,PR,Caguas
9268,Corporate,United States,IL,Plainfield
5636,Corporate,United States,GA,Columbus
4713,Corporate,United States,NJ,Passaic
9240,Consumer,United States,CA,Carlsbad
20328,Consumer,Puerto Rico,PR,Caguas
19022,Consumer,Puerto Rico,PR,Caguas
164,Consumer,Puerto Rico,PR,Caguas
2331,Consumer,Puerto Rico,PR,San Sebastian
1373,Consumer,Puerto Rico,PR,Caguas
1582,Consumer,Puerto Rico,PR,Caguas
4884,Consumer,Puerto Rico,PR,Caguas
10727,Consumer,Puerto Rico,PR,Caguas
12793,Consumer,Puerto Rico,PR,Caguas
3012,Consumer,Puerto Rico,PR,Caguas
4534,Consumer,Puerto Rico,PR,Caguas
7550,Consumer,Puerto Rico,PR,Caguas
18355,Consumer,Puerto Rico,PR,Caguas
18884,Consumer,Puerto Rico,PR,Caguas
17843,Consumer,Puerto Rico,PR,Caguas
4567,Consumer,Puerto Rico,PR,Caguas
8374,Consumer,Puerto Rico,PR,Caguas
9170,Consumer,Puerto Rico,PR,Caguas
17263,Consumer,Puerto Rico,PR,Caguas
17055,Consumer,Puerto Rico,PR,Caguas
18806,Consumer,Puerto Rico,PR,Caguas
14555,Consumer,Puerto Rico,PR,Caguas
5021,Consumer,Puerto Rico,PR,Caguas
11655,Consumer,Puerto Rico,PR,Caguas
20174,Consumer,Puerto Rico,PR,Caguas
4453,Consumer,Puerto Rico,PR,Caguas
6010,Consumer,Puerto Rico,PR,Caguas
12386,Consumer,Puerto Rico,PR,Caguas
13800,Consumer,Puerto Rico,PR,Caguas
13255,Consumer,Puerto Rico,PR,Carolina
10703,Consumer,Puerto Rico,PR,Caguas
6900,Consumer,Puerto Rico,PR,Caguas
5118,Consumer,Puerto Rico,PR,Caguas
10607,Consumer,Puerto Rico,PR,Manati
2270,Consumer,Puerto Rico,PR,Caguas
20020,Consumer,Puerto Rico,PR,Caguas
18600,Consumer,Puerto Rico,PR,Caguas
18814,Consumer,Puerto Rico,PR,Caguas
1260,Consumer,Puerto Rico,PR,Caguas
20656,Consumer,Puerto Rico,PR,Caguas
11349,Consumer,Puerto Rico,PR,Caguas
15176,Consumer,Puerto Rico,PR,Caguas
18924,Consumer,Puerto Rico,PR,Caguas
17233,Consumer,Puerto Rico,PR,Caguas
18838,Consumer,Puerto Rico,PR,Caguas
15636,Consumer,Puerto Rico,PR,Caguas
785,Consumer,Puerto Rico,PR,Caguas
9986,Consumer,Puerto Rico,PR,Caguas
338,Consumer,Puerto Rico,PR,Caguas
12617,Home Office,United States,PA,Irwin
12877,Home Office,United States,NY,Brooklyn
14532,Home Office,United States,NY,Bronx
13100,Home Office,United States,MI,Holland
13898,Home Office,United States,CA,Los Angeles
3588,Home Office,United States,CA,La Mesa
3777,Home Office,United States,CA,Los Angeles
6087,Home Office,United States,GA,Norcross
2259,Home Office,United States,NY,Bronx
2945,Home Office,United States,AZ,Tucson
18310,Home Office,United States,RI,Pawtucket
15492,Home Office,United States,PA,Philadelphia
16283,Home Office,United States,MO,Columbia
20208,Home Office,United States,CA,Pomona
17763,Home Office,United States,IL,Chicago
1905,Home Office,United States,IL,Chicago
1009,Home Office,United States,TX,Eagle Pass
889,Home Office,United States,CA,San Marcos
6805,Home Office,United States,CA,San Francisco
426,Home Office,United States,NY,Endicott
2376,Home Office,United States,CT,Milford
723,Home Office,United States,VA,Richmond
7427,Home Office,United States,IL,Chicago
1485,Home Office,United States,NJ,Morristown
8464,Home Office,United States,PA,West Chester
11615,Home Office,United States,CA,Lake Forest
15403,Home Office,United States,FL,Hollywood
10286,Home Office,United States,TX,Laredo
950,Home Office,United States,NV,Las Vegas
12003,Home Office,United States,CA,Bakersfield
11413,Home Office,United States,GA,Norcross
16565,Home Office,United States,NY,Brooklyn
14290,Home Office,United States,CA,Folsom
14019,Home Office,United States,TX,Sugar Land
12869,Home Office,United States,NV,Las Vegas
6698,Home Office,United States,TX,Amarillo
1006,Home Office,United States,TX,Laredo
2399,Home Office,United States,MD,Hyattsville
18136,Home Office,United States,NM,Las Cruces
16552,Home Office,United States,IL,Elgin
18724,Home Office,United States,MI,Dearborn
17874,Home Office,United States,NC,Greenville
16286,Home Office,United States,TX,El Paso
12004,Home Office,United States,CA,San Jose
9744,Home Office,United States,TN,Memphis
6769,Home Office,United States,CA,Walnut
519,Home Office,United States,UT,Ogden
11098,Home Office,United States,OH,Westerville
17594,Home Office,United States,TX,Amarillo
18861,Home Office,United States,CA,Bakersfield
14086,Home Office,United States,NJ,Princeton
4630,Home Office,United States,IL,Chicago
16341,Home Office,United States,CA,South San Francisco
14718,Home Office,United States,CA,West Covina
262,Home Office,United States,IL,Chicago
15954,Home Office,United States,CA,Clovis
16532,Home Office,United States,NY,Brooklyn
16005,Home Office,United States,UT,West Jordan
20235,Home Office,United States,TX,Harlingen
15156,Home Office,United States,MI,Ypsilanti
7154,Home Office,United States,IL,Chicago
13502,Consumer,Puerto Rico,PR,Caguas
13061,Consumer,Puerto Rico,PR,Caguas
3799,Consumer,Puerto Rico,PR,Caguas
14647,Consumer,Puerto Rico,PR,Caguas
19196,Consumer,Puerto Rico,PR,Caguas
588,Consumer,Puerto Rico,PR,Caguas
1042,Consumer,Puerto Rico,PR,Caguas
12691,Consumer,Puerto Rico,PR,Caguas
8277,Consumer,Puerto Rico,PR,Caguas
18117,Consumer,Puerto Rico,PR,Caguas
20344,Consumer,Puerto Rico,PR,Caguas
17072,Consumer,Puerto Rico,PR,Caguas
13465,Consumer,Puerto Rico,PR,Caguas
12666,Consumer,Puerto Rico,PR,Caguas
12683,Consumer,Puerto Rico,PR,Caguas
13212,Consumer,Puerto Rico,PR,Caguas
2254,Consumer,Puerto Rico,PR,Caguas
18311,Consumer,Puerto Rico,PR,Caguas
17723,Consumer,Puerto Rico,PR,Caguas
20080,Consumer,Puerto Rico,PR,Caguas
17041,Consumer,Puerto Rico,PR,Caguas
20264,Consumer,Puerto Rico,PR,Vega Baja
4525,Consumer,Puerto Rico,PR,Caguas
19098,Consumer,Puerto Rico,PR,Caguas
10011,Consumer,United States,CA,Long Beach
2799,Corporate,Puerto Rico,PR,Caguas
5076,Corporate,United States,OH,Cleveland
4626,Corporate,Puerto Rico,PR,Caguas
423,Consumer,United States,CA,Huntington Beach
3022,Corporate,United States,TX,Dallas
5310,Corporate,Puerto Rico,PR,Caguas
6784,Corporate,United States,MO,O Fallon
6193,Consumer,United States,MA,Quincy
3541,Corporate,United States,GA,Atlanta
6923,Corporate,United States,FL,Miami
8231,Consumer,United States,GA,Marietta
86,Corporate,United States,TX,Fort Worth
6146,Consumer,United States,CA,Lancaster
17288,Home Office,Puerto Rico,PR,Caguas
1378,Corporate,United States,CA,Campbell
4226,Corporate,United States,FL,Hialeah
7924,Consumer,United States,NY,Brooklyn
19488,Consumer,United States,NY,Tonawanda
19476,Corporate,United States,CA,Paramount
19465,Corporate,United States,MI,Roseville
19453,Consumer,United States,CA,Panorama City
13179,Consumer,Puerto Rico,PR,Caguas
10071,Corporate,United States,PA,Philadelphia
17392,Corporate,United States,CA,Placentia
1622,Consumer,United States,CA,Alhambra
19443,Corporate,United States,TX,Sugar Land
19437,Corporate,United States,ND,Bismarck
19436,Home Office,Puerto Rico,PR,Caguas
19434,Corporate,Puerto Rico,PR,Caguas
19431,Corporate,United States,GA,Lilburn
19422,Consumer,Puerto Rico,PR,Caguas
19405,Corporate,United States,OH,Cleveland
19394,Home Office,United States,CA,Los Angeles
19360,Corporate,Puerto Rico,PR,Caguas
19353,Consumer,United States,AZ,Mesa
4047,Consumer,Puerto Rico,PR,Caguas
15995,Corporate,United States,NV,North Las Vegas
20545,Corporate,United States,OH,Fairfield
11632,Corporate,United States,TX,San Antonio
1383,Corporate,United States,LA,Marrero
1067,Corporate,United States,CO,Littleton
19331,Home Office,United States,DE,Newark
19290,Corporate,United States,VA,Stafford
19283,Consumer,Puerto Rico,PR,Caguas
16765,Home Office,United States,NY,Lindenhurst
16759,Consumer,United States,AZ,Mesa
16747,Corporate,Puerto Rico,PR,Caguas
16740,Consumer,Puerto Rico,PR,Caguas
16736,Consumer,United States,NY,Forest Hills
16701,Consumer,United States,CA,Anaheim
16686,Consumer,United States,TX,Dallas
16676,Consumer,Puerto Rico,PR,Caguas
16667,Consumer,United States,MN,Saint Paul
16664,Corporate,United States,MI,Detroit
14348,Consumer,Puerto Rico,PR,Caguas
1449,Consumer,United States,GA,Lawrenceville
13443,Corporate,Puerto Rico,PR,Caguas
15497,Corporate,United States,CA,Los Angeles
15475,Corporate,United States,CA,Sunnyvale
15364,Corporate,United States,MN,Saint Paul
1786,Consumer,Puerto Rico,PR,Yauco
16050,Consumer,Puerto Rico,PR,Caguas
17317,Consumer,Puerto Rico,PR,Caguas
18285,Consumer,Puerto Rico,PR,Caguas
18702,Consumer,Puerto Rico,PR,Caguas
20330,Corporate,Puerto Rico,PR,Caguas
2653,Corporate,United States,GA,Atlanta
20327,Corporate,United States,TX,College Station
20236,Corporate,United States,MI,Highland Park
17812,Corporate,United States,CA,Los Angeles
18604,Corporate,United States,UT,Salt Lake City
16261,Corporate,United States,MD,Silver Spring
15216,Corporate,United States,FL,Tallahassee
4538,Consumer,United States,OH,Zanesville
3313,Consumer,United States,MO,Ballwin
7650,Consumer,United States,NJ,Wayne
2649,Corporate,United States,OH,Sandusky
11609,Corporate,United States,CA,Poway
5507,Corporate,United States,PA,Chambersburg
2575,Consumer,United States,CA,Pomona
9295,Consumer,United States,TX,College Station
14041,Consumer,United States,AZ,Chandler
2779,Consumer,United States,OH,Mentor
17181,Consumer,United States,GA,Decatur
4576,Home Office,Puerto Rico,PR,Caguas
6205,Home Office,Puerto Rico,PR,Caguas
16119,Consumer,Puerto Rico,PR,Caguas
19831,Consumer,Puerto Rico,PR,Bayamon
20477,Consumer,Puerto Rico,PR,Caguas
16047,Consumer,Puerto Rico,PR,Caguas
20349,Consumer,Puerto Rico,PR,Caguas
13086,Corporate,Puerto Rico,PR,Caguas
13332,Corporate,Puerto Rico,PR,Caguas
14403,Corporate,Puerto Rico,PR,Caguas
15081,Corporate,Puerto Rico,PR,Caguas
15300,Corporate,Puerto Rico,PR,Caguas
5558,Corporate,United States,HI,Kaneohe
10579,Corporate,United States,CA,Fontana
476,Corporate,United States,OR,Eugene
1480,Consumer,United States,IL,Chicago
7839,Consumer,United States,MI,Hamtramck
13136,Consumer,United States,CA,Chula Vista
3011,Consumer,United States,KS,Wichita
2814,Consumer,United States,IL,Chicago
11259,Corporate,United States,CA,Palo Alto
1170,Corporate,United States,NJ,Morristown
3267,Corporate,United States,VA,Henrico
3274,Corporate,United States,IL,Des Plaines
2094,Corporate,United States,OR,Portland
9763,Corporate,United States,TX,Irving
933,Corporate,United States,NJ,Bridgeton
14846,Home Office,Puerto Rico,PR,Caguas
5354,Home Office,Puerto Rico,PR,Caguas
18651,Home Office,Puerto Rico,PR,Caguas
13748,Home Office,Puerto Rico,PR,Caguas
12780,Home Office,Puerto Rico,PR,Caguas
14516,Consumer,Puerto Rico,PR,Caguas
14210,Consumer,Puerto Rico,PR,Caguas
13425,Consumer,Puerto Rico,PR,Caguas
14333,Consumer,Puerto Rico,PR,Caguas
14384,Consumer,Puerto Rico,PR,Caguas
13840,Consumer,Puerto Rico,PR,Caguas
14780,Consumer,Puerto Rico,PR,Caguas
9424,Consumer,Puerto Rico,PR,Caguas
12470,Consumer,Puerto Rico,PR,Caguas
12741,Consumer,Puerto Rico,PR,Caguas
7641,Corporate,United States,TX,Houston
11883,Corporate,United States,NM,Albuquerque
159,Corporate,United States,NY,Corona
9874,Corporate,United States,TX,Dallas
1982,Corporate,United States,PA,Washington
9347,Corporate,United States,CA,Oxnard
3724,Consumer,United States,GA,Douglasville
909,Consumer,United States,WA,Kent
1138,Consumer,United States,MI,Mount Pleasant
14538,Consumer,United States,CA,Tustin
14632,Consumer,United States,FL,Pompano Beach
19187,Consumer,United States,CA,Garden Grove
1199,Consumer,United States,PA,Philadelphia
2208,Consumer,United States,NM,Albuquerque
7125,Consumer,United States,CA,Ontario
4590,Consumer,United States,NY,Buffalo
11549,Consumer,United States,CA,Palmdale
15103,Corporate,United States,CA,Sun Valley
17904,Corporate,United States,CA,Los Angeles
19104,Corporate,United States,PA,West Chester
7116,Corporate,United States,CA,Walnut
11909,Corporate,United States,CA,Alameda
19269,Corporate,United States,TX,Houston
15514,Corporate,United States,NV,Las Vegas
546,Corporate,United States,UT,Clearfield
7261,Consumer,United States,CO,Broomfield
18051,Consumer,United States,NY,Flushing
18980,Consumer,United States,PA,York
7686,Consumer,United States,NY,Brooklyn
14536,Consumer,United States,TX,Austin
84,Consumer,United States,FL,Tampa
18749,Consumer,Puerto Rico,PR,Caguas
15720,Consumer,Puerto Rico,PR,Caguas
9440,Consumer,Puerto Rico,PR,Caguas
17342,Consumer,Puerto Rico,PR,Caguas
20710,Consumer,Puerto Rico,PR,Caguas
15509,Consumer,Puerto Rico,PR,Caguas
20261,Consumer,Puerto Rico,PR,Caguas
17819,Consumer,Puerto Rico,PR,Caguas
17068,Consumer,Puerto Rico,PR,Caguas
17274,Consumer,Puerto Rico,PR,Caguas
19954,Consumer,Puerto Rico,PR,Caguas
13645,Corporate,United States,TX,San Marcos
10561,Corporate,United States,IL,Plainfield
9052,Corporate,United States,GA,Stone Mountain
14798,Corporate,United States,CA,Placentia
5181,Corporate,United States,OK,Broken Arrow
4516,Corporate,United States,NY,Brooklyn
12935,Corporate,United States,CA,San Diego
9716,Corporate,United States,MA,Plymouth
19783,Corporate,United States,MI,Wyoming
15275,Corporate,United States,GA,Stockbridge
18580,Corporate,United States,PA,Philadelphia
10736,Corporate,United States,CA,South San Francisco
4694,Corporate,United States,TX,Del Rio
14682,Corporate,United States,CA,Ontario
14393,Corporate,United States,IL,Chicago
1986,Corporate,United States,AZ,Phoenix
12592,Corporate,United States,CA,Los Angeles
11971,Corporate,United States,PA,Bensalem
4743,Corporate,United States,DC,Washington
18445,Corporate,United States,CA,Daly City
17264,Corporate,United States,IL,Chicago
20633,Corporate,United States,CA,Sacramento
17143,Corporate,United States,IL,Harvey
18638,Corporate,United States,NY,Brooklyn
4071,Corporate,Puerto Rico,PR,Caguas
14406,Corporate,Puerto Rico,PR,Caguas
10337,Corporate,Puerto Rico,PR,Caguas
20111,Corporate,Puerto Rico,PR,Caguas
16351,Corporate,Puerto Rico,PR,Caguas
13181,Corporate,Puerto Rico,PR,Caguas
4006,Corporate,United States,NJ,Clementon
18436,Corporate,United States,TX,El Paso
18708,Corporate,United States,NY,Brooklyn
3616,Corporate,United States,IL,Chicago
12814,Corporate,United States,GA,Roswell
14302,Corporate,United States,NY,Buffalo
12596,Corporate,United States,NY,Brooklyn
18086,Corporate,United States,PA,Philadelphia
20298,Corporate,United States,CA,Santa Ana
14924,Home Office,Puerto Rico,PR,Caguas
14182,Home Office,Puerto Rico,PR,Caguas
15350,Home Office,Puerto Rico,PR,Caguas
20205,Home Office,Puerto Rico,PR,Caguas
17281,Home Office,Puerto Rico,PR,Caguas
15207,Home Office,Puerto Rico,PR,Caguas
19089,Home Office,Puerto Rico,PR,Caguas
17546,Home Office,Puerto Rico,PR,Caguas
9889,Consumer,United States,CA,Santa Ana
9340,Consumer,United States,CA,Victorville
7875,Corporate,United States,NC,Lenoir
11538,Home Office,Puerto Rico,PR,Carolina
11803,Consumer,United States,KS,Salina
16613,Consumer,United States,VA,Chesapeake
16091,Consumer,United States,IL,Mount Prospect
18404,Consumer,United States,IL,Chicago
17466,Consumer,United States,NM,Albuquerque
2874,Consumer,United States,CA,Los Angeles
18925,Consumer,United States,NY,Brooklyn
20269,Consumer,United States,NM,Albuquerque
18597,Consumer,United States,HI,Honolulu
14141,Consumer,United States,FL,Orlando
8909,Consumer,United States,CA,Los Angeles
12957,Consumer,United States,OR,Portland
13128,Consumer,United States,AZ,Phoenix
14347,Consumer,United States,NC,Fayetteville
14350,Consumer,United States,IL,Moline
14470,Consumer,United States,FL,Fort Lauderdale
14726,Consumer,United States,NY,Endicott
12905,Consumer,United States,CA,South San Francisco
18069,Consumer,United States,CA,Sunnyvale
19143,Consumer,United States,NC,Cary
16410,Consumer,United States,WA,Seattle
20305,Consumer,United States,NY,New York
13111,Consumer,United States,NC,Greensboro
14341,Consumer,United States,IL,Chicago
13304,Consumer,United States,NJ,Irvington
13519,Consumer,United States,MA,Dorchester Center
14530,Consumer,United States,OR,Portland
13659,Consumer,United States,NY,Bronx
14856,Consumer,United States,TX,Weslaco
13746,Consumer,United States,IN,Indianapolis
14188,Corporate,Puerto Rico,PR,Humacao
2049,Corporate,Puerto Rico,PR,Caguas
15705,Corporate,Puerto Rico,PR,Caguas
20096,Corporate,Puerto Rico,PR,Caguas
4466,Corporate,Puerto Rico,PR,Yauco
18420,Corporate,Puerto Rico,PR,Caguas
17083,Corporate,Puerto Rico,PR,Caguas
14680,Corporate,Puerto Rico,PR,Caguas
14251,Corporate,Puerto Rico,PR,Caguas
14278,Corporate,Puerto Rico,PR,Caguas
14417,Corporate,Puerto Rico,PR,Caguas
13897,Corporate,Puerto Rico,PR,Caguas
12778,Corporate,Puerto Rico,PR,Caguas
6509,Corporate,Puerto Rico,PR,Caguas
14709,Corporate,Puerto Rico,PR,Caguas
13780,Corporate,Puerto Rico,PR,Caguas
4821,Corporate,Puerto Rico,PR,Caguas
12816,Corporate,Puerto Rico,PR,Caguas
13629,Corporate,Puerto Rico,PR,Caguas
3255,Corporate,Puerto Rico,PR,Caguas
15837,Corporate,Puerto Rico,PR,Caguas
20662,Corporate,Puerto Rico,PR,Caguas
15525,Corporate,Puerto Rico,PR,Caguas
15355,Consumer,United States,NC,Raleigh
15654,Consumer,United States,NY,Staten Island
19970,Consumer,United States,CA,Gardena
17078,Consumer,United States,NC,Greensboro
19109,Consumer,United States,NY,Tonawanda
18400,Consumer,United States,FL,Hialeah
14475,Consumer,United States,NY,Brentwood
13957,Consumer,United States,CA,Hawthorne
15528,Consumer,United States,NM,Albuquerque
15325,Consumer,United States,FL,Hialeah
20345,Consumer,United States,TX,San Antonio
2165,Consumer,United States,KY,Louisville
12750,Corporate,United States,WI,Milwaukee
12493,Corporate,United States,MD,Baltimore
5816,Corporate,United States,IL,Chicago
16484,Corporate,United States,IL,Lockport
16402,Corporate,United States,NY,Brooklyn
15858,Corporate,United States,GA,Atlanta
16002,Corporate,United States,IL,Chicago
18023,Corporate,United States,GA,Atlanta
15646,Corporate,United States,CA,Escondido
18688,Corporate,United States,CA,Huntington Beach
19953,Corporate,United States,CO,Aurora
18941,Corporate,United States,TX,El Paso
16336,Corporate,United States,IL,Moline
11152,Corporate,United States,IL,Mchenry
13162,Corporate,United States,HI,Mililani
14098,Corporate,United States,NY,Bronx
5597,Corporate,United States,KS,Olathe
18391,Corporate,United States,CA,San Diego
15,Corporate,United States,CA,Fontana
15537,Corporate,United States,CA,Mission Viejo
15620,Corporate,United States,OK,Broken Arrow
19796,Corporate,United States,CA,Long Beach
15473,Corporate,United States,TX,Houston
13393,Corporate,United States,CA,Stockton
14673,Corporate,United States,NJ,West New York
14388,Corporate,United States,MD,Silver Spring
6502,Home Office,Puerto Rico,PR,Caguas
19746,Corporate,Puerto Rico,PR,Caguas
19720,Consumer,Puerto Rico,PR,Caguas
19713,Consumer,United States,FL,Hialeah
19702,Home Office,United States,NJ,Union
19687,Home Office,Puerto Rico,PR,Caguas
19680,Corporate,United States,GA,Augusta
19665,Corporate,Puerto Rico,PR,Caguas
19610,Home Office,Puerto Rico,PR,Caguas
19604,Consumer,United States,IL,Chicago
19601,Consumer,Puerto Rico,PR,Caguas
19561,Corporate,Puerto Rico,PR,Caguas
19528,Consumer,United States,CA,Los Angeles
19524,Consumer,United States,FL,Orange Park
19512,Consumer,Puerto Rico,PR,Caguas
17025,Home Office,Puerto Rico,PR,Caguas
17014,Home Office,Puerto Rico,PR,Caguas
17002,Corporate,Puerto Rico,PR,Caguas
16989,Consumer,Puerto Rico,PR,Caguas
16987,Consumer,Puerto Rico,PR,Caguas
16977,Corporate,Puerto Rico,PR,Caguas
16975,Corporate,United States,TX,Houston
16929,Consumer,Puerto Rico,PR,Caguas
16922,Consumer,United States,CA,San Pedro
16904,Home Office,United States,IL,Carol Stream
16886,Consumer,Puerto Rico,PR,Caguas
16882,Corporate,United States,CA,Paramount
16863,Consumer,United States,PA,Carlisle
16860,Consumer,United States,DE,Newark
16836,Corporate,Puerto Rico,PR,Caguas
16818,Corporate,Puerto Rico,PR,Caguas
16802,Corporate,Puerto Rico,PR,Caguas
16795,Consumer,United States,NY,Brooklyn
16794,Consumer,Puerto Rico,PR,Caguas
227,Home Office,United States,AZ,Tempe
13134,Consumer,Puerto Rico,PR,Caguas
15084,Consumer,Puerto Rico,PR,Caguas
14262,Consumer,Puerto Rico,PR,Caguas
16429,Corporate,United States,FL,Valrico
16463,Corporate,United States,CA,San Francisco
19115,Corporate,United States,CA,Panorama City
16490,Corporate,United States,TX,Austin
15805,Corporate,United States,NY,Rome
15820,Corporate,United States,MD,Pasadena
15872,Corporate,United States,IL,Palatine
20426,Corporate,United States,AZ,Phoenix
8846,Consumer,United States,CA,Indio
14988,Home Office,United States,IL,Mount Prospect
20496,Home Office,United States,MI,Wyoming
19859,Home Office,United States,MD,Baltimore
7871,Home Office,United States,NV,Las Vegas
20243,Home Office,United States,VA,Stafford
19881,Home Office,United States,FL,Miami
19007,Home Office,United States,MI,Detroit
14666,Consumer,United States,CA,San Bernardino
13094,Consumer,United States,PA,Irwin
13011,Consumer,United States,CA,Rancho Cucamonga
13610,Consumer,United States,TN,Memphis
18250,Consumer,United States,CA,Sacramento
16461,Consumer,United States,CA,Oceanside
15433,Consumer,United States,NJ,West New York
16150,Consumer,United States,CA,Los Angeles
19927,Consumer,United States,TX,Dallas
15238,Consumer,United States,OH,Cleveland
20299,Consumer,United States,CA,Paramount
17681,Consumer,United States,OR,Salem
16478,Corporate,Puerto Rico,PR,Caguas
17664,Corporate,Puerto Rico,PR,Caguas
17438,Corporate,Puerto Rico,PR,Caguas
18974,Corporate,Puerto Rico,PR,Caguas
11088,Corporate,Puerto Rico,PR,Caguas
20507,Corporate,Puerto Rico,PR,Caguas
15757,Corporate,Puerto Rico,PR,Caguas
13130,Corporate,United States,NY,Elmhurst
13014,Corporate,United States,HI,Kaneohe
12640,Corporate,United States,NV,Las Vegas
16475,Corporate,United States,HI,Honolulu
18833,Corporate,United States,CA,San Francisco
18885,Corporate,United States,NY,New York
17385,Corporate,United States,TX,Katy
15649,Corporate,United States,IL,Pekin
17406,Corporate,United States,CT,Milford
14033,Corporate,United States,GA,Norcross
17855,Corporate,United States,MI,Detroit
4990,Corporate,United States,NY,Yonkers
14802,Corporate,United States,OH,Lakewood
16549,Corporate,United States,NC,Cary
17521,Corporate,United States,CA,Pico Rivera
15194,Corporate,United States,AZ,Phoenix
19069,Corporate,United States,HI,Honolulu
13215,Consumer,United States,CT,New Haven
13267,Consumer,United States,IL,Crystal Lake
13445,Consumer,United States,TX,Eagle Pass
14102,Consumer,United States,FL,Miami
14685,Consumer,United States,CA,Los Angeles
13879,Consumer,United States,NJ,West Orange
13750,Consumer,United States,CA,Anaheim
14749,Consumer,United States,AZ,Scottsdale
14710,Consumer,United States,CA,South El Monte
14046,Consumer,United States,91732,CA
14026,Consumer,United States,TX,Katy
14702,Consumer,United States,CA,Chino
12746,Consumer,United States,PA,York
12645,Consumer,United States,TX,Fort Worth
15097,Consumer,United States,OK,Lawton
14518,Consumer,United States,GA,Norcross
12777,Consumer,United States,CA,Carlsbad
13719,Consumer,United States,CA,Hawthorne
278,Consumer,United States,NY,Brooklyn
13197,Corporate,United States,CA,Sunnyvale
12730,Corporate,United States,DE,Newark
13521,Corporate,United States,KY,Frankfort
14295,Corporate,United States,WI,Milwaukee
15041,Corporate,United States,CA,Livermore
18615,Corporate,United States,IL,Chicago
18049,Corporate,United States,NJ,Morristown
16517,Corporate,United States,TX,Dallas
18347,Corporate,United States,CA,Los Angeles
18111,Corporate,United States,OH,Columbus
20497,Corporate,United States,CA,Indio
15595,Corporate,United States,OH,Cleveland
17875,Corporate,United States,CO,Aurora
15011,Consumer,United States,CA,Pomona
1440,Consumer,United States,CA,Bakersfield
20607,Consumer,United States,TX,Weslaco
20443,Consumer,United States,OR,Beaverton
17341,Consumer,United States,CA,Anaheim
15964,Consumer,United States,CA,Los Angeles
16031,Consumer,United States,MD,Catonsville
17260,Consumer,United States,CA,San Bernardino
17331,Consumer,United States,CA,Spring Valley
18484,Consumer,United States,NY,Brooklyn
4546,Consumer,United States,CA,Riverside
15665,Consumer,United States,CA,Van Nuys
15387,Consumer,United States,CA,El Monte
18571,Consumer,United States,GA,Atlanta
20076,Consumer,United States,MA,New Bedford
16110,Consumer,United States,CA,El Cajon
20323,Consumer,United States,RI,Pawtucket
17234,Consumer,United States,MI,Hamtramck
16262,Consumer,United States,VA,Richmond
18896,Consumer,United States,FL,Jacksonville
13347,Corporate,Puerto Rico,PR,Caguas
13775,Corporate,Puerto Rico,PR,Caguas
13683,Corporate,Puerto Rico,PR,Caguas
16609,Corporate,Puerto Rico,PR,Caguas
15659,Corporate,Puerto Rico,PR,Caguas
19932,Corporate,Puerto Rico,PR,Caguas
17093,Corporate,Puerto Rico,PR,San Juan
13895,Corporate,Puerto Rico,PR,Caguas
14067,Corporate,Puerto Rico,PR,Caguas
16303,Corporate,Puerto Rico,PR,Caguas
20047,Corporate,Puerto Rico,PR,Caguas
16297,Corporate,Puerto Rico,PR,Caguas
18115,Consumer,United States,OH,Cleveland
19214,Consumer,United States,AR,Conway
19076,Consumer,United States,MI,Wyandotte
18747,Consumer,United States,OH,Lakewood
17994,Consumer,United States,MN,Saint Paul
18439,Consumer,United States,PA,Philadelphia
17697,Consumer,United States,CA,Sun Valley
18473,Consumer,United States,IN,West Lafayette
18714,Consumer,United States,TX,Dallas
15398,Consumer,United States,NY,Jackson Heights
19779,Consumer,United States,AZ,Tempe
20246,Consumer,United States,NY,Elmhurst
17916,Consumer,United States,AZ,Yuma
15641,Consumer,United States,TX,Fort Worth
15178,Consumer,United States,NV,Henderson
20325,Consumer,United States,MN,Saint Paul
16247,Consumer,United States,CA,Lancaster
19959,Consumer,United States,GA,Atlanta
13171,Home Office,United States,MO,Saint Peters
13189,Home Office,United States,NY,New York
15017,Home Office,United States,NY,Newburgh
13668,Home Office,United States,AZ,Peoria
15772,Home Office,United States,NY,Brooklyn
16367,Home Office,United States,IL,Chicago
17722,Home Office,United States,TX,Pharr
20090,Home Office,United States,CA,Wilmington
20588,Home Office,United States,FL,Miami
18419,Home Office,United States,MA,Pittsfield
20562,Home Office,United States,CA,Walnut
20467,Home Office,United States,OK,Broken Arrow
14147,Home Office,United States,OR,Salem
13034,Home Office,United States,CA,Paramount
13230,Home Office,United States,FL,Orlando
14199,Consumer,United States,OH,Marion
13503,Consumer,United States,CO,Littleton
14155,Consumer,United States,CA,Stockton
9733,Consumer,United States,TX,Brownsville
12981,Consumer,United States,CA,El Cajon
20318,Consumer,United States,TX,Austin
20550,Consumer,United States,CA,Anaheim
15507,Consumer,United States,CA,San Jose
15342,Consumer,United States,CA,Gardena
13067,Consumer,United States,NY,Brooklyn
13856,Consumer,United States,NV,Las Vegas
13678,Consumer,United States,MO,O Fallon
14827,Consumer,United States,MI,Westland
13833,Consumer,United States,NV,Las Vegas
20516,Consumer,United States,NY,New York
20221,Consumer,United States,CA,San Jose
18996,Consumer,United States,NY,Brooklyn
19265,Consumer,United States,GA,Powder Springs
17433,Consumer,United States,PA,Philadelphia
13932,Consumer,United States,NJ,Bridgeton
12742,Consumer,United States,AZ,Phoenix
12827,Consumer,United States,MI,Saginaw
12835,Consumer,United States,NV,Las Vegas
15469,Corporate,Puerto Rico,PR,Caguas
14643,Corporate,Puerto Rico,PR,Caguas
13798,Corporate,Puerto Rico,PR,Caguas
19920,Corporate,Puerto Rico,PR,Caguas
18611,Corporate,Puerto Rico,PR,Caguas
10106,Consumer,United States,TX,Carrollton
2606,Consumer,United States,IL,Chicago
6302,Corporate,Puerto Rico,PR,Caguas
7369,Corporate,Puerto Rico,PR,Caguas
4467,Corporate,Puerto Rico,PR,Caguas
7198,Corporate,Puerto Rico,PR,Caguas
792,Corporate,Puerto Rico,PR,Caguas
10144,Corporate,Puerto Rico,PR,Caguas
4462,Corporate,Puerto Rico,PR,Caguas
1377,Corporate,Puerto Rico,PR,Rio Grande
4887,Corporate,Puerto Rico,PR,Caguas
10235,Corporate,Puerto Rico,PR,Caguas
8110,Corporate,Puerto Rico,PR,Caguas
7704,Corporate,Puerto Rico,PR,Caguas
10274,Corporate,Puerto Rico,PR,Caguas
6935,Corporate,Puerto Rico,PR,Caguas
1715,Corporate,Puerto Rico,PR,Caguas
12774,Corporate,Puerto Rico,PR,Caguas
13585,Corporate,Puerto Rico,PR,Caguas
12049,Corporate,Puerto Rico,PR,Caguas
5066,Corporate,Puerto Rico,PR,Caguas
6179,Corporate,Puerto Rico,PR,Caguas
14612,Corporate,Puerto Rico,PR,Caguas
14225,Corporate,Puerto Rico,PR,Caguas
2708,Corporate,Puerto Rico,PR,Caguas
4902,Corporate,Puerto Rico,PR,Caguas
6735,Corporate,Puerto Rico,PR,Caguas
277,Corporate,Puerto Rico,PR,Caguas
3996,Corporate,Puerto Rico,PR,Caguas
5475,Corporate,Puerto Rico,PR,Caguas
12195,Corporate,Puerto Rico,PR,Caguas
11285,Corporate,Puerto Rico,PR,Caguas
10933,Corporate,Puerto Rico,PR,Caguas
10719,Corporate,Puerto Rico,PR,Caguas
5635,Corporate,Puerto Rico,PR,Caguas
1694,Corporate,Puerto Rico,PR,Caguas
4912,Corporate,Puerto Rico,PR,Caguas
4053,Corporate,Puerto Rico,PR,Caguas
1241,Corporate,Puerto Rico,PR,Caguas
6964,Corporate,Puerto Rico,PR,Caguas
8518,Corporate,Puerto Rico,PR,Caguas
7196,Corporate,Puerto Rico,PR,Caguas
2030,Corporate,Puerto Rico,PR,Caguas
6857,Corporate,Puerto Rico,PR,Caguas
16004,Corporate,Puerto Rico,PR,Caguas
23,Corporate,Puerto Rico,PR,San Juan
9883,Corporate,Puerto Rico,PR,Caguas
17176,Corporate,Puerto Rico,PR,Caguas
15732,Corporate,Puerto Rico,PR,Caguas
8666,Corporate,Puerto Rico,PR,Caguas
1697,Corporate,Puerto Rico,PR,Caguas
4779,Corporate,Puerto Rico,PR,Caguas
5838,Corporate,Puerto Rico,PR,Caguas
5936,Corporate,Puerto Rico,PR,Caguas
12345,Consumer,Puerto Rico,PR,Caguas
896,Consumer,Puerto Rico,PR,Caguas
1439,Consumer,Puerto Rico,PR,Caguas
4037,Consumer,Puerto Rico,PR,Caguas
3095,Consumer,Puerto Rico,PR,Caguas
2531,Consumer,Puerto Rico,PR,Caguas
14340,Consumer,Puerto Rico,PR,Caguas
13480,Consumer,Puerto Rico,PR,Caguas
6604,Consumer,Puerto Rico,PR,Caguas
454,Consumer,Puerto Rico,PR,Caguas
13996,Consumer,Puerto Rico,PR,Caguas
1621,Consumer,Puerto Rico,PR,Caguas
3316,Consumer,Puerto Rico,PR,Caguas
8357,Consumer,Puerto Rico,PR,Caguas
3311,Consumer,Puerto Rico,PR,Caguas
11766,Consumer,Puerto Rico,PR,Caguas
6008,Consumer,Puerto Rico,PR,Vega Baja
5234,Consumer,Puerto Rico,PR,Caguas
247,Consumer,Puerto Rico,PR,Caguas
3204,Consumer,Puerto Rico,PR,Caguas
4562,Consumer,Puerto Rico,PR,Caguas
17170,Consumer,Puerto Rico,PR,Caguas
19218,Consumer,Puerto Rico,PR,Caguas
15782,Consumer,Puerto Rico,PR,Arecibo
4775,Consumer,Puerto Rico,PR,Caguas
3924,Consumer,Puerto Rico,PR,Caguas
17634,Consumer,Puerto Rico,PR,Caguas
17767,Consumer,Puerto Rico,PR,Caguas
7092,Consumer,Puerto Rico,PR,Caguas
4049,Consumer,Puerto Rico,PR,Caguas
2996,Consumer,Puerto Rico,PR,Caguas
11102,Consumer,Puerto Rico,PR,Caguas
9044,Consumer,Puerto Rico,PR,Caguas
5556,Consumer,Puerto Rico,PR,Caguas
10329,Consumer,Puerto Rico,PR,Caguas
1748,Consumer,Puerto Rico,PR,Caguas
704,Consumer,Puerto Rico,PR,Caguas
11881,Consumer,Puerto Rico,PR,Caguas
7190,Consumer,Puerto Rico,PR,Caguas
8760,Consumer,Puerto Rico,PR,Caguas
5172,Consumer,Puerto Rico,PR,Caguas
11627,Consumer,Puerto Rico,PR,Caguas
6685,Consumer,Puerto Rico,PR,Caguas
10912,Consumer,Puerto Rico,PR,Caguas
11534,Consumer,Puerto Rico,PR,Caguas
10076,Consumer,Puerto Rico,PR,Caguas
14313,Consumer,Puerto Rico,PR,Caguas
8733,Consumer,Puerto Rico,PR,Caguas
8203,Consumer,Puerto Rico,PR,Caguas
14895,Consumer,Puerto Rico,PR,Caguas
1594,Consumer,Puerto Rico,PR,Guaynabo
7728,Consumer,Puerto Rico,PR,Caguas
2016,Consumer,Puerto Rico,PR,Caguas
11433,Consumer,Puerto Rico,PR,Caguas
5077,Consumer,Puerto Rico,PR,Caguas
7640,Consumer,Puerto Rico,PR,Caguas
12107,Consumer,Puerto Rico,PR,Caguas
7276,Consumer,Puerto Rico,PR,Caguas
7136,Consumer,Puerto Rico,PR,Caguas
14701,Consumer,Puerto Rico,PR,Caguas
10497,Consumer,Puerto Rico,PR,Caguas
9471,Consumer,Puerto Rico,PR,Caguas
9421,Consumer,Puerto Rico,PR,Caguas
12349,Consumer,Puerto Rico,PR,Caguas
6643,Consumer,Puerto Rico,PR,Caguas
2942,Consumer,Puerto Rico,PR,Caguas
124,Consumer,Puerto Rico,PR,Caguas
11084,Consumer,Puerto Rico,PR,Caguas
7206,Consumer,Puerto Rico,PR,Caguas
5470,Consumer,Puerto Rico,PR,Caguas
6617,Consumer,Puerto Rico,PR,Caguas
8711,Consumer,Puerto Rico,PR,Caguas
3536,Consumer,Puerto Rico,PR,Caguas
107,Consumer,Puerto Rico,PR,Caguas
4878,Consumer,Puerto Rico,PR,Caguas
1993,Consumer,Puerto Rico,PR,Caguas
3549,Consumer,Puerto Rico,PR,Caguas
6266,Consumer,Puerto Rico,PR,Carolina
11866,Consumer,Puerto Rico,PR,Caguas
17976,Consumer,Puerto Rico,PR,Caguas
10771,Consumer,Puerto Rico,PR,Caguas
12217,Consumer,Puerto Rico,PR,Caguas
439,Consumer,Puerto Rico,PR,Caguas
20614,Consumer,Puerto Rico,PR,Caguas
2727,Consumer,Puerto Rico,PR,Caguas
20575,Consumer,Puerto Rico,PR,Caguas
15673,Consumer,Puerto Rico,PR,Caguas
15565,Consumer,Puerto Rico,PR,Caguas
10222,Consumer,United States,FL,Pompano Beach
7782,Consumer,United States,KY,Richmond
11453,Consumer,United States,NM,Roswell
11275,Consumer,United States,NY,Webster
768,Consumer,United States,CA,Indio
5035,Consumer,United States,NY,New York
3338,Consumer,United States,MA,Taunton
3126,Consumer,United States,CA,Fountain Valley
3332,Consumer,United States,CA,Stockton
3201,Consumer,United States,NY,Forest Hills
10819,Consumer,United States,CA,Long Beach
4009,Consumer,United States,IL,Elgin
10379,Consumer,United States,CA,North Hollywood
10052,Consumer,United States,MI,Troy
11928,Consumer,United States,IL,Bolingbrook
2690,Consumer,United States,PA,Philadelphia
12050,Consumer,United States,NY,Bronx
1018,Consumer,United States,LA,Metairie
12284,Consumer,United States,CT,New Haven
1813,Consumer,United States,TX,Katy
483,Consumer,United States,CA,Granada Hills
4949,Consumer,United States,CA,Riverside
3297,Consumer,United States,CA,Moreno Valley
9136,Consumer,United States,PA,Philadelphia
841,Consumer,United States,NY,Bronx
9584,Consumer,United States,NY,Bronx
200,Consumer,United States,MA,Lynn
8788,Consumer,United States,IL,Chicago
2276,Consumer,United States,KY,Bowling Green
8083,Consumer,United States,NY,New York
9788,Consumer,United States,MI,Holland
4529,Consumer,United States,NY,Bronx
11945,Consumer,United States,HI,Honolulu
11201,Consumer,United States,CA,Indio
10825,Consumer,United States,NY,Jamaica
2953,Consumer,United States,OR,Albany
7939,Consumer,United States,NY,South Ozone Park
5121,Consumer,United States,CA,Antioch
11598,Consumer,United States,GA,Marietta
3185,Consumer,United States,AL,Birmingham
9474,Consumer,United States,MA,Methuen
3535,Consumer,United States,CA,Encinitas
6199,Consumer,United States,NY,Corona
6366,Consumer,United States,CA,La Habra
10307,Consumer,United States,CA,Tustin
1148,Consumer,United States,GA,Augusta
9159,Consumer,United States,CA,Los Angeles
2269,Consumer,United States,CA,Riverside
8070,Consumer,United States,OR,Eugene
6999,Consumer,United States,IL,Cicero
4460,Consumer,United States,CA,Los Angeles
12045,Consumer,United States,PA,Carlisle
12299,Consumer,United States,IL,Chicago
4046,Consumer,United States,MI,Wyandotte
3959,Consumer,United States,FL,Fort Lauderdale
7378,Consumer,United States,CA,Pico Rivera
430,Consumer,United States,CA,Porterville
1643,Consumer,United States,NY,Staten Island
8435,Consumer,United States,CA,Los Angeles
12178,Consumer,United States,TX,Irving
8116,Consumer,United States,TX,Dallas
3163,Consumer,United States,MO,Saint Louis
6568,Consumer,United States,IL,Joliet
2568,Consumer,United States,TN,Memphis
1733,Consumer,United States,TX,Pharr
4506,Consumer,United States,VA,Virginia Beach
5227,Consumer,United States,DE,New Castle
11399,Consumer,United States,WA,Redmond
4093,Consumer,United States,MA,Brockton
1024,Consumer,United States,NY,Bronx
10023,Consumer,United States,NJ,Newark
1145,Consumer,United States,OH,Columbus
7441,Consumer,United States,IL,Joliet
9640,Consumer,United States,MI,Detroit
8135,Consumer,United States,OH,Cincinnati
10371,Consumer,United States,IL,Mount Prospect
7362,Consumer,United States,OH,Lakewood
6536,Consumer,United States,CA,San Francisco
4492,Consumer,United States,MA,Lawrence
4256,Consumer,United States,NY,Bronx
7903,Consumer,United States,CA,Fullerton
3664,Consumer,United States,VA,Virginia Beach
1768,Consumer,United States,NV,Las Vegas
10111,Consumer,United States,OH,Westerville
3783,Consumer,United States,TX,El Paso
8194,Consumer,United States,UT,Clearfield
5970,Consumer,United States,CT,Manchester
5687,Consumer,United States,FL,Fort Lauderdale
4803,Consumer,United States,CA,Los Angeles
960,Consumer,United States,MA,New Bedford
9314,Consumer,United States,CA,Chula Vista
1636,Consumer,United States,MD,Fort Washington
8023,Consumer,United States,FL,Tampa
11371,Consumer,United States,CA,Van Nuys
2784,Consumer,United States,CA,Bakersfield
10637,Consumer,United States,WA,Seattle
300,Consumer,United States,TX,Plano
9303,Consumer,United States,TX,Dallas
3322,Consumer,United States,TX,Del Rio
5297,Consumer,United States,CA,San Diego
3680,Consumer,United States,IL,Aurora
3844,Consumer,United States,VA,Hampton
1612,Consumer,United States,HI,Kailua
3550,Consumer,United States,PA,Philadelphia
5142,Consumer,United States,MD,Annapolis
9575,Consumer,United States,CA,Azusa
12350,Consumer,United States,IL,Chicago
1283,Consumer,United States,CA,Hawthorne
3337,Consumer,United States,MD,Baltimore
663,Consumer,United States,CA,Pacoima
3289,Consumer,United States,CA,Rialto
11450,Consumer,United States,TX,Laredo
6986,Consumer,United States,CA,North Hollywood
9425,Consumer,United States,MI,Detroit
4496,Consumer,United States,NJ,Newark
5363,Consumer,United States,MI,Jackson
7612,Consumer,United States,NY,Brooklyn
11033,Consumer,United States,TX,Laredo
8942,Home Office,Puerto Rico,PR,Caguas
4017,Consumer,United States,MO,Florissant
10190,Home Office,United States,CO,Aurora
7015,Corporate,United States,CA,Rosemead
2139,Consumer,United States,CA,Los Angeles
9312,Consumer,United States,OH,Massillon
10481,Consumer,United States,NY,Ithaca
5237,Consumer,United States,CA,Rowland Heights
5230,Consumer,United States,CA,Santa Ana
10426,Consumer,Puerto Rico,PR,Caguas
11857,Corporate,Puerto Rico,PR,Caguas
11570,Home Office,United States,MI,Detroit
4800,Consumer,Puerto Rico,PR,Caguas
5773,Consumer,United States,FL,Jacksonville
4402,Corporate,United States,HI,Honolulu
11235,Corporate,United States,OR,Portland
2768,Corporate,Puerto Rico,PR,Caguas
4268,Home Office,Puerto Rico,PR,Caguas
9235,Corporate,United States,NY,Buffalo
6921,Consumer,Puerto Rico,PR,Caguas
10667,Corporate,United States,MA,Methuen
10801,Consumer,United States,MN,Saint Paul
12047,Corporate,Puerto Rico,PR,Caguas
28,Consumer,United States,WA,Longview
10069,Consumer,United States,NM,Albuquerque
8058,Consumer,United States,HI,Kailua
4670,Home Office,Puerto Rico,PR,Caguas
7233,Corporate,United States,IL,Chicago
9384,Consumer,Puerto Rico,PR,Caguas
1920,Home Office,Puerto Rico,PR,Caguas
12129,Consumer,United States,NY,Bronx
3207,Consumer,Puerto Rico,PR,Caguas
8510,Consumer,United States,NY,New York
954,Home Office,United States,TX,Richmond
5845,Home Office,United States,CA,La Mesa
5705,Home Office,United States,FL,Brandon
11637,Consumer,Puerto Rico,PR,Caguas
9415,Home Office,Puerto Rico,PR,Caguas
10454,Home Office,United States,CA,Milpitas
4318,Corporate,United States,TX,San Benito
2660,Consumer,Puerto Rico,PR,Caguas
8647,Corporate,United States,TX,Lewisville
2367,Consumer,United States,OH,Columbus
11725,Corporate,United States,CA,Corona
11542,Corporate,Puerto Rico,PR,Caguas
10319,Corporate,Puerto Rico,PR,Caguas
10553,Consumer,United States,OR,Salem
6430,Consumer,Puerto Rico,PR,Caguas
3764,Consumer,United States,CA,Los Angeles
2167,Consumer,United States,CA,Los Angeles
5721,Consumer,United States,MI,Westland
1602,Home Office,United States,CA,Santa Ana
12135,Corporate,United States,IL,Chicago
5322,Corporate,United States,NY,New York
1919,Corporate,United States,TX,Fort Worth
24,Home Office,Puerto Rico,PR,Caguas
375,Home Office,United States,TX,Dallas
8235,Consumer,United States,TX,Sugar Land
4636,Corporate,United States,NY,Yonkers
11291,Consumer,United States,NY,Brooklyn
7996,Corporate,United States,MD,Potomac
6960,Consumer,Puerto Rico,PR,Caguas
6316,Home Office,Puerto Rico,PR,Caguas
6423,Consumer,United States,CA,San Diego
133,Consumer,United States,NY,Brooklyn
7163,Corporate,United States,MI,Detroit
8446,Consumer,United States,MD,Baltimore
11835,Consumer,United States,AZ,Scottsdale
4565,Consumer,Puerto Rico,PR,Caguas
9064,Corporate,United States,PA,Philadelphia
6283,Consumer,United States,CA,Compton
5763,Home Office,United States,CA,Clovis
363,Consumer,Puerto Rico,PR,Caguas
6658,Consumer,United States,TX,Plano
11740,Home Office,United States,CA,El Cajon
10901,Corporate,United States,CA,Vallejo
10055,Home Office,United States,NV,Las Vegas
9832,Home Office,United States,LA,New Orleans
4691,Corporate,United States,MD,Fort Washington
8506,Consumer,Puerto Rico,PR,Caguas
11403,Consumer,United States,IL,Elmhurst
8720,Corporate,United States,OH,Strongsville
7511,Consumer,United States,FL,Miami
5922,Home Office,United States,IL,Chicago
8060,Consumer,United States,IL,Chicago
12038,Corporate,United States,FL,Fort Lauderdale
7752,Consumer,United States,PA,Carlisle
11339,Home Office,Puerto Rico,PR,Caguas
5589,Consumer,United States,OH,Loveland
978,Consumer,Puerto Rico,PR,Caguas
9730,Home Office,Puerto Rico,PR,Caguas
8445,Corporate,United States,OH,Hamilton
5214,Corporate,United States,NY,New York
3034,Consumer,United States,AZ,Peoria
11080,Consumer,United States,CA,Santa Ana
6300,Corporate,Puerto Rico,PR,Caguas
11001,Corporate,United States,CA,Sylmar
7022,Corporate,United States,FL,Miami
8041,Corporate,Puerto Rico,PR,Caguas
2354,Home Office,Puerto Rico,PR,Caguas
4432,Consumer,United States,IL,Wheaton
656,Corporate,United States,CA,Pomona
2164,Home Office,Puerto Rico,PR,Caguas
1161,Home Office,Puerto Rico,PR,Caguas
7101,Consumer,Puerto Rico,PR,Caguas
3545,Home Office,United States,NY,Rochester
2795,Corporate,United States,CA,Salinas
1098,Corporate,United States,TN,Columbia
5989,Consumer,United States,NY,Brooklyn
12296,Consumer,United States,FL,Orlando
6323,Consumer,United States,MA,Brighton
12306,Consumer,United States,SC,Goose Creek
10250,Consumer,United States,PA,Philadelphia
18985,Consumer,United States,NY,Yonkers
10702,Consumer,United States,CA,Upland
10083,Consumer,United States,CO,Greeley
17389,Consumer,United States,PA,Philadelphia
6476,Consumer,United States,DC,Washington
3811,Consumer,United States,CA,Lancaster
20056,Consumer,United States,FL,Orange Park
17792,Consumer,United States,OH,Cleveland
8574,Consumer,United States,MI,Wyandotte
18275,Consumer,United States,CA,Hayward
7080,Consumer,United States,DC,Washington
3557,Consumer,United States,NV,Las Vegas
15371,Consumer,United States,TN,Knoxville
10149,Consumer,United States,DE,Newark
16292,Consumer,United States,TX,Laredo
7002,Consumer,United States,MI,Wyoming
2939,Consumer,United States,PA,Morrisville
7766,Consumer,United States,MO,Saint Charles
12338,Consumer,United States,AZ,Phoenix
3468,Consumer,United States,CA,San Francisco
7170,Consumer,United States,CA,San Diego
781,Consumer,United States,FL,Miami
1903,Consumer,United States,VA,Blacksburg
671,Consumer,United States,AZ,Tucson
12263,Consumer,United States,NM,Roswell
9419,Consumer,United States,NY,Brooklyn
435,Consumer,United States,IL,Chicago
11090,Consumer,United States,OR,Roseburg
9585,Consumer,United States,TX,Sugar Land
9203,Consumer,United States,NJ,Passaic
5772,Consumer,United States,VA,Hampton
11089,Consumer,United States,CA,San Pablo
8616,Consumer,United States,CA,Riverside
11969,Consumer,United States,HI,Honolulu
8178,Home Office,United States,TN,Memphis
10205,Corporate,United States,MI,Muskegon
7135,Consumer,United States,VA,Woodbridge
7729,Corporate,United States,NV,Las Vegas
12168,Corporate,United States,NY,Bronx
1747,Corporate,United States,MN,Burnsville
6236,Corporate,United States,IL,Chicago
1960,Corporate,United States,DE,Newark
6997,Consumer,United States,CA,Fresno
192,Home Office,Puerto Rico,PR,Caguas
11112,Consumer,Puerto Rico,PR,Caguas
471,Home Office,Puerto Rico,PR,Caguas
4083,Corporate,United States,MI,Wyandotte
5113,Consumer,Puerto Rico,PR,Caguas
8067,Corporate,United States,VA,Virginia Beach
11137,Home Office,Puerto Rico,PR,Caguas
10844,Home Office,United States,CA,Granada Hills
11095,Consumer,United States,CA,Lompoc
5501,Consumer,Puerto Rico,PR,Caguas
6740,Corporate,United States,OH,Zanesville
3188,Home Office,Puerto Rico,PR,Caguas
6640,Corporate,United States,OR,Eugene
9113,Consumer,United States,OR,Salem
10729,Consumer,Puerto Rico,PR,Caguas
11015,Corporate,United States,CA,Los Angeles
11237,Consumer,Puerto Rico,PR,Caguas
11435,Consumer,United States,FL,Hialeah
527,Corporate,United States,MA,Taunton
5014,Consumer,United States,MI,Highland Park
9992,Corporate,Puerto Rico,PR,Caguas
10203,Consumer,United States,TX,El Paso
1896,Home Office,United States,IL,Chicago
11919,Home Office,United States,NY,New York
10344,Consumer,Puerto Rico,PR,Juana Diaz
4732,Corporate,United States,AZ,Glendale
8679,Corporate,United States,PA,Lansdale
11522,Home Office,Puerto Rico,PR,Manati
5479,Consumer,United States,SC,Columbia
5784,Home Office,United States,TN,Antioch
8834,Home Office,United States,CA,Simi Valley
10809,Home Office,Puerto Rico,PR,Caguas
3683,Consumer,Puerto Rico,PR,Caguas
6545,Consumer,Puerto Rico,PR,Caguas
863,Consumer,Puerto Rico,PR,Caguas
7275,Corporate,United States,MT,Billings
7670,Corporate,United States,TX,Houston
8935,Consumer,Puerto Rico,PR,Caguas
11696,Corporate,United States,NY,Brooklyn
4377,Consumer,United States,TN,Murfreesboro
9279,Corporate,United States,IN,Michigan City
446,Corporate,United States,CA,Mission Viejo
7250,Corporate,Puerto Rico,PR,Caguas
8687,Corporate,United States,NY,Brooklyn
12087,Consumer,United States,TN,Cordova
4537,Home Office,United States,FL,Fort Lauderdale
2079,Home Office,United States,OR,Bend
9050,Home Office,United States,OH,Cleveland
392,Consumer,United States,PA,Doylestown
8264,Corporate,United States,IL,Cicero
9921,Corporate,United States,PA,Greensburg
7781,Consumer,Puerto Rico,PR,Caguas
3151,Home Office,United States,IL,Aurora
3499,Home Office,Puerto Rico,PR,Toa Baja
6725,Corporate,United States,PA,Philadelphia
485,Consumer,Puerto Rico,PR,Caguas
6482,Consumer,Puerto Rico,PR,Caguas
4595,Home Office,United States,CA,San Diego
8407,Consumer,Puerto Rico,PR,Caguas
10033,Consumer,United States,TX,San Marcos
3806,Home Office,United States,CA,Upland
2413,Corporate,United States,VA,Virginia Beach
10928,Consumer,Puerto Rico,PR,Caguas
11610,Corporate,Puerto Rico,PR,Caguas
7655,Corporate,Puerto Rico,PR,Caguas
2703,Corporate,Puerto Rico,PR,Caguas
1312,Corporate,Puerto Rico,PR,Caguas
8176,Home Office,Puerto Rico,PR,Caguas
12695,Home Office,Puerto Rico,PR,Caguas
3291,Home Office,Puerto Rico,PR,Caguas
5592,Home Office,Puerto Rico,PR,Caguas
6825,Home Office,Puerto Rico,PR,Caguas
1349,Home Office,Puerto Rico,PR,Caguas
9830,Home Office,Puerto Rico,PR,Caguas
3382,Home Office,Puerto Rico,PR,Caguas
14772,Home Office,Puerto Rico,PR,Caguas
20622,Home Office,Puerto Rico,PR,Caguas
3652,Home Office,Puerto Rico,PR,Caguas
1088,Home Office,Puerto Rico,PR,Caguas
9453,Home Office,Puerto Rico,PR,Caguas
9876,Home Office,Puerto Rico,PR,Caguas
542,Home Office,Puerto Rico,PR,Caguas
13715,Home Office,Puerto Rico,PR,Caguas
6804,Home Office,Puerto Rico,PR,Caguas
1535,Home Office,Puerto Rico,PR,Caguas
3981,Home Office,Puerto Rico,PR,Caguas
9270,Home Office,Puerto Rico,PR,Caguas
5785,Home Office,Puerto Rico,PR,Caguas
644,Home Office,Puerto Rico,PR,Caguas
5820,Home Office,Puerto Rico,PR,Caguas
15982,Home Office,Puerto Rico,PR,Caguas
17544,Home Office,Puerto Rico,PR,Caguas
19011,Home Office,Puerto Rico,PR,Caguas
1051,Home Office,Puerto Rico,PR,Caguas
17198,Home Office,Puerto Rico,PR,Caguas
8559,Home Office,Puerto Rico,PR,Caguas
12969,Home Office,Puerto Rico,PR,Caguas
13048,Home Office,Puerto Rico,PR,Caguas
4560,Home Office,Puerto Rico,PR,Caguas
2240,Home Office,Puerto Rico,PR,Caguas
20568,Home Office,Puerto Rico,PR,Caguas
20549,Home Office,Puerto Rico,PR,Caguas
5737,Home Office,Puerto Rico,PR,Caguas
6339,Consumer,United States,CA,Porterville
8387,Corporate,United States,HI,Waipahu
10882,Home Office,United States,GA,Powder Springs
7192,Consumer,United States,MD,Cumberland
14,Corporate,United States,CA,Pico Rivera
2087,Home Office,United States,TX,San Benito
3590,Corporate,United States,CO,Colorado Springs
4929,Consumer,Puerto Rico,PR,Caguas
255,Corporate,Puerto Rico,PR,Caguas
11421,Consumer,United States,LA,New Orleans
12191,Consumer,Puerto Rico,PR,Caguas
10805,Corporate,United States,IL,Chicago
7392,Home Office,United States,PA,Philadelphia
5346,Corporate,Puerto Rico,PR,Caguas
7043,Consumer,United States,NY,Brooklyn
9548,Corporate,United States,MT,Billings
1709,Corporate,United States,MI,Westland
9698,Consumer,United States,IN,Indianapolis
8656,Corporate,Puerto Rico,PR,Caguas
4843,Consumer,United States,AZ,Glendale
5311,Corporate,United States,MA,Brighton
3878,Home Office,United States,FL,Orlando
1478,Corporate,United States,NY,Rome
6869,Home Office,United States,NJ,Wayne
10597,Corporate,United States,TN,Memphis
7630,Corporate,United States,LA,Opelousas
7401,Corporate,United States,CA,Santa Clara
5627,Consumer,United States,FL,Jacksonville
10947,Corporate,United States,NJ,Edison
11640,Corporate,Puerto Rico,PR,Caguas
9489,Corporate,United States,FL,Miami
5026,Home Office,United States,AR,Jonesboro
2503,Corporate,United States,CA,Canyon Country
5550,Corporate,United States,TX,Weslaco
10706,Consumer,United States,CA,Visalia
6262,Consumer,Puerto Rico,PR,Caguas
11013,Home Office,United States,PA,Philadelphia
6628,Home Office,United States,NC,Hickory
306,Home Office,United States,AZ,Phoenix
11199,Consumer,Puerto Rico,PR,Caguas
6718,Corporate,United States,CA,Pittsburg
5247,Consumer,Puerto Rico,PR,Caguas
12128,Corporate,Puerto Rico,PR,Caguas
1804,Corporate,United States,MI,Howell
11925,Corporate,United States,IL,Tinley Park
9031,Home Office,United States,PA,Philadelphia
11104,Consumer,Puerto Rico,PR,Caguas
3391,Corporate,United States,CA,Carson
8668,Corporate,Puerto Rico,PR,Caguas
2410,Corporate,Puerto Rico,PR,Caguas
11979,Corporate,United States,WI,Madison
8336,Corporate,United States,CA,Hesperia
4711,Corporate,United States,TX,Pharr
5224,Consumer,Puerto Rico,PR,Caguas
5192,Home Office,United States,NJ,Irvington
314,Consumer,United States,WI,Milwaukee
9796,Home Office,United States,UT,Bountiful
8534,Consumer,United States,TX,San Antonio
11187,Consumer,Puerto Rico,PR,Caguas
11794,Corporate,United States,NY,Brooklyn
3709,Consumer,Puerto Rico,PR,Caguas
7632,Home Office,United States,TX,San Antonio
3137,Corporate,United States,CA,Oxnard
7951,Consumer,United States,IL,Chicago
8456,Consumer,Puerto Rico,PR,Caguas
12370,Consumer,Puerto Rico,PR,Caguas
10721,Consumer,Puerto Rico,PR,Caguas
10068,Corporate,United States,CA,Carmichael
2853,Home Office,United States,CA,Fullerton
2877,Home Office,United States,NJ,Toms River
1556,Home Office,United States,NV,Las Vegas
6406,Home Office,United States,DC,Washington
1914,Consumer,United States,IL,Moline
9605,Corporate,Puerto Rico,PR,Bayamon
1212,Corporate,Puerto Rico,PR,Caguas
5847,Home Office,United States,NY,Lockport
8129,Home Office,Puerto Rico,PR,Caguas
4140,Corporate,United States,OH,Hamilton
8208,Corporate,United States,NC,Lenoir
8885,Consumer,United States,GA,Stockbridge
2175,Consumer,United States,TX,Austin
4955,Consumer,Puerto Rico,PR,Caguas
2756,Corporate,United States,CA,Bakersfield
7193,Corporate,Puerto Rico,PR,Caguas
3077,Consumer,United States,CA,Santa Ana
2723,Consumer,Puerto Rico,PR,Caguas
11972,Corporate,United States,NJ,Piscataway
6241,Corporate,United States,IL,Arlington Heights
2674,Consumer,Puerto Rico,PR,Caguas
1956,Consumer,Puerto Rico,PR,Caguas
7764,Consumer,United States,IN,Indianapolis
2460,Corporate,United States,CA,San Pablo
1810,Home Office,United States,CA,Antioch
8368,Corporate,Puerto Rico,PR,Caguas
325,Corporate,United States,DC,Washington
6017,Home Office,United States,MI,Wyandotte
10518,Corporate,United States,CA,Rialto
10616,Corporate,Puerto Rico,PR,Caguas
4124,Consumer,Puerto Rico,PR,Caguas
8631,Consumer,United States,GA,Marietta
8322,Corporate,United States,CA,Vista
11959,Corporate,United States,TX,Mesquite
7984,Corporate,United States,OH,Chillicothe
5553,Consumer,Puerto Rico,PR,Caguas
7145,Home Office,United States,OH,Lancaster
8074,Home Office,United States,TX,College Station
6194,Consumer,Puerto Rico,PR,Caguas
11665,Corporate,United States,KY,Louisville
2212,Consumer,United States,IL,Des Plaines
12110,Consumer,Puerto Rico,PR,Caguas
5650,Consumer,United States,NY,Brooklyn
146,Home Office,Puerto Rico,PR,Caguas
14543,Home Office,Puerto Rico,PR,Caguas
5495,Home Office,Puerto Rico,PR,Caguas
2000,Home Office,Puerto Rico,PR,Caguas
6224,Home Office,Puerto Rico,PR,Caguas
16518,Home Office,Puerto Rico,PR,Caguas
8608,Home Office,Puerto Rico,PR,Caguas
15987,Home Office,Puerto Rico,PR,Caguas
19002,Home Office,Puerto Rico,PR,Caguas
17046,Home Office,Puerto Rico,PR,Caguas
16311,Home Office,Puerto Rico,PR,Caguas
1834,Home Office,Puerto Rico,PR,Caguas
7576,Home Office,Puerto Rico,PR,Caguas
10679,Home Office,Puerto Rico,PR,Caguas
10633,Home Office,Puerto Rico,PR,Caguas
16554,Home Office,Puerto Rico,PR,Caguas
8133,Home Office,Puerto Rico,PR,Caguas
10198,Consumer,United States,OH,Hamilton
7937,Consumer,United States,NC,Asheboro
10435,Home Office,United States,CA,Hawthorne
293,Corporate,Puerto Rico,PR,Caguas
3524,Consumer,United States,GA,Lawrenceville
3630,Corporate,Puerto Rico,PR,Caguas
2596,Consumer,United States,AZ,Yuma
3601,Consumer,Puerto Rico,PR,Caguas
7530,Corporate,United States,CA,Long Beach
4643,Consumer,United States,CA,South San Francisco
402,Consumer,Puerto Rico,PR,Caguas
9473,Consumer,Puerto Rico,PR,Caguas
3243,Corporate,United States,OH,Hamilton
11712,Consumer,United States,VA,Woodbridge
2902,Consumer,United States,OH,Loveland
6014,Home Office,United States,AZ,Tucson
5104,Corporate,United States,NJ,West New York
3566,Corporate,United States,IL,Chicago
11025,Consumer,United States,IL,Chicago
10400,Corporate,United States,CO,Denver
5131,Home Office,United States,CA,Santee
2613,Corporate,United States,IL,Chicago
6370,Corporate,United States,UT,Provo
365,Consumer,United States,CA,Garden Grove
249,Consumer,United States,OR,Portland
10634,Corporate,United States,CA,Laguna Niguel
1348,Corporate,United States,CA,Encinitas
8475,Consumer,United States,IL,Chicago
10997,Corporate,United States,CA,Pacoima
11170,Corporate,United States,PA,Philadelphia
3065,Consumer,Puerto Rico,PR,Caguas
149,Home Office,United States,CA,Colton
7212,Corporate,United States,TX,Fort Worth
2391,Corporate,United States,MI,Westland
7111,Home Office,United States,HI,Ewa Beach
20310,Consumer,Puerto Rico,PR,Caguas
2095,Consumer,Puerto Rico,PR,Caguas
3097,Consumer,Puerto Rico,PR,Caguas
14917,Consumer,Puerto Rico,PR,Caguas
8053,Consumer,Puerto Rico,PR,Caguas
1234,Consumer,Puerto Rico,PR,Caguas
6866,Consumer,Puerto Rico,PR,Caguas
15354,Consumer,Puerto Rico,PR,Caguas
15683,Consumer,Puerto Rico,PR,Caguas
15892,Consumer,Puerto Rico,PR,Caguas
6165,Consumer,Puerto Rico,PR,Caguas
17303,Consumer,Puerto Rico,PR,Caguas
11804,Consumer,Puerto Rico,PR,Caguas
14694,Consumer,Puerto Rico,PR,Caguas
4629,Consumer,Puerto Rico,PR,Caguas
10070,Consumer,Puerto Rico,PR,Caguas
13140,Consumer,Puerto Rico,PR,Caguas
12904,Consumer,Puerto Rico,PR,Caguas
14669,Consumer,Puerto Rico,PR,Caguas
12630,Consumer,Puerto Rico,PR,Caguas
13518,Consumer,Puerto Rico,PR,Caguas
15932,Consumer,Puerto Rico,PR,Caguas
6097,Consumer,Puerto Rico,PR,Caguas
9988,Consumer,Puerto Rico,PR,Caguas
1315,Consumer,Puerto Rico,PR,Caguas
14804,Consumer,Puerto Rico,PR,Caguas
14921,Consumer,Puerto Rico,PR,Caguas
12886,Consumer,Puerto Rico,PR,Caguas
14658,Consumer,Puerto Rico,PR,Caguas
13500,Consumer,Puerto Rico,PR,Caguas
13698,Consumer,Puerto Rico,PR,Caguas
13728,Consumer,Puerto Rico,PR,Caguas
14869,Consumer,Puerto Rico,PR,Caguas
14977,Consumer,Puerto Rico,PR,Caguas
15043,Consumer,Puerto Rico,PR,Caguas
5380,Consumer,Puerto Rico,PR,Caguas
7247,Consumer,Puerto Rico,PR,Caguas
11290,Consumer,Puerto Rico,PR,Caguas
2273,Consumer,Puerto Rico,PR,Caguas
4385,Consumer,Puerto Rico,PR,Caguas
18119,Consumer,Puerto Rico,PR,Caguas
18197,Consumer,Puerto Rico,PR,Caguas
17291,Consumer,Puerto Rico,PR,Aguadilla
20256,Consumer,Puerto Rico,PR,Caguas
19769,Consumer,Puerto Rico,PR,Caguas
19887,Consumer,Puerto Rico,PR,Caguas
16430,Consumer,Puerto Rico,PR,Caguas
16584,Consumer,Puerto Rico,PR,Caguas
155,Consumer,Puerto Rico,PR,Caguas
20654,Consumer,Puerto Rico,PR,Caguas
15989,Consumer,Puerto Rico,PR,Caguas
15382,Consumer,Puerto Rico,PR,Caguas
16151,Consumer,Puerto Rico,PR,Caguas
18369,Consumer,Puerto Rico,PR,Caguas
18957,Consumer,Puerto Rico,PR,Caguas
2442,Consumer,Puerto Rico,PR,Caguas
2332,Consumer,Puerto Rico,PR,Caguas
11324,Home Office,United States,TX,Dallas
12867,Home Office,United States,OH,Columbus
14821,Home Office,United States,CA,Costa Mesa
12615,Home Office,United States,CA,Los Angeles
8069,Home Office,United States,MI,Highland Park
6845,Home Office,United States,CA,Los Angeles
10295,Home Office,United States,TN,Memphis
9098,Home Office,United States,PA,Washington
9751,Home Office,United States,IL,Chicago
3197,Home Office,United States,CA,Los Angeles
565,Home Office,United States,CA,San Francisco
9139,Home Office,United States,NC,Greensboro
5109,Home Office,United States,CA,San Jose
15480,Home Office,United States,CO,Colorado Springs
8561,Home Office,United States,AZ,Tucson
17617,Home Office,United States,PA,Bensalem
4982,Home Office,United States,NJ,Union
5064,Home Office,United States,AZ,Phoenix
8317,Home Office,United States,WV,Wheeling
7266,Home Office,United States,CA,Gilroy
11072,Home Office,United States,IL,Wheaton
12478,Home Office,United States,GA,Duluth
20493,Home Office,United States,CA,Modesto
19817,Home Office,United States,IA,Dubuque
14558,Home Office,United States,CA,Victorville
18776,Home Office,United States,WA,Kent
20387,Home Office,United States,CA,Santee
12677,Home Office,United States,OH,Hamilton
14206,Home Office,United States,PA,Philadelphia
13169,Home Office,United States,TX,Amarillo
18015,Home Office,United States,VA,Hampton
18208,Home Office,United States,OH,Middletown
19170,Home Office,United States,OH,Hamilton
16491,Home Office,United States,NY,Levittown
20504,Home Office,United States,CA,Hesperia
16157,Home Office,United States,MI,Mount Pleasant
16228,Home Office,United States,CA,Garden Grove
20226,Home Office,United States,PA,Morrisville
8045,Home Office,United States,GA,Powder Springs
9363,Home Office,United States,CA,San Diego
8111,Home Office,United States,FL,Pompano Beach
20152,Home Office,United States,OR,Bend
13841,Home Office,United States,OH,Strongsville
14366,Home Office,United States,MN,Saint Paul
13113,Home Office,United States,IL,Waukegan
13227,Home Office,United States,MI,Canton
13978,Home Office,United States,LA,New Orleans
13021,Home Office,United States,NY,New York
14081,Home Office,United States,NY,New York
5448,Home Office,United States,FL,Miami
6608,Home Office,United States,FL,Pompano Beach
15322,Home Office,United States,AZ,Yuma
18076,Home Office,United States,MD,Hyattsville
16242,Home Office,United States,CA,Upland
20428,Home Office,United States,CO,Aurora
5339,Consumer,Puerto Rico,PR,Caguas
19836,Consumer,Puerto Rico,PR,Caguas
14971,Consumer,Puerto Rico,PR,Caguas
18170,Consumer,Puerto Rico,PR,Caguas
18141,Consumer,Puerto Rico,PR,Caguas
19075,Consumer,Puerto Rico,PR,Caguas
18333,Consumer,Puerto Rico,PR,Caguas
18405,Consumer,Puerto Rico,PR,Caguas
10063,Consumer,Puerto Rico,PR,Caguas
16032,Consumer,Puerto Rico,PR,Caguas
15934,Consumer,Puerto Rico,PR,Caguas
9929,Consumer,Puerto Rico,PR,Caguas
17584,Consumer,Puerto Rico,PR,Caguas
13473,Consumer,Puerto Rico,PR,Caguas
12739,Consumer,Puerto Rico,PR,Caguas
7014,Consumer,Puerto Rico,PR,Caguas
19083,Consumer,Puerto Rico,PR,Caguas
15734,Consumer,Puerto Rico,PR,Caguas
2712,Consumer,United States,CA,Fremont
10808,Consumer,United States,CA,Walnut
7886,Corporate,United States,OR,Salem
5801,Corporate,United States,FL,Lutz
269,Consumer,United States,IL,Chicago
7146,Consumer,Puerto Rico,PR,Caguas
5005,Consumer,United States,IL,Berwyn
19046,Home Office,Puerto Rico,PR,Caguas
2312,Home Office,Puerto Rico,PR,Caguas
47,Home Office,Puerto Rico,PR,Caguas
57,Consumer,United States,MD,Baltimore
10510,Corporate,United States,VA,Virginia Beach
9108,Consumer,United States,MA,Methuen
3571,Consumer,United States,TX,Harlingen
5613,Corporate,United States,IL,Chicago
6800,Corporate,United States,CA,West Covina
19491,Consumer,United States,CA,San Jose
19470,Corporate,Puerto Rico,PR,Caguas
19464,Consumer,United States,CA,Bellflower
14645,Consumer,Puerto Rico,PR,Caguas
13206,Consumer,Puerto Rico,PR,Caguas
14097,Consumer,Puerto Rico,PR,Caguas
9884,Corporate,United States,NJ,Edison
19415,Consumer,Puerto Rico,PR,Caguas
19413,Corporate,United States,MI,Taylor
19410,Corporate,Puerto Rico,PR,Caguas
19385,Corporate,United States,CA,Garden Grove
19377,Consumer,United States,CA,Bakersfield
16013,Corporate,United States,IL,Chicago
16011,Corporate,United States,FL,Fort Lauderdale
581,Consumer,United States,NJ,West New York
6180,Corporate,United States,TX,North Richland Hills
19348,Corporate,United States,TX,San Benito
19335,Corporate,United States,CA,Gardena
19328,Corporate,United States,CA,Ontario
19326,Consumer,United States,NY,Webster
19298,Corporate,Puerto Rico,PR,Caguas
19284,Corporate,United States,NY,South Richmond Hill
16755,Consumer,United States,FL,Tampa
16746,Corporate,United States,CA,Modesto
16737,Consumer,United States,DE,Newark
16703,Consumer,United States,OH,Loveland
16675,Consumer,United States,TX,Houston
16665,Corporate,United States,NY,Lockport
16656,Consumer,Puerto Rico,PR,Caguas
16653,Corporate,United States,NC,Greenville
12713,Home Office,Puerto Rico,PR,Caguas
13029,Home Office,Puerto Rico,PR,Caguas
13639,Home Office,Puerto Rico,PR,Caguas
13990,Consumer,Puerto Rico,PR,Caguas
11466,Consumer,Puerto Rico,PR,Caguas
17349,Corporate,United States,MI,Jackson
4811,Corporate,United States,CA,Hollister
9539,Corporate,United States,NC,Lenoir
15457,Corporate,United States,NY,Flushing
2891,Corporate,United States,CA,Lake Forest
16649,Corporate,United States,CA,Spring Valley
16631,Consumer,United States,TX,Dallas
6486,Consumer,United States,CO,Aurora
957,Corporate,United States,CA,Stockton
7680,Consumer,United States,NY,Freeport
18506,Home Office,Puerto Rico,PR,Caguas
16447,Consumer,Puerto Rico,PR,Caguas
18810,Consumer,Puerto Rico,PR,Caguas
17336,Consumer,Puerto Rico,PR,Caguas
770,Corporate,Puerto Rico,PR,Caguas
10764,Corporate,Puerto Rico,PR,Caguas
6989,Corporate,Puerto Rico,PR,Caguas
4072,Corporate,United States,OR,Eugene
20005,Corporate,United States,SC,Lancaster
19816,Corporate,United States,CA,Goleta
17212,Corporate,United States,CA,Elk Grove
3674,Consumer,United States,CA,El Cajon
5673,Corporate,United States,NM,Roswell
3734,Corporate,United States,CA,Modesto
11415,Corporate,United States,CA,Oxnard
2512,Consumer,Puerto Rico,PR,Caguas
6695,Corporate,United States,NY,Bronx
2255,Consumer,United States,PA,Philadelphia
19165,Consumer,United States,GA,Augusta
15249,Home Office,Puerto Rico,PR,Caguas
17237,Consumer,Puerto Rico,PR,Caguas
18937,Consumer,Puerto Rico,PR,Caguas
17156,Consumer,Puerto Rico,PR,Caguas
7319,Corporate,Puerto Rico,PR,Caguas
3410,Corporate,Puerto Rico,PR,Caguas
4541,Corporate,Puerto Rico,PR,Caguas
11050,Corporate,Puerto Rico,PR,Caguas
8150,Corporate,United States,CA,Los Angeles
3505,Corporate,United States,IL,Chicago
6454,Corporate,United States,NM,Albuquerque
504,Consumer,United States,FL,Orange Park
10378,Consumer,United States,NY,Forest Hills
13287,Consumer,United States,CA,El Centro
14159,Consumer,United States,CA,Moreno Valley
9397,Consumer,United States,CA,Fontana
10812,Corporate,United States,NM,Albuquerque
14584,Home Office,Puerto Rico,PR,Caguas
17933,Home Office,Puerto Rico,PR,Caguas
17896,Home Office,Puerto Rico,PR,Caguas
16214,Home Office,Puerto Rico,PR,Caguas
8951,Home Office,Puerto Rico,PR,Caguas
16462,Home Office,Puerto Rico,PR,Caguas
15209,Home Office,Puerto Rico,PR,Caguas
19818,Home Office,Puerto Rico,PR,Caguas
14466,Consumer,Puerto Rico,PR,Caguas
13805,Consumer,Puerto Rico,PR,Caguas
2535,Consumer,Puerto Rico,PR,Caguas
14836,Consumer,Puerto Rico,PR,Caguas
13867,Consumer,Puerto Rico,PR,Caguas
13759,Consumer,Puerto Rico,PR,Caguas
13740,Consumer,Puerto Rico,PR,Caguas
7409,Consumer,Puerto Rico,PR,Caguas
3542,Consumer,Puerto Rico,PR,Caguas
12745,Consumer,Puerto Rico,PR,Caguas
12737,Consumer,Puerto Rico,PR,Caguas
9655,Corporate,United States,CA,San Jose
659,Corporate,United States,NC,Greenville
11439,Corporate,United States,TX,El Paso
9026,Corporate,United States,CA,Sacramento
4449,Corporate,United States,MA,Peabody
17709,Consumer,United States,TX,Brownsville
17862,Consumer,United States,HI,Honolulu
11119,Consumer,United States,MO,Saint Louis
13824,Consumer,United States,VA,Virginia Beach
14730,Consumer,United States,CA,San Diego
15027,Consumer,United States,TX,Dallas
9217,Consumer,United States,ID,Meridian
17416,Consumer,United States,CA,San Bernardino
15318,Consumer,United States,TX,Amarillo
15619,Consumer,United States,NY,Buffalo
3837,Consumer,United States,CO,Aurora
14122,Consumer,United States,CA,Los Angeles
5373,Corporate,United States,TX,Houston
13258,Corporate,United States,CA,Rowland Heights
14774,Corporate,United States,NY,Lindenhurst
2070,Corporate,United States,WI,La Crosse
10283,Corporate,United States,NY,Buffalo
14274,Corporate,United States,CA,Ontario
12294,Consumer,United States,CA,Mission Viejo
12272,Consumer,United States,AZ,Tempe
16617,Consumer,United States,CA,Ventura
19198,Consumer,United States,TX,Weslaco
15755,Consumer,United States,NY,New York
20454,Consumer,United States,MI,Dearborn
17492,Consumer,United States,CA,Long Beach
6760,Consumer,United States,CA,Oceanside
15000,Consumer,United States,TX,Amarillo
14948,Consumer,Puerto Rico,PR,Caguas
9558,Consumer,Puerto Rico,PR,Caguas
7849,Consumer,Puerto Rico,PR,Caguas
20410,Consumer,Puerto Rico,PR,Caguas
17972,Consumer,Puerto Rico,PR,Caguas
17257,Consumer,Puerto Rico,PR,Caguas
15591,Consumer,Puerto Rico,PR,Caguas
20044,Consumer,Puerto Rico,PR,Bayamon
17116,Consumer,Puerto Rico,PR,Caguas
20017,Consumer,Puerto Rico,PR,Caguas
18562,Consumer,Puerto Rico,PR,Caguas
15181,Consumer,Puerto Rico,PR,Caguas
20100,Consumer,Puerto Rico,PR,Caguas
19130,Consumer,Puerto Rico,PR,Caguas
14861,Corporate,United States,CA,Los Angeles
93,Corporate,United States,MD,Annapolis
9488,Corporate,United States,FL,Hialeah
17282,Corporate,United States,NY,Bronx
17513,Corporate,United States,NY,Brooklyn
1850,Corporate,United States,MI,Detroit
13317,Corporate,United States,TN,Memphis
8356,Corporate,United States,NY,New York
6504,Corporate,United States,FL,Jacksonville
16595,Corporate,United States,TX,Laredo
17741,Corporate,United States,NY,Bronx
20296,Corporate,United States,CA,North Hollywood
20110,Corporate,United States,PA,Carlisle
6971,Corporate,Puerto Rico,PR,Caguas
14293,Corporate,Puerto Rico,PR,San Sebastian
3861,Corporate,Puerto Rico,PR,Caguas
8122,Corporate,Puerto Rico,PR,Caguas
3171,Corporate,Puerto Rico,PR,Caguas
17826,Corporate,Puerto Rico,PR,Caguas
3211,Corporate,Puerto Rico,PR,Caguas
13785,Corporate,Puerto Rico,PR,Caguas
13090,Corporate,United States,FL,Orange Park
16299,Corporate,United States,TN,Nashville
14432,Corporate,United States,NY,Brooklyn
6689,Corporate,United States,FL,Tallahassee
405,Corporate,United States,FL,Fort Lauderdale
17931,Corporate,United States,NY,Tonawanda
15513,Corporate,United States,CA,Santa Ana
10491,Corporate,United States,MI,Westland
13642,Home Office,Puerto Rico,PR,Caguas
20202,Home Office,Puerto Rico,PR,Caguas
17559,Home Office,Puerto Rico,PR,Caguas
18381,Home Office,Puerto Rico,PR,Caguas
8907,Corporate,Puerto Rico,PR,Caguas
5896,Consumer,United States,NY,Forest Hills
9617,Consumer,United States,CA,Los Angeles
13574,Consumer,United States,MI,Mount Pleasant
12522,Consumer,United States,TX,Fort Worth
18062,Consumer,United States,NC,Jacksonville
16406,Consumer,United States,DC,Washington
15903,Consumer,United States,CA,Pacoima
17273,Consumer,United States,WA,Redmond
17992,Consumer,United States,NY,Jackson Heights
15961,Consumer,United States,OH,Cleveland
17353,Consumer,United States,NY,Webster
20452,Consumer,United States,MI,Holland
17556,Consumer,United States,WA,Seattle
20260,Consumer,United States,AZ,Phoenix
20366,Consumer,United States,IL,Chicago
17791,Consumer,United States,MI,Taylor
18987,Consumer,United States,MD,Cumberland
20012,Consumer,United States,CT,Milford
3054,Consumer,United States,CA,Compton
166,Consumer,United States,MO,Florissant
529,Consumer,United States,IL,Chicago
12982,Consumer,United States,UT,Clearfield
14890,Consumer,United States,CA,Santa Clara
12698,Consumer,United States,IL,Chicago
12688,Consumer,United States,TX,Richardson
16456,Consumer,United States,NY,New York
17337,Consumer,United States,GA,Atlanta
13359,Consumer,United States,VA,Norfolk
14320,Consumer,United States,CA,Pacoima
13225,Consumer,United States,CA,San Diego
13951,Consumer,United States,NY,Massapequa
14009,Consumer,United States,AZ,Phoenix
7611,Corporate,Puerto Rico,PR,Caguas
18028,Corporate,Puerto Rico,PR,Caguas
15598,Corporate,Puerto Rico,PR,Caguas
13412,Corporate,Puerto Rico,PR,Caguas
13875,Corporate,Puerto Rico,PR,Caguas
13617,Corporate,Puerto Rico,PR,Caguas
1270,Corporate,Puerto Rico,PR,Caguas
13559,Corporate,Puerto Rico,PR,Caguas
8693,Corporate,Puerto Rico,PR,Caguas
8066,Corporate,Puerto Rico,PR,Caguas
18185,Corporate,Puerto Rico,PR,Caguas
18857,Corporate,Puerto Rico,PR,Caguas
7280,Corporate,Puerto Rico,PR,Caguas
10608,Corporate,Puerto Rico,PR,Caguas
15610,Corporate,Puerto Rico,PR,Caguas
15479,Corporate,Puerto Rico,PR,Caguas
15418,Corporate,Puerto Rico,PR,Caguas
20363,Corporate,Puerto Rico,PR,Caguas
20286,Corporate,Puerto Rico,PR,Caguas
17753,Corporate,Puerto Rico,PR,Caguas
16111,Corporate,Puerto Rico,PR,Caguas
20164,Corporate,Puerto Rico,PR,Caguas
14744,Consumer,United States,TX,Austin
16508,Consumer,United States,OR,Eugene
18706,Consumer,United States,ND,Fargo
15648,Consumer,United States,DC,Washington
18625,Consumer,United States,MD,Catonsville
12586,Consumer,United States,NJ,Union
17943,Consumer,United States,NM,Las Cruces
237,Consumer,United States,CA,San Jose
17674,Consumer,United States,NY,Brooklyn
13131,Corporate,United States,NM,Roswell
12775,Corporate,United States,CA,Long Beach
13910,Corporate,United States,CA,Milpitas
9672,Corporate,United States,ID,Meridian
12517,Corporate,United States,NY,Ithaca
12727,Corporate,United States,CT,Bristol
12562,Corporate,United States,TX,Amarillo
12950,Corporate,United States,CA,La Habra
19247,Corporate,United States,NC,Greenville
17343,Corporate,United States,AZ,Scottsdale
18332,Corporate,United States,OR,Salem
15938,Corporate,United States,CA,Antioch
20627,Corporate,United States,DC,Washington
18673,Corporate,United States,CA,Los Angeles
721,Corporate,United States,SC,Lancaster
17132,Corporate,United States,CA,Tustin
17094,Corporate,United States,TX,Dallas
15259,Corporate,United States,IL,Chicago
11779,Corporate,United States,CA,Rowland Heights
19045,Corporate,United States,CA,Rancho Cucamonga
18772,Corporate,United States,CA,Cupertino
15840,Corporate,United States,TX,College Station
20137,Corporate,United States,NY,New York
18421,Corporate,United States,CA,Carson
13456,Corporate,United States,MA,Quincy
14150,Corporate,United States,IL,Crystal Lake
14843,Corporate,United States,CA,Lake Forest
13661,Corporate,United States,AZ,Scottsdale
13982,Corporate,United States,CA,Corona
14872,Corporate,United States,NM,Albuquerque
14907,Corporate,United States,MI,Hamtramck
19759,Home Office,Puerto Rico,PR,Caguas
19754,Home Office,Puerto Rico,PR,Caguas
19751,Corporate,Puerto Rico,PR,Caguas
19739,Consumer,United States,CA,Antioch
19723,Consumer,Puerto Rico,PR,Caguas
19671,Consumer,Puerto Rico,PR,Caguas
19662,Consumer,United States,OR,Beaverton
19657,Consumer,Puerto Rico,PR,Caguas
19589,Consumer,United States,VA,Norfolk
19586,Corporate,Puerto Rico,PR,Caguas
19573,Home Office,Puerto Rico,PR,Caguas
19565,Consumer,Puerto Rico,PR,Caguas
19538,Corporate,United States,TX,Austin
19495,Consumer,Puerto Rico,PR,Caguas
19493,Consumer,United States,CA,Fairfield
16999,Consumer,United States,WI,La Crosse
16994,Consumer,United States,CA,Bakersfield
16991,Consumer,Puerto Rico,PR,Caguas
16971,Consumer,United States,CA,Los Angeles
16963,Home Office,United States,OH,Findlay
16962,Corporate,United States,CA,El Monte
16960,Home Office,United States,MD,Potomac
16952,Consumer,United States,NY,Brooklyn
16950,Consumer,United States,CA,West Covina
16932,Consumer,United States,NJ,Newark
16888,Consumer,United States,NY,Freeport
16846,Consumer,Puerto Rico,PR,Caguas
16842,Corporate,Puerto Rico,PR,Caguas
16821,Consumer,Puerto Rico,PR,Caguas
16809,Home Office,United States,NY,Lockport
13931,Consumer,Puerto Rico,PR,Caguas
13433,Consumer,Puerto Rico,PR,Caguas
13929,Consumer,Puerto Rico,PR,Caguas
14764,Consumer,Puerto Rico,PR,Caguas
12582,Consumer,Puerto Rico,PR,Caguas
12874,Corporate,United States,CA,Carlsbad
12971,Corporate,United States,NY,Bronx
13701,Corporate,United States,CA,San Francisco
7147,Corporate,United States,WI,La Crosse
16486,Corporate,United States,NY,Brooklyn
15834,Corporate,United States,TX,Plano
17667,Corporate,United States,VA,Hampton
18207,Home Office,United States,NJ,Irvington
19163,Home Office,United States,CA,Los Angeles
20751,Home Office,United States,PA,Philadelphia
13076,Home Office,United States,DE,New Castle
13049,Home Office,United States,NY,South Ozone Park
14298,Home Office,United States,CA,Los Angeles
18336,Home Office,United States,NY,New York
18977,Home Office,United States,KS,Wichita
13110,Consumer,United States,PA,Morrisville
14590,Consumer,United States,TX,Laredo
14548,Consumer,United States,VA,Virginia Beach
14119,Consumer,United States,TX,Dallas
13474,Consumer,United States,CA,Highland
14980,Consumer,United States,PA,Hanover
15839,Consumer,United States,PA,Philadelphia
5925,Consumer,United States,NY,Hempstead
20557,Consumer,United States,NY,Brooklyn
18699,Consumer,United States,CA,San Bernardino
16332,Consumer,United States,FL,Orlando
17804,Consumer,United States,IL,Lockport
17711,Consumer,United States,GA,Duluth
15237,Corporate,Puerto Rico,PR,Caguas
16210,Corporate,Puerto Rico,PR,Caguas
13018,Corporate,United States,TX,Garland
18869,Corporate,United States,PA,Mechanicsburg
18447,Corporate,United States,IL,Chicago
3732,Corporate,United States,GA,Norcross
12989,Corporate,United States,CA,Fremont
16604,Corporate,United States,TX,Weslaco
15234,Corporate,United States,AZ,Phoenix
15233,Corporate,United States,CO,Denver
18820,Corporate,United States,GA,Powder Springs
18389,Corporate,United States,CA,Los Angeles
20721,Corporate,United States,CA,Oxnard
10422,Consumer,United States,IL,Chicago
10336,Home Office,United States,PA,Philadelphia
3049,Consumer,United States,CA,Bakersfield
3463,Consumer,United States,NC,Greensboro
9745,Home Office,Puerto Rico,PR,Caguas
4158,Consumer,Puerto Rico,PR,Caguas
14129,Consumer,United States,MD,Catonsville
13164,Consumer,United States,PA,Philadelphia
14389,Consumer,United States,MD,Potomac
13423,Consumer,United States,NM,Albuquerque
13153,Consumer,United States,NM,Albuquerque
13907,Consumer,United States,CA,Costa Mesa
14778,Consumer,United States,DC,Washington
13976,Consumer,United States,MA,Pittsfield
14829,Consumer,United States,CA,Hesperia
12498,Consumer,United States,NY,Brooklyn
12580,Consumer,United States,NY,Bronx
15083,Consumer,United States,CA,Lancaster
14090,Corporate,United States,CA,El Monte
12760,Corporate,United States,CA,Pico Rivera
13619,Corporate,United States,AZ,Phoenix
12709,Corporate,United States,NY,Jamaica
18319,Corporate,United States,CA,Rialto
20531,Corporate,United States,TX,Austin
20405,Corporate,United States,CA,Rowland Heights
17460,Corporate,United States,TX,Dallas
20628,Corporate,United States,TX,Fort Worth
18242,Corporate,United States,DC,Washington
15256,Corporate,United States,IL,Chicago
16190,Corporate,United States,GA,Columbus
12575,Consumer,United States,CA,San Diego
6340,Consumer,United States,NM,Albuquerque
3279,Consumer,United States,NY,Bronx
17567,Consumer,United States,AZ,Phoenix
18193,Consumer,United States,MO,Saint Louis
15689,Consumer,United States,CA,Laguna Niguel
18367,Consumer,United States,MD,Baltimore
15925,Consumer,United States,TX,Austin
20399,Consumer,United States,CA,San Diego
20613,Consumer,United States,GA,Norcross
15362,Consumer,United States,NY,Levittown
17549,Consumer,United States,MI,Hamtramck
18893,Consumer,United States,TN,Nashville
15243,Consumer,United States,NY,Brooklyn
19893,Consumer,United States,CA,Carlsbad
17126,Consumer,United States,NY,Bronx
17123,Consumer,United States,CA,San Diego
658,Consumer,United States,PA,Irwin
14545,Corporate,Puerto Rico,PR,Caguas
14788,Corporate,Puerto Rico,PR,Caguas
15997,Corporate,Puerto Rico,PR,Caguas
15924,Corporate,Puerto Rico,PR,Caguas
17854,Corporate,Puerto Rico,PR,Caguas
19934,Corporate,Puerto Rico,PR,Caguas
8680,Corporate,Puerto Rico,PR,Caguas
13807,Corporate,Puerto Rico,PR,Caguas
17759,Corporate,Puerto Rico,PR,Caguas
20123,Corporate,Puerto Rico,PR,Caguas
16454,Consumer,United States,ND,Bismarck
15812,Consumer,United States,NY,Tonawanda
17443,Consumer,United States,VA,Virginia Beach
17352,Consumer,United States,CA,Walnut
15357,Consumer,United States,IL,Chicago
15158,Consumer,United States,DE,Newark
19035,Consumer,United States,MA,Quincy
16291,Consumer,United States,NY,New York
17808,Consumer,United States,IL,Chicago
20229,Consumer,United States,IL,Waukegan
18841,Consumer,United States,CA,Lancaster
18315,Consumer,United States,NY,Bronx
11335,Consumer,United States,AZ,Tempe
13436,Home Office,United States,NY,Freeport
13467,Home Office,United States,CA,Cypress
20089,Home Office,United States,CA,Costa Mesa
14255,Home Office,United States,NM,Albuquerque
12606,Home Office,United States,CO,Broomfield
20091,Home Office,United States,CA,Ventura
20582,Home Office,United States,CO,Colorado Springs
12614,Home Office,United States,IL,Waukegan
20749,Home Office,United States,TX,Houston
17396,Home Office,United States,OH,Lakewood
20520,Home Office,United States,OH,Cleveland
20294,Home Office,United States,CA,Santa Maria
16171,Home Office,United States,CA,El Centro
13552,Consumer,United States,MI,Warren
16619,Consumer,United States,IL,Chicago
14692,Consumer,United States,CA,San Jose
14552,Consumer,United States,NJ,New Brunswick
15304,Consumer,United States,GA,Atlanta
14449,Consumer,United States,MN,Saint Paul
16051,Consumer,United States,NY,New York
18238,Consumer,United States,FL,Hollywood
15223,Consumer,United States,IL,Chicago
18479,Consumer,United States,CA,Cupertino
20515,Consumer,United States,NJ,Toms River
17121,Consumer,United States,RI,Woonsocket
14028,Consumer,United States,MD,Silver Spring
14239,Consumer,United States,CT,West Haven
13745,Consumer,United States,NM,Roswell
12849,Consumer,United States,MD,Potomac
13462,Consumer,United States,CA,Ontario
14314,Consumer,United States,CA,San Diego
12546,Consumer,United States,OR,Beaverton
14495,Consumer,United States,OH,Loveland
13973,Consumer,United States,FL,Pompano Beach
15596,Corporate,Puerto Rico,PR,Caguas
16220,Corporate,Puerto Rico,PR,Caguas
13818,Corporate,Puerto Rico,PR,Caguas
14992,Corporate,Puerto Rico,PR,Caguas
13538,Corporate,Puerto Rico,PR,Caguas
19900,Corporate,Puerto Rico,PR,Caguas
1913,Consumer,United States,CA,Daly City
4828,Consumer,United States,IL,Des Plaines
10296,Corporate,Puerto Rico,PR,Caguas
3553,Corporate,Puerto Rico,PR,Caguas
232,Corporate,Puerto Rico,PR,Caguas
4679,Corporate,Puerto Rico,PR,Caguas
2160,Corporate,Puerto Rico,PR,Caguas
11694,Corporate,Puerto Rico,PR,Caguas
5548,Corporate,Puerto Rico,PR,Caguas
11414,Corporate,Puerto Rico,PR,Caguas
2417,Corporate,Puerto Rico,PR,Caguas
11736,Corporate,Puerto Rico,PR,Caguas
2527,Corporate,Puerto Rico,PR,Caguas
11100,Corporate,Puerto Rico,PR,Caguas
12616,Corporate,Puerto Rico,PR,Caguas
3360,Corporate,Puerto Rico,PR,Caguas
1970,Corporate,Puerto Rico,PR,Caguas
3534,Corporate,Puerto Rico,PR,Caguas
8165,Corporate,Puerto Rico,PR,Caguas
9657,Corporate,Puerto Rico,PR,Caguas
3158,Corporate,Puerto Rico,PR,Caguas
2911,Corporate,Puerto Rico,PR,Caguas
3963,Corporate,Puerto Rico,PR,Caguas
1754,Corporate,Puerto Rico,PR,Caguas
7741,Corporate,Puerto Rico,PR,Caguas
10707,Corporate,Puerto Rico,PR,Caguas
17133,Corporate,Puerto Rico,PR,Caguas
10153,Corporate,Puerto Rico,PR,Caguas
7870,Corporate,Puerto Rico,PR,Caguas
11995,Corporate,Puerto Rico,PR,Caguas
19006,Corporate,Puerto Rico,PR,Carolina
18040,Corporate,Puerto Rico,PR,Caguas
16404,Corporate,Puerto Rico,PR,Caguas
5618,Corporate,Puerto Rico,PR,Caguas
8766,Corporate,Puerto Rico,PR,Caguas
20224,Corporate,Puerto Rico,PR,Caguas
15258,Corporate,Puerto Rico,PR,Caguas
4667,Corporate,Puerto Rico,PR,Caguas
6566,Corporate,Puerto Rico,PR,Caguas
4465,Corporate,Puerto Rico,PR,Caguas
5468,Corporate,Puerto Rico,PR,Caguas
7256,Corporate,Puerto Rico,PR,Caguas
7449,Corporate,Puerto Rico,PR,Caguas
3059,Corporate,Puerto Rico,PR,Caguas
9351,Corporate,Puerto Rico,PR,Caguas
10163,Corporate,Puerto Rico,PR,Caguas
7557,Corporate,Puerto Rico,PR,Caguas
9332,Consumer,Puerto Rico,PR,Caguas
1448,Consumer,Puerto Rico,PR,Caguas
10751,Consumer,Puerto Rico,PR,Caguas
3102,Consumer,Puerto Rico,PR,Caguas
20538,Consumer,Puerto Rico,PR,Caguas
2789,Consumer,Puerto Rico,PR,Caguas
5145,Consumer,Puerto Rico,PR,Caguas
6167,Consumer,Puerto Rico,PR,Caguas
14071,Consumer,Puerto Rico,PR,Caguas
14729,Consumer,Puerto Rico,PR,Caguas
11039,Consumer,Puerto Rico,PR,Caguas
7215,Consumer,Puerto Rico,PR,Caguas
12170,Consumer,Puerto Rico,PR,Caguas
12923,Consumer,Puerto Rico,PR,Caguas
6284,Consumer,Puerto Rico,PR,Caguas
4833,Consumer,Puerto Rico,PR,Caguas
2485,Consumer,Puerto Rico,PR,Caguas
509,Consumer,Puerto Rico,PR,Caguas
20169,Consumer,Puerto Rico,PR,Caguas
6715,Consumer,Puerto Rico,PR,Caguas
1459,Consumer,Puerto Rico,PR,Caguas
20470,Consumer,Puerto Rico,PR,Caguas
3922,Consumer,Puerto Rico,PR,Caguas
18691,Consumer,Puerto Rico,PR,Caguas
7412,Consumer,Puerto Rico,PR,Caguas
18556,Consumer,Puerto Rico,PR,Caguas
20177,Consumer,Puerto Rico,PR,Caguas
19832,Consumer,Puerto Rico,PR,Caguas
3014,Consumer,Puerto Rico,PR,Caguas
7435,Consumer,Puerto Rico,PR,Caguas
1095,Consumer,Puerto Rico,PR,Caguas
7809,Consumer,Puerto Rico,PR,Caguas
11442,Consumer,Puerto Rico,PR,Caguas
4350,Consumer,Puerto Rico,PR,Caguas
11526,Consumer,Puerto Rico,PR,Caguas
5364,Consumer,Puerto Rico,PR,Caguas
6507,Consumer,Puerto Rico,PR,Caguas
5533,Consumer,Puerto Rico,PR,Caguas
2551,Consumer,Puerto Rico,PR,Caguas
8205,Consumer,Puerto Rico,PR,Caguas
11124,Consumer,Puerto Rico,PR,Humacao
3442,Consumer,Puerto Rico,PR,Caguas
1053,Consumer,Puerto Rico,PR,Caguas
11705,Consumer,Puerto Rico,PR,Caguas
10585,Consumer,Puerto Rico,PR,Caguas
13891,Consumer,Puerto Rico,PR,Caguas
7844,Consumer,Puerto Rico,PR,Mayaguez
5777,Consumer,Puerto Rico,PR,Caguas
1657,Consumer,Puerto Rico,PR,Caguas
456,Consumer,Puerto Rico,PR,Caguas
8082,Consumer,Puerto Rico,PR,Caguas
6292,Consumer,Puerto Rico,PR,Caguas
7089,Consumer,Puerto Rico,PR,Juana Diaz
10908,Consumer,Puerto Rico,PR,Caguas
5319,Consumer,Puerto Rico,PR,Caguas
2392,Consumer,Puerto Rico,PR,Caguas
4664,Consumer,Puerto Rico,PR,Caguas
10996,Consumer,Puerto Rico,PR,Caguas
1520,Consumer,Puerto Rico,PR,Caguas
12238,Consumer,Puerto Rico,PR,Caguas
5125,Consumer,Puerto Rico,PR,Caguas
7117,Consumer,Puerto Rico,PR,Caguas
830,Consumer,Puerto Rico,PR,Caguas
2062,Consumer,Puerto Rico,PR,Caguas
6767,Consumer,Puerto Rico,PR,Caguas
1275,Consumer,Puerto Rico,PR,Caguas
11929,Consumer,Puerto Rico,PR,Caguas
461,Consumer,Puerto Rico,PR,Caguas
4214,Consumer,Puerto Rico,PR,Caguas
11206,Consumer,Puerto Rico,PR,Caguas
4108,Consumer,Puerto Rico,PR,Caguas
1229,Consumer,Puerto Rico,PR,Caguas
8487,Consumer,Puerto Rico,PR,Caguas
17414,Consumer,Puerto Rico,PR,Caguas
7626,Consumer,Puerto Rico,PR,Caguas
3219,Consumer,Puerto Rico,PR,Caguas
511,Consumer,Puerto Rico,PR,Caguas
12192,Consumer,United States,CA,San Diego
11113,Consumer,United States,NY,Brooklyn
1046,Consumer,United States,TX,San Antonio
11713,Consumer,United States,MI,Jackson
3868,Consumer,United States,AZ,Chandler
7562,Consumer,United States,CA,Escondido
4952,Consumer,United States,CA,Long Beach
6056,Consumer,United States,VA,Virginia Beach
4150,Consumer,United States,CA,Madera
5369,Consumer,United States,TX,North Richland Hills
6393,Consumer,United States,NC,Greenville
7052,Consumer,United States,OR,Albany
11244,Consumer,United States,MI,Ann Arbor
8108,Consumer,United States,CA,Los Angeles
7423,Consumer,United States,OH,Cleveland
4014,Consumer,United States,TX,Dallas
7810,Consumer,United States,TN,Memphis
5640,Consumer,United States,MD,Cumberland
3438,Consumer,United States,HI,Mililani
4278,Consumer,United States,LA,Opelousas
10748,Consumer,United States,IL,Aurora
2951,Consumer,United States,CA,El Monte
3708,Consumer,United States,OH,Westerville
4152,Consumer,United States,NY,Brooklyn
7152,Consumer,United States,CA,Daly City
1874,Consumer,United States,CA,Los Angeles
728,Consumer,United States,PA,Philadelphia
2642,Consumer,United States,NY,Lindenhurst
8003,Consumer,United States,TX,El Paso
4164,Consumer,United States,CA,Panorama City
4976,Consumer,United States,CT,Milford
6581,Consumer,United States,VA,Virginia Beach
4954,Consumer,United States,TX,Houston
8544,Consumer,United States,NY,Bronx
7020,Consumer,United States,PA,Lancaster
4794,Consumer,United States,CA,Simi Valley
9008,Consumer,United States,PA,Hanover
7805,Consumer,United States,NC,Hickory
7492,Consumer,United States,CA,Simi Valley
7751,Consumer,United States,CA,National City
10312,Consumer,United States,TX,El Paso
2289,Consumer,United States,OH,Hilliard
5276,Consumer,United States,OH,Chillicothe
1570,Consumer,United States,CA,Los Angeles
3400,Consumer,United States,CA,Moreno Valley
8424,Consumer,United States,AZ,Yuma
3359,Consumer,United States,CA,Los Angeles
2807,Consumer,United States,NY,Brooklyn
8016,Consumer,United States,CA,Carson
5254,Consumer,United States,WI,Beloit
6812,Consumer,United States,OH,Cleveland
9919,Consumer,United States,NC,Raleigh
2302,Consumer,United States,CA,Bakersfield
7902,Consumer,United States,TX,El Paso
4369,Consumer,United States,CA,Cupertino
12362,Consumer,United States,AZ,Tucson
11777,Consumer,United States,NM,Roswell
4228,Consumer,United States,MI,Detroit
9821,Consumer,United States,MA,New Bedford
2790,Consumer,United States,CA,Santa Ana
3304,Consumer,United States,IL,Chicago
9600,Consumer,United States,NJ,Toms River
2308,Consumer,United States,TX,Austin
458,Consumer,United States,CA,San Francisco
9201,Consumer,United States,WV,Martinsburg
737,Consumer,United States,CA,Pomona
7205,Consumer,United States,TX,Carrollton
2555,Consumer,United States,CA,Costa Mesa
8899,Consumer,United States,CA,San Jose
8472,Consumer,United States,OH,Findlay
1329,Consumer,United States,NV,Las Vegas
2401,Consumer,United States,CA,Union City
5485,Consumer,United States,CA,Corona
7019,Consumer,United States,CA,Bellflower
5707,Consumer,United States,OH,Hamilton
12095,Consumer,United States,NC,Greenville
7925,Consumer,United States,TX,Houston
9609,Consumer,United States,TX,Houston
356,Consumer,United States,MD,Catonsville
7242,Consumer,United States,NJ,Princeton
11853,Consumer,United States,GA,Columbus
4787,Consumer,United States,NJ,Morristown
7916,Consumer,United States,PA,Lancaster
6704,Consumer,United States,OR,Oregon City
2017,Consumer,United States,NJ,Perth Amboy
2520,Consumer,United States,RI,Woonsocket
7893,Consumer,United States,CA,Porterville
9149,Consumer,United States,CA,Santa Ana
1043,Consumer,United States,MO,Florissant
7191,Consumer,United States,IL,Berwyn
8439,Consumer,United States,CA,Chino Hills
7150,Consumer,United States,IL,Algonquin
221,Consumer,United States,OH,Columbus
9010,Consumer,United States,CA,Santa Clara
5036,Consumer,United States,CA,Canyon Country
5856,Consumer,United States,MI,Detroit
2943,Consumer,United States,UT,Salt Lake City
1050,Consumer,United States,MI,Hamtramck
4950,Consumer,United States,TX,Amarillo
9681,Corporate,United States,TX,Dallas
1561,Corporate,United States,TX,Lewisville
10394,Corporate,United States,IL,Chicago
9687,Consumer,United States,FL,Miami
6201,Consumer,Puerto Rico,PR,Caguas
8144,Consumer,United States,CA,Simi Valley
6055,Home Office,Puerto Rico,PR,Caguas
7734,Consumer,United States,CA,Simi Valley
8577,Consumer,United States,VA,Virginia Beach
3325,Corporate,Puerto Rico,PR,Caguas
12428,Corporate,Puerto Rico,PR,Caguas
3847,Home Office,United States,MO,Columbia
586,Home Office,United States,TX,San Marcos
10960,Corporate,United States,CA,Van Nuys
10048,Home Office,Puerto Rico,PR,Caguas
12017,Home Office,United States,MI,Dearborn
7843,Consumer,Puerto Rico,PR,Caguas
1981,Corporate,Puerto Rico,PR,Caguas
2582,Home Office,Puerto Rico,PR,Caguas
5190,Home Office,United States,CT,Middletown
12339,Corporate,United States,HI,Honolulu
7016,Corporate,United States,MO,Columbia
4904,Home Office,United States,NJ,Jersey City
4891,Consumer,United States,PA,Philadelphia
7738,Corporate,United States,TX,Pharr
341,Consumer,United States,CA,Carlsbad
7928,Consumer,United States,TX,Irving
4754,Consumer,United States,NY,Freeport
11332,Home Office,Puerto Rico,PR,Caguas
11417,Consumer,United States,IL,Chicago
8147,Consumer,United States,MI,Muskegon
1200,Home Office,United States,NY,Brooklyn
9253,Consumer,United States,FL,Fort Lauderdale
10924,Consumer,United States,CA,Visalia
6489,Home Office,Puerto Rico,PR,Caguas
1163,Corporate,Puerto Rico,PR,Caguas
5200,Corporate,United States,MD,Hyattsville
3288,Consumer,Puerto Rico,PR,Caguas
10474,Consumer,United States,CA,Stockton
5040,Corporate,Puerto Rico,PR,Caguas
1183,Corporate,United States,AZ,Phoenix
6367,Consumer,United States,NY,South Richmond Hill
5857,Consumer,Puerto Rico,PR,Caguas
7274,Consumer,Puerto Rico,PR,Caguas
4882,Consumer,United States,MI,Detroit
1217,Corporate,United States,IL,Chicago
5670,Consumer,Puerto Rico,PR,Caguas
10536,Home Office,United States,MA,Medford
10890,Consumer,Puerto Rico,PR,Caguas
3265,Home Office,Puerto Rico,PR,Caguas
7133,Consumer,United States,MN,Saint Paul
1916,Consumer,Puerto Rico,PR,Caguas
5563,Corporate,United States,PA,West Chester
2471,Home Office,United States,MI,Hamtramck
7967,Consumer,United States,PA,Philadelphia
8742,Consumer,United States,SC,Columbia
6420,Consumer,United States,NC,Morganton
9482,Consumer,Puerto Rico,PR,Caguas
4758,Corporate,United States,GA,Stockbridge
9956,Corporate,Puerto Rico,PR,Bayamon
11094,Home Office,United States,TX,Mission
8911,Corporate,United States,GA,Stockbridge
1765,Home Office,United States,NY,Brooklyn
1503,Consumer,United States,NV,Las Vegas
11337,Corporate,United States,CT,Danbury
11454,Home Office,United States,FL,Fort Lauderdale
12207,Corporate,United States,TX,Austin
12067,Home Office,United States,CA,Rowland Heights
5672,Home Office,United States,AZ,Chandler
8611,Corporate,United States,KS,Wichita
1608,Corporate,United States,FL,Fort Lauderdale
6974,Home Office,United States,IL,Chicago
3356,Home Office,Puerto Rico,PR,Caguas
11245,Consumer,Puerto Rico,PR,Caguas
4103,Home Office,United States,MA,Dorchester Center
1111,Consumer,United States,PA,York
3711,Consumer,United States,TX,Fort Worth
9842,Consumer,Puerto Rico,PR,Caguas
1227,Home Office,United States,NY,Brooklyn
7600,Consumer,United States,CA,Hacienda Heights
5009,Home Office,Puerto Rico,PR,Caguas
8609,Home Office,United States,NY,Jamaica
6672,Corporate,United States,FL,Fort Lauderdale
4852,Consumer,United States,MI,Highland Park
10310,Consumer,United States,TX,Mcallen
18196,Consumer,United States,FL,Fort Lauderdale
6269,Consumer,United States,TN,Hendersonville
15959,Consumer,United States,FL,Fort Lauderdale
125,Consumer,United States,CA,Oxnard
20393,Consumer,United States,NY,Bronx
1034,Consumer,United States,CA,Merced
15485,Consumer,United States,CA,Bakersfield
2403,Consumer,United States,PA,Philadelphia
17585,Consumer,United States,CA,Costa Mesa
15250,Consumer,United States,IL,Chicago
17111,Consumer,United States,NM,Rio Rancho
16395,Consumer,United States,FL,Fort Lauderdale
1876,Consumer,United States,KS,Salina
31,Consumer,United States,NM,Albuquerque
1689,Consumer,United States,NY,Troy
4783,Consumer,United States,NY,South Richmond Hill
17269,Consumer,United States,MD,Silver Spring
10909,Consumer,United States,OR,Portland
17373,Consumer,United States,OK,Lawton
8923,Consumer,United States,LA,Opelousas
17651,Consumer,United States,PA,Philadelphia
4790,Consumer,United States,MD,Potomac
15628,Consumer,United States,CA,Panorama City
15625,Consumer,United States,GA,Atlanta
2720,Consumer,United States,MI,Ypsilanti
2610,Consumer,United States,CA,Davis
18538,Consumer,United States,CA,Escondido
18574,Consumer,United States,ND,Bismarck
16199,Consumer,United States,MI,Warren
17793,Consumer,United States,AZ,Mesa
17056,Consumer,United States,CO,Colorado Springs
18503,Consumer,United States,FL,Hialeah
11117,Consumer,United States,CA,San Diego
920,Consumer,United States,TX,New Braunfels
11731,Consumer,United States,CA,Encinitas
9293,Consumer,United States,OK,Broken Arrow
11654,Consumer,United States,CA,Santa Cruz
2999,Consumer,United States,AZ,Glendale
4362,Consumer,United States,GA,Roswell
9761,Consumer,United States,TX,Brownsville
6211,Consumer,United States,CA,Lynwood
9823,Consumer,United States,UT,Ogden
7413,Consumer,United States,CA,San Bernardino
6520,Consumer,United States,CA,Daly City
2252,Consumer,United States,NY,Bronx
11592,Consumer,United States,OR,Portland
8470,Consumer,United States,CA,Escondido
5245,Consumer,United States,OH,Elyria
2009,Consumer,United States,FL,Opa Locka
4572,Consumer,United States,NY,Brooklyn
2001,Consumer,United States,KS,Wichita
864,Consumer,United States,TX,Plano
6531,Consumer,United States,CA,San Marcos
10364,Consumer,United States,CA,Los Angeles
965,Consumer,United States,AR,Jonesboro
10778,Consumer,United States,OH,Lakewood
10838,Consumer,United States,NY,Elmhurst
1658,Consumer,United States,CA,Los Angeles
6050,Consumer,United States,NY,Endicott
6127,Consumer,United States,FL,Pompano Beach
3692,Consumer,United States,CA,Los Angeles
2066,Consumer,United States,NY,Brooklyn
8708,Consumer,United States,TX,Dallas
10279,Consumer,United States,CA,Mission Viejo
6415,Consumer,United States,NY,Lindenhurst
4937,Consumer,United States,CA,Baldwin Park
836,Consumer,United States,MI,Dearborn
4169,Consumer,United States,IL,Elgin
1215,Consumer,United States,NV,Las Vegas
11710,Consumer,United States,CA,Hawthorne
7168,Consumer,United States,FL,Tallahassee
8659,Consumer,United States,AZ,Chandler
10572,Consumer,United States,IL,Chicago
6254,Consumer,United States,NY,Tonawanda
9930,Corporate,United States,MI,Detroit
10385,Consumer,United States,CA,West Covina
4495,Consumer,Puerto Rico,PR,Caguas
3341,Consumer,Puerto Rico,PR,Caguas
4893,Consumer,Puerto Rico,PR,Caguas
229,Consumer,United States,FL,Jacksonville
4497,Home Office,Puerto Rico,PR,Caguas
204,Consumer,United States,NV,Las Vegas
331,Home Office,United States,AZ,Tempe
7524,Home Office,United States,IL,Mchenry
6324,Consumer,Puerto Rico,PR,Caguas
6411,Home Office,Puerto Rico,PR,Caguas
5982,Corporate,Puerto Rico,PR,Caguas
4706,Consumer,United States,MO,Ballwin
881,Consumer,United States,TN,Memphis
3464,Home Office,Puerto Rico,PR,Caguas
3225,Consumer,United States,MI,Ann Arbor
6754,Home Office,Puerto Rico,PR,Caguas
10066,Consumer,United States,AZ,Phoenix
276,Corporate,United States,CA,West Covina
2765,Corporate,United States,VA,Woodbridge
1579,Consumer,United States,MA,Brighton
9841,Consumer,United States,HI,Kaneohe
8805,Consumer,Puerto Rico,PR,Caguas
8915,Corporate,Puerto Rico,PR,Caguas
9685,Corporate,Puerto Rico,PR,Caguas
369,Corporate,United States,IL,Chicago
642,Consumer,Puerto Rico,PR,Caguas
7982,Corporate,United States,IL,Chicago
2368,Consumer,Puerto Rico,PR,Caguas
7328,Consumer,Puerto Rico,PR,Caguas
7985,Corporate,Puerto Rico,PR,Caguas
4999,Consumer,United States,CA,San Bernardino
8346,Corporate,Puerto Rico,PR,Caguas
4471,Corporate,United States,CA,Sacramento
884,Consumer,United States,MO,Florissant
11931,Corporate,United States,PA,Philadelphia
1551,Corporate,United States,NJ,Newark
5083,Corporate,United States,NY,Bronx
6416,Home Office,Puerto Rico,PR,Caguas
1955,Consumer,United States,OR,Salem
1591,Corporate,Puerto Rico,PR,Caguas
2335,Corporate,United States,CA,Riverside
9209,Corporate,United States,CA,Los Angeles
4657,Corporate,United States,IL,Chicago
8570,Corporate,United States,CA,Escondido
11754,Corporate,United States,MI,Canton
774,Corporate,Puerto Rico,PR,Caguas
9226,Corporate,Puerto Rico,PR,Caguas
8858,Consumer,United States,CA,Los Angeles
3567,Corporate,United States,HI,Honolulu
7698,Corporate,United States,NY,Endicott
3021,Corporate,United States,NY,Flushing
4793,Corporate,United States,FL,Orlando
8542,Consumer,United States,CA,Rowland Heights
10815,Home Office,Puerto Rico,PR,Caguas
1238,Home Office,Puerto Rico,PR,Caguas
3794,Home Office,United States,CT,Manchester
784,Consumer,United States,CA,Los Angeles
4285,Corporate,United States,CA,Compton
587,Consumer,United States,UT,Ogden
7672,Corporate,United States,IL,Chicago
6623,Corporate,United States,CO,Aurora
12221,Home Office,Puerto Rico,PR,Caguas
236,Home Office,Puerto Rico,PR,Caguas
9053,Corporate,United States,CA,Tustin
6341,Corporate,Puerto Rico,PR,Caguas
1815,Corporate,Puerto Rico,PR,Caguas
1984,Corporate,Puerto Rico,PR,Caguas
18455,Home Office,Puerto Rico,PR,Caguas
8782,Home Office,Puerto Rico,PR,Caguas
10988,Home Office,Puerto Rico,PR,Caguas
186,Home Office,Puerto Rico,PR,Caguas
7386,Home Office,Puerto Rico,PR,Caguas
4232,Home Office,Puerto Rico,PR,Caguas
6363,Home Office,Puerto Rico,PR,Caguas
5728,Home Office,Puerto Rico,PR,Caguas
890,Home Office,Puerto Rico,PR,Caguas
13718,Home Office,Puerto Rico,PR,Caguas
12676,Home Office,Puerto Rico,PR,Caguas
5848,Home Office,Puerto Rico,PR,Caguas
5491,Home Office,Puerto Rico,PR,Caguas
1837,Home Office,Puerto Rico,PR,Caguas
17707,Home Office,Puerto Rico,PR,Caguas
4594,Home Office,Puerto Rico,PR,Caguas
19009,Home Office,Puerto Rico,PR,Caguas
1767,Home Office,Puerto Rico,PR,Caguas
6820,Home Office,Puerto Rico,PR,Caguas
9099,Home Office,Puerto Rico,PR,Caguas
6408,Home Office,Puerto Rico,PR,Caguas
12463,Home Office,Puerto Rico,PR,Caguas
14205,Home Office,Puerto Rico,PR,Caguas
1431,Home Office,Puerto Rico,PR,Caguas
1989,Home Office,Puerto Rico,PR,Caguas
4188,Home Office,Puerto Rico,PR,Caguas
1895,Home Office,Puerto Rico,PR,Caguas
5701,Home Office,Puerto Rico,PR,Caguas
612,Home Office,Puerto Rico,PR,Caguas
3258,Consumer,Puerto Rico,PR,Caguas
9519,Consumer,Puerto Rico,PR,Caguas
4444,Corporate,United States,IL,Mount Prospect
289,Corporate,United States,NJ,Morristown
376,Home Office,Puerto Rico,PR,Caguas
3475,Consumer,United States,GA,Augusta
4559,Consumer,United States,AZ,Tucson
10466,Consumer,United States,CA,Escondido
5275,Consumer,Puerto Rico,PR,Trujillo Alto
10186,Home Office,United States,MD,Gaithersburg
7946,Consumer,United States,CA,San Marcos
9283,Consumer,Puerto Rico,PR,Caguas
5091,Consumer,Puerto Rico,PR,Caguas
9277,Corporate,United States,OR,Eugene
10725,Home Office,United States,IL,Chicago
6310,Home Office,Puerto Rico,PR,Caguas
8959,Corporate,United States,MI,Dearborn
5902,Corporate,United States,TX,Mission
6487,Consumer,Puerto Rico,PR,Caguas
11488,Corporate,United States,OR,Salem
12106,Corporate,United States,CA,Los Angeles
2130,Consumer,United States,TX,Austin
1662,Corporate,United States,NY,Bronx
9802,Corporate,United States,CA,San Diego
8242,Consumer,Puerto Rico,PR,Caguas
7961,Corporate,United States,FL,Miami
5871,Home Office,United States,NY,Bronx
7452,Corporate,United States,IL,Pekin
7076,Home Office,United States,CA,Clovis
1150,Consumer,United States,UT,Clearfield
8175,Corporate,United States,CA,Santa Maria
10253,Consumer,Puerto Rico,PR,Caguas
11642,Corporate,Puerto Rico,PR,Caguas
8750,Consumer,United States,CA,Vista
480,Consumer,United States,TX,Austin
7120,Consumer,United States,NY,South Richmond Hill
5318,Home Office,United States,OH,Cleveland
6573,Home Office,United States,MA,Brockton
2540,Corporate,United States,IN,Indianapolis
9321,Corporate,Puerto Rico,PR,Caguas
4430,Corporate,United States,MI,Detroit
7322,Corporate,United States,IL,Chicago
3507,Home Office,Puerto Rico,PR,Caguas
1272,Consumer,United States,IL,Bolingbrook
7532,Corporate,United States,PA,Philadelphia
9121,Home Office,United States,CA,Hawthorne
2363,Consumer,Puerto Rico,PR,Caguas
5493,Home Office,United States,NJ,Jersey City
4639,Home Office,United States,CA,Los Angeles
9723,Corporate,United States,CA,Los Angeles
6606,Home Office,United States,CA,Palmdale
629,Corporate,United States,CA,Van Nuys
10429,Consumer,United States,FL,Miami
8587,Consumer,Puerto Rico,PR,San Juan
1953,Corporate,United States,MD,Potomac
9500,Consumer,United States,MO,Florissant
8540,Consumer,United States,WA,Kent
5686,Consumer,United States,NY,Rochester
6894,Corporate,United States,NC,Raleigh
6508,Corporate,United States,OH,Hamilton
6882,Home Office,United States,NJ,Newark
6987,Corporate,Puerto Rico,PR,Caguas
8140,Consumer,Puerto Rico,PR,Caguas
7343,Consumer,Puerto Rico,PR,Caguas
6849,Consumer,Puerto Rico,PR,Caguas
12400,Corporate,Puerto Rico,PR,Caguas
11164,Home Office,United States,CA,Oxnard
3395,Consumer,Puerto Rico,PR,Caguas
283,Consumer,United States,CA,Wilmington
12378,Corporate,United States,OR,Eugene
6373,Corporate,United States,KY,Frankfort
1354,Consumer,United States,LA,Opelousas
3209,Consumer,Puerto Rico,PR,Caguas
4383,Corporate,United States,MI,Taylor
5905,Consumer,United States,NM,Albuquerque
8667,Corporate,United States,CA,Alameda
7156,Home Office,Puerto Rico,PR,Caguas
14063,Home Office,Puerto Rico,PR,Caguas
11091,Home Office,Puerto Rico,PR,Caguas
5484,Home Office,Puerto Rico,PR,Caguas
2287,Home Office,Puerto Rico,PR,Caguas
8859,Home Office,Puerto Rico,PR,Caguas
4488,Home Office,Puerto Rico,PR,Caguas
19108,Home Office,Puerto Rico,PR,Caguas
15724,Home Office,Puerto Rico,PR,Caguas
20658,Home Office,Puerto Rico,PR,Caguas
9360,Home Office,Puerto Rico,PR,Caguas
16205,Home Office,Puerto Rico,PR,Caguas
19924,Home Office,Puerto Rico,PR,Caguas
18931,Home Office,Puerto Rico,PR,Caguas
2285,Home Office,Puerto Rico,PR,Caguas
4134,Home Office,Puerto Rico,PR,Caguas
20541,Home Office,Puerto Rico,PR,Caguas
19013,Home Office,Puerto Rico,PR,Caguas
5447,Home Office,Puerto Rico,PR,Caguas
17659,Home Office,Puerto Rico,PR,Caguas
2480,Home Office,United States,WI,Milwaukee
11019,Consumer,Puerto Rico,PR,Caguas
12327,Corporate,Puerto Rico,PR,Caguas
1773,Home Office,United States,MI,Canton
958,Corporate,Puerto Rico,PR,Caguas
1750,Consumer,United States,CA,La Mesa
5895,Consumer,Puerto Rico,PR,Caguas
7105,Home Office,United States,TX,El Paso
665,Consumer,Puerto Rico,PR,Caguas
1342,Corporate,United States,MO,Saint Peters
6773,Corporate,United States,CA,San Jose
5097,Corporate,United States,CA,Martinez
1961,Corporate,United States,OH,Cleveland
4417,Home Office,United States,NY,Rochester
4726,Corporate,Puerto Rico,PR,Caguas
3831,Corporate,United States,CA,Bakersfield
11791,Corporate,United States,CA,Riverside
5863,Corporate,United States,TN,Cordova
11576,Corporate,Puerto Rico,PR,Caguas
1017,Corporate,United States,NY,Jackson Heights
9588,Corporate,Puerto Rico,PR,Caguas
11537,Consumer,Puerto Rico,PR,Caguas
7593,Home Office,United States,CT,New Haven
95,Corporate,United States,MD,Hyattsville
5779,Consumer,Puerto Rico,PR,Caguas
8395,Consumer,United States,NY,Brooklyn
20004,Consumer,Puerto Rico,PR,Caguas
20037,Consumer,Puerto Rico,PR,Caguas
135,Consumer,Puerto Rico,PR,Caguas
4207,Consumer,Puerto Rico,PR,Caguas
8573,Consumer,Puerto Rico,PR,Guaynabo
7691,Consumer,Puerto Rico,PR,Caguas
10240,Consumer,Puerto Rico,PR,Caguas
14482,Consumer,Puerto Rico,PR,Caguas
11944,Consumer,Puerto Rico,PR,Caguas
4042,Consumer,Puerto Rico,PR,Caguas
5753,Consumer,Puerto Rico,PR,Caguas
16169,Consumer,Puerto Rico,PR,Caguas
15826,Consumer,Puerto Rico,PR,Caguas
11751,Consumer,Puerto Rico,PR,Caguas
18635,Consumer,Puerto Rico,PR,Caguas
6641,Consumer,Puerto Rico,PR,Caguas
17313,Consumer,Puerto Rico,PR,Caguas
8246,Consumer,Puerto Rico,PR,Caguas
14447,Consumer,Puerto Rico,PR,Caguas
14838,Consumer,Puerto Rico,PR,Caguas
14767,Consumer,Puerto Rico,PR,San Sebastian
4705,Consumer,Puerto Rico,PR,Caguas
2173,Consumer,Puerto Rico,PR,Caguas
8881,Consumer,Puerto Rico,PR,Caguas
7689,Consumer,Puerto Rico,PR,Caguas
9851,Consumer,Puerto Rico,PR,Caguas
14123,Consumer,Puerto Rico,PR,Caguas
7420,Consumer,Puerto Rico,PR,Caguas
10552,Consumer,Puerto Rico,PR,Caguas
12449,Consumer,Puerto Rico,PR,Caguas
12836,Consumer,Puerto Rico,PR,Caguas
12834,Consumer,Puerto Rico,PR,Caguas
3030,Consumer,Puerto Rico,PR,Caguas
20324,Consumer,Puerto Rico,PR,Caguas
12264,Consumer,Puerto Rico,PR,Caguas
20605,Consumer,Puerto Rico,PR,Caguas
17447,Consumer,Puerto Rico,PR,Caguas
18017,Consumer,Puerto Rico,PR,Caguas
20270,Consumer,Puerto Rico,PR,Caguas
15750,Consumer,Puerto Rico,PR,Caguas
16084,Consumer,Puerto Rico,PR,Caguas
17259,Consumer,Puerto Rico,PR,Caguas
17241,Consumer,Puerto Rico,PR,Caguas
20340,Consumer,Puerto Rico,PR,Caguas
15179,Consumer,Puerto Rico,PR,Caguas
17561,Consumer,Puerto Rico,PR,Caguas
5521,Home Office,United States,PA,West Chester
4676,Home Office,United States,CA,Reseda
5796,Home Office,United States,NV,Las Vegas
10054,Home Office,United States,IL,Chicago
9143,Home Office,United States,WV,Wheeling
15800,Home Office,United States,CA,Martinez
20724,Home Office,United States,IL,Waukegan
17279,Home Office,United States,CA,Los Angeles
9710,Home Office,United States,MA,Lynn
20505,Home Office,United States,PA,Philadelphia
9273,Home Office,United States,LA,New Orleans
17945,Home Office,United States,CA,Mission Viejo
18712,Home Office,United States,PA,Philadelphia
15313,Home Office,United States,NJ,Toms River
17197,Home Office,United States,CA,Los Angeles
18817,Home Office,United States,MO,Columbia
15327,Home Office,United States,CA,Lake Forest
2147,Home Office,United States,KS,Salina
661,Home Office,United States,MI,Detroit
9298,Home Office,United States,FL,Hollywood
10141,Home Office,United States,MA,Medford
9297,Home Office,United States,CA,Fremont
11817,Home Office,United States,TN,Knoxville
6090,Home Office,United States,TX,Houston
6107,Home Office,United States,IL,Chicago
12323,Home Office,United States,TX,San Antonio
14683,Home Office,United States,TX,Laredo
15749,Home Office,United States,MO,Ballwin
8822,Home Office,United States,TX,Dallas
20334,Home Office,United States,TX,Dallas
6993,Home Office,United States,CA,Bakersfield
15310,Home Office,United States,CA,Los Angeles
1569,Home Office,United States,CA,San Diego
14375,Home Office,United States,CA,Tracy
12673,Home Office,United States,CA,San Jose
12938,Home Office,United States,NY,South Richmond Hill
3124,Home Office,United States,NY,Freeport
4593,Home Office,United States,MO,Florissant
5393,Home Office,United States,CA,Wilmington
20342,Home Office,United States,HI,Honolulu
17289,Home Office,United States,NY,Bronx
18379,Home Office,United States,CA,San Diego
17346,Home Office,United States,NJ,West Orange
16162,Home Office,United States,CA,Simi Valley
20087,Home Office,United States,NY,Bronx
2637,Home Office,United States,VA,Hampton
7822,Home Office,United States,NY,Ridgewood
5634,Home Office,United States,MA,Lynn
7890,Home Office,United States,NY,South Ozone Park
13942,Home Office,United States,MD,Hagerstown
1819,Home Office,United States,NM,Albuquerque
20150,Home Office,United States,CA,Paramount
3836,Home Office,United States,VA,Chesapeake
8160,Home Office,United States,CA,El Centro
9934,Home Office,United States,NJ,Bridgeton
3094,Home Office,United States,CA,San Jose
499,Home Office,United States,CA,San Diego
13005,Home Office,United States,ID,Meridian
14733,Home Office,United States,CA,Long Beach
13694,Home Office,United States,TX,Houston
13882,Home Office,United States,TN,Memphis
14931,Home Office,United States,NY,Webster
14597,Home Office,United States,CA,Bellflower
12488,Home Office,United States,IL,Chicago
12601,Home Office,United States,CA,Antioch
15077,Home Office,United States,TX,Carrollton
10814,Home Office,United States,DC,Washington
18183,Home Office,United States,TX,Grand Prairie
17101,Home Office,United States,CA,Los Angeles
17902,Home Office,United States,NY,Bronx
15842,Home Office,United States,TX,El Paso
20730,Home Office,United States,FL,Hialeah
4614,Consumer,Puerto Rico,PR,Caguas
18995,Consumer,Puerto Rico,PR,Caguas
17120,Consumer,Puerto Rico,PR,Caguas
15929,Consumer,Puerto Rico,PR,Caguas
18513,Consumer,Puerto Rico,PR,Caguas
17599,Consumer,Puerto Rico,PR,Caguas
9495,Consumer,Puerto Rico,PR,Caguas
8224,Consumer,Puerto Rico,PR,Caguas
14974,Consumer,Puerto Rico,PR,Caguas
18829,Consumer,Puerto Rico,PR,Caguas
8329,Consumer,Puerto Rico,PR,Caguas
18295,Consumer,Puerto Rico,PR,Caguas
18472,Consumer,Puerto Rico,PR,Caguas
15576,Consumer,Puerto Rico,PR,Caguas
13342,Consumer,Puerto Rico,PR,Caguas
14810,Consumer,Puerto Rico,PR,Caguas
12899,Consumer,Puerto Rico,PR,Caguas
2294,Corporate,United States,CA,San Diego
5017,Corporate,United States,TX,Dallas
9322,Corporate,United States,NJ,New Brunswick
9550,Consumer,United States,TX,Dallas
5235,Consumer,United States,NJ,East Brunswick
2883,Corporate,United States,WI,Sheboygan
7879,Corporate,United States,CO,Aurora
10804,Corporate,United States,NY,Ridgewood
4710,Corporate,United States,CA,Daly City
4774,Corporate,United States,HI,Honolulu
294,Consumer,United States,DE,Newark
7955,Home Office,Puerto Rico,PR,Caguas
11336,Corporate,United States,NC,Charlotte
5472,Consumer,United States,MA,Brighton
9141,Corporate,United States,CA,Bakersfield
19460,Consumer,United States,MI,Detroit
13256,Consumer,Puerto Rico,PR,Caguas
12961,Consumer,Puerto Rico,PR,Caguas
14513,Consumer,Puerto Rico,PR,Caguas
2106,Consumer,United States,CO,Aurora
19442,Corporate,Puerto Rico,PR,Caguas
19438,Home Office,Puerto Rico,PR,Caguas
19433,Corporate,United States,ND,Bismarck
19427,Corporate,United States,CA,Long Beach
19414,Corporate,United States,CO,Denver
19368,Consumer,United States,CA,Gilroy
2686,Consumer,Puerto Rico,PR,Caguas
13597,Consumer,Puerto Rico,PR,Caguas
1186,Consumer,Puerto Rico,PR,Caguas
10577,Consumer,United States,NY,New York
18004,Corporate,United States,IL,Chicago
4029,Corporate,United States,VA,Woodbridge
4862,Corporate,United States,IL,Chicago
19349,Home Office,United States,FL,Tampa
19347,Corporate,Puerto Rico,PR,Caguas
19344,Consumer,United States,CT,Enfield
19309,Consumer,Puerto Rico,PR,Caguas
16726,Corporate,Puerto Rico,PR,Caguas
16679,Home Office,Puerto Rico,PR,Caguas
16651,Consumer,United States,FL,Miami
13383,Home Office,Puerto Rico,PR,Caguas
13112,Home Office,Puerto Rico,PR,Caguas
13031,Home Office,Puerto Rico,PR,Caguas
10961,Consumer,United States,CA,Highland
13575,Corporate,Puerto Rico,PR,Caguas
3932,Consumer,United States,NC,Asheboro
18322,Corporate,United States,TX,Arlington
20664,Corporate,United States,MN,Saint Paul
1244,Corporate,United States,WI,Fond Du Lac
2511,Corporate,United States,NC,Apex
16633,Home Office,Puerto Rico,PR,Caguas
6374,Corporate,Puerto Rico,PR,Caguas
5385,Corporate,Puerto Rico,PR,Caguas
12679,Home Office,Puerto Rico,PR,Caguas
9706,Home Office,Puerto Rico,PR,Caguas
15699,Consumer,Puerto Rico,PR,Caguas
20706,Consumer,Puerto Rico,PR,Caguas
14815,Corporate,Puerto Rico,PR,Caguas
10949,Corporate,United States,NY,Lockport
19935,Corporate,United States,CA,Huntington Beach
17243,Corporate,United States,NC,Chapel Hill
7345,Corporate,United States,CA,Fresno
15602,Corporate,United States,FL,Fort Lauderdale
15526,Corporate,United States,CT,Middletown
2449,Consumer,United States,IL,Elgin
8047,Consumer,United States,CA,San Jose
5928,Consumer,United States,CA,Oxnard
4822,Corporate,United States,NY,Brooklyn
1314,Corporate,United States,CA,Anaheim
7710,Corporate,United States,NC,Greensboro
12010,Corporate,United States,TX,Del Rio
4172,Corporate,United States,CO,Aurora
6682,Corporate,United States,NC,Raleigh
3515,Corporate,United States,FL,Fort Lauderdale
6525,Consumer,United States,CA,San Diego
6028,Corporate,Puerto Rico,PR,Caguas
13935,Consumer,United States,FL,Fort Lauderdale
3911,Consumer,United States,TX,El Paso
18411,Consumer,United States,OR,Portland
20207,Home Office,Puerto Rico,PR,Caguas
16134,Home Office,Puerto Rico,PR,Caguas
16097,Home Office,Puerto Rico,PR,Caguas
19915,Consumer,Puerto Rico,PR,Caguas
6702,Consumer,Puerto Rico,PR,Caguas
20473,Corporate,Puerto Rico,PR,Caguas
10187,Corporate,Puerto Rico,PR,Caguas
12702,Corporate,Puerto Rico,PR,Caguas
14929,Corporate,Puerto Rico,PR,Caguas
9051,Corporate,Puerto Rico,PR,Caguas
18799,Corporate,Puerto Rico,PR,Caguas
1435,Corporate,Puerto Rico,PR,Caguas
16063,Corporate,Puerto Rico,PR,Caguas
10470,Corporate,United States,NC,Greensboro
9261,Corporate,United States,WI,Fond Du Lac
7476,Corporate,United States,TX,Austin
1590,Corporate,United States,TX,Katy
5814,Corporate,United States,DC,Washington
2699,Corporate,United States,OH,Fairfield
7303,Corporate,United States,WI,Madison
1142,Corporate,United States,SC,Columbia
14467,Consumer,United States,CA,Los Angeles
14153,Consumer,United States,CA,Porterville
5433,Corporate,United States,OH,Columbus
11287,Corporate,United States,TX,Houston
812,Corporate,United States,NY,Bronx
12302,Corporate,United States,TX,Austin
19101,Home Office,Puerto Rico,PR,Caguas
4979,Home Office,Puerto Rico,PR,Caguas
17595,Home Office,Puerto Rico,PR,Caguas
13337,Home Office,Puerto Rico,PR,Caguas
13706,Home Office,Puerto Rico,PR,Caguas
18175,Home Office,Puerto Rico,PR,Caguas
19861,Home Office,Puerto Rico,PR,Caguas
2283,Home Office,Puerto Rico,PR,Caguas
14256,Home Office,Puerto Rico,PR,Caguas
14245,Home Office,Puerto Rico,PR,Caguas
14309,Consumer,Puerto Rico,PR,Caguas
13306,Consumer,Puerto Rico,PR,Caguas
14315,Consumer,Puerto Rico,PR,Caguas
14040,Consumer,Puerto Rico,PR,Caguas
15110,Consumer,Puerto Rico,PR,Caguas
7656,Corporate,United States,CA,Bakersfield
574,Corporate,United States,IL,Joliet
5390,Corporate,United States,PA,Allentown
11974,Corporate,United States,CA,Ventura
6863,Corporate,United States,TN,Memphis
977,Consumer,United States,CA,Garden Grove
8028,Consumer,United States,TX,Arlington
1546,Consumer,United States,CA,Corona
11255,Consumer,United States,CA,Martinez
1600,Consumer,United States,CA,El Cajon
10907,Consumer,United States,IN,Michigan City
15044,Consumer,United States,PA,Philadelphia
15825,Consumer,United States,MA,Pittsfield
18013,Consumer,United States,OH,Chillicothe
17683,Consumer,United States,GA,Atlanta
20707,Consumer,United States,CO,Greeley
16044,Consumer,United States,NY,Brooklyn
15197,Consumer,United States,MI,Taylor
6777,Consumer,United States,MD,Cumberland
11594,Consumer,United States,NY,New York
14126,Consumer,United States,IL,Bolingbrook
14503,Corporate,United States,MO,Columbia
18139,Corporate,United States,TX,Fort Worth
15768,Corporate,United States,CA,Stockton
18498,Corporate,United States,CA,San Francisco
3173,Corporate,United States,CA,Daly City
15170,Corporate,United States,FL,Valrico
14368,Corporate,United States,TX,Irving
14096,Corporate,United States,CA,Sun Valley
13896,Corporate,United States,CA,Santa Cruz
12657,Corporate,United States,OH,Columbus
12839,Corporate,United States,NV,Las Vegas
16601,Corporate,United States,AZ,Tucson
14369,Corporate,United States,MA,Brighton
12665,Consumer,United States,FL,Jacksonville
15684,Consumer,United States,NJ,Edison
15941,Consumer,United States,IL,Chicago
17256,Consumer,United States,AZ,Phoenix
1299,Consumer,Puerto Rico,PR,Caguas
18060,Consumer,Puerto Rico,PR,Caguas
18199,Consumer,Puerto Rico,PR,Caguas
18251,Consumer,Puerto Rico,PR,Caguas
19181,Consumer,Puerto Rico,PR,Caguas
15796,Consumer,Puerto Rico,PR,Caguas
11064,Consumer,Puerto Rico,PR,Caguas
20413,Consumer,Puerto Rico,PR,Caguas
16295,Consumer,Puerto Rico,PR,Caguas
18572,Consumer,Puerto Rico,PR,Caguas
16235,Consumer,Puerto Rico,PR,Caguas
20034,Consumer,Puerto Rico,PR,Caguas
19174,Consumer,Puerto Rico,PR,Caguas
18341,Consumer,Puerto Rico,PR,Caguas
17998,Consumer,Puerto Rico,PR,Caguas
20274,Consumer,Puerto Rico,PR,Caguas
19784,Consumer,Puerto Rico,PR,Caguas
2019,Corporate,United States,NY,Brooklyn
9024,Corporate,United States,WA,Longview
12884,Corporate,United States,CA,Modesto
18058,Corporate,United States,NV,North Las Vegas
15923,Corporate,United States,OH,Findlay
16049,Corporate,United States,NY,Brooklyn
17293,Corporate,United States,MD,Parkville
18912,Corporate,United States,PA,Greensburg
17780,Corporate,United States,KY,Bowling Green
17163,Corporate,United States,NY,Brooklyn
7869,Corporate,United States,WA,Sumner
18890,Corporate,United States,TX,San Antonio
3511,Corporate,Puerto Rico,PR,Caguas
15947,Corporate,Puerto Rico,PR,Caguas
18891,Corporate,Puerto Rico,PR,Caguas
17430,Corporate,Puerto Rico,PR,Caguas
280,Corporate,Puerto Rico,PR,Caguas
9811,Corporate,Puerto Rico,PR,Caguas
260,Corporate,United States,CA,North Hollywood
44,Corporate,United States,CA,Napa
67,Corporate,United States,IL,Chicago
18997,Corporate,United States,MN,Saint Paul
12895,Corporate,United States,NC,Sanford
18951,Corporate,United States,MI,East Lansing
17530,Corporate,United States,MI,Ypsilanti
18632,Corporate,United States,CT,Stamford
13039,Corporate,United States,CA,Fresno
13799,Corporate,United States,DC,Washington
13989,Corporate,United States,CA,Oakland
2978,Corporate,United States,CA,Bakersfield
15832,Corporate,United States,CA,San Bernardino
15664,Corporate,United States,NY,Corona
15621,Corporate,United States,AL,Birmingham
18558,Corporate,United States,CA,Los Angeles
6153,Corporate,United States,NY,Bronx
19093,Home Office,Puerto Rico,PR,Caguas
15365,Home Office,Puerto Rico,PR,Caguas
17612,Home Office,Puerto Rico,PR,Caguas
19979,Home Office,Puerto Rico,PR,Caguas
18614,Home Office,Puerto Rico,PR,Caguas
968,Consumer,United States,OH,Cleveland
11363,Consumer,United States,TX,Garland
162,Corporate,Puerto Rico,PR,Caguas
14998,Consumer,United States,NC,Apex
14956,Consumer,United States,RI,Woonsocket
6066,Consumer,United States,LA,Kenner
19120,Consumer,United States,NY,Brooklyn
18842,Consumer,United States,TN,Hendersonville
18350,Consumer,United States,FL,Pompano Beach
20383,Consumer,United States,IL,Crystal Lake
18273,Consumer,United States,OH,Hamilton
18485,Consumer,United States,AZ,Tucson
15633,Consumer,United States,CA,Los Angeles
19004,Consumer,United States,WA,Seattle
13328,Consumer,United States,TX,Mesquite
13314,Consumer,United States,CA,West Covina
6650,Consumer,United States,FL,Orlando
2338,Consumer,United States,NY,Lindenhurst
13062,Consumer,United States,TX,Dallas
8121,Consumer,United States,OR,Portland
19798,Consumer,United States,IL,Oak Lawn
20320,Consumer,United States,CA,Indio
1397,Consumer,United States,NV,Las Vegas
6653,Consumer,United States,MD,Hagerstown
14414,Consumer,United States,CA,Los Angeles
14703,Consumer,United States,AZ,Glendale
12800,Consumer,United States,CA,Tulare
13826,Consumer,United States,AZ,Phoenix
20332,Corporate,Puerto Rico,PR,Caguas
12441,Corporate,Puerto Rico,PR,Caguas
4204,Corporate,Puerto Rico,PR,Caguas
19281,Corporate,Puerto Rico,PR,Caguas
17445,Corporate,Puerto Rico,PR,Caguas
4737,Corporate,Puerto Rico,PR,Caguas
11701,Corporate,Puerto Rico,PR,Caguas
14441,Corporate,Puerto Rico,PR,Caguas
14099,Corporate,Puerto Rico,PR,Caguas
14276,Corporate,Puerto Rico,PR,Caguas
14053,Corporate,Puerto Rico,PR,Caguas
6188,Corporate,Puerto Rico,PR,Caguas
12840,Corporate,Puerto Rico,PR,Caguas
13301,Corporate,Puerto Rico,PR,Caguas
6991,Corporate,Puerto Rico,PR,Caguas
19178,Corporate,Puerto Rico,PR,Caguas
16464,Corporate,Puerto Rico,PR,Caguas
16061,Corporate,Puerto Rico,PR,Caguas
20591,Corporate,Puerto Rico,PR,Caguas
20182,Corporate,Puerto Rico,PR,Caguas
15277,Corporate,Puerto Rico,PR,Caguas
18529,Corporate,Puerto Rico,PR,Toa Baja
17807,Corporate,Puerto Rico,PR,Caguas
17876,Corporate,Puerto Rico,PR,Caguas
6627,Corporate,Puerto Rico,PR,Aguadilla
15758,Consumer,United States,TX,Del Rio
20455,Consumer,United States,CA,San Jose
20700,Consumer,United States,GA,Augusta
15333,Consumer,United States,IL,Waukegan
15584,Consumer,United States,CA,Lynwood
16251,Consumer,United States,NJ,Bloomfield
15580,Consumer,United States,FL,Hialeah
14325,Consumer,United States,GA,Smyrna
19097,Consumer,United States,OH,Massillon
20346,Consumer,United States,FL,Orlando
9963,Consumer,United States,TX,Brownsville
7899,Corporate,United States,KY,Bowling Green
6495,Corporate,United States,CA,San Bernardino
13019,Corporate,United States,TX,San Marcos
14181,Corporate,United States,CA,Rowland Heights
14376,Corporate,United States,NM,Albuquerque
13426,Corporate,United States,CA,Merced
13530,Corporate,United States,NJ,Bloomfield
12454,Corporate,United States,CA,Martinez
15107,Corporate,United States,OR,Portland
7760,Corporate,United States,LA,New Orleans
18297,Corporate,United States,VA,Henrico
20728,Corporate,United States,CA,Chula Vista
15658,Corporate,United States,NJ,Lakewood
19768,Corporate,United States,CA,Visalia
16334,Corporate,United States,WV,Martinsburg
14581,Corporate,United States,AZ,Tempe
18227,Corporate,United States,CA,Los Angeles
14493,Corporate,United States,UT,Bountiful
12595,Corporate,United States,NY,Corona
2369,Corporate,United States,OH,Findlay
12501,Corporate,United States,NJ,Princeton
19195,Corporate,United States,AZ,Tucson
17417,Corporate,United States,CA,Cypress
17603,Corporate,United States,FL,Winter Park
19812,Corporate,United States,CA,North Hollywood
19194,Corporate,United States,CA,Panorama City
14076,Corporate,United States,CA,Bell Gardens
12759,Corporate,United States,NY,New York
13797,Corporate,United States,CA,San Francisco
5114,Consumer,United States,TX,San Antonio
19762,Consumer,Puerto Rico,PR,Caguas
19725,Consumer,United States,IL,Lombard
19710,Home Office,Puerto Rico,PR,Caguas
19707,Consumer,Puerto Rico,PR,Caguas
19706,Consumer,United States,FL,Brandon
19694,Consumer,United States,FL,Opa Locka
19686,Home Office,United States,NY,Brooklyn
19685,Home Office,United States,NY,Brooklyn
19659,Consumer,Puerto Rico,PR,Caguas
19658,Consumer,United States,CA,Napa
19650,Consumer,Puerto Rico,PR,Caguas
19640,Corporate,United States,GA,Atlanta
19616,Home Office,United States,IL,Chicago
19591,Consumer,Puerto Rico,PR,Caguas
19567,Consumer,United States,CA,Fontana
19562,Corporate,United States,VA,Stafford
19546,Consumer,United States,NY,Brooklyn
19533,Consumer,United States,MN,Saint Paul
19509,Corporate,Puerto Rico,PR,Caguas
19501,Consumer,United States,CA,Sacramento
19496,Home Office,Puerto Rico,PR,Yauco
16982,Consumer,United States,CA,Riverside
16972,Corporate,Puerto Rico,PR,Caguas
16969,Corporate,United States,CA,Oceanside
16966,Home Office,United States,FL,Miami
16954,Consumer,United States,CA,Anaheim
16949,Consumer,Puerto Rico,PR,Caguas
16936,Consumer,United States,TX,Edinburg
16915,Corporate,Puerto Rico,PR,Caguas
16851,Corporate,Puerto Rico,PR,Caguas
16807,Home Office,United States,MO,Saint Charles
16800,Consumer,United States,CA,Los Angeles
16797,Consumer,Puerto Rico,PR,Caguas
14266,Consumer,Puerto Rico,PR,Caguas
14727,Consumer,Puerto Rico,PR,Caguas
20456,Consumer,Puerto Rico,PR,Caguas
18566,Consumer,Puerto Rico,PR,Caguas
13751,Consumer,Puerto Rico,PR,Caguas
12717,Consumer,Puerto Rico,PR,Juana Diaz
12553,Corporate,United States,WI,La Crosse
14958,Corporate,United States,PA,York
15075,Corporate,United States,CA,Los Angeles
14930,Corporate,United States,OH,Reynoldsburg
12943,Corporate,United States,CA,Simi Valley
16482,Corporate,United States,MI,Wyandotte
19929,Home Office,United States,CA,Lancaster
17057,Home Office,United States,CA,Mission Viejo
20086,Home Office,United States,CA,Baldwin Park
4155,Home Office,United States,CA,Westminster
13183,Consumer,United States,CA,Paramount
3718,Consumer,United States,NV,Las Vegas
19186,Consumer,United States,CA,Fairfield
1318,Consumer,United States,NJ,Perth Amboy
20481,Consumer,United States,FL,Pompano Beach
18280,Consumer,United States,CA,Bell Gardens
20567,Consumer,United States,IL,Glenview
18628,Consumer,United States,AZ,Tucson
18551,Consumer,United States,NY,Troy
20071,Consumer,United States,UT,Ogden
17103,Consumer,United States,CA,Sunnyvale
15976,Corporate,Puerto Rico,PR,Caguas
18488,Corporate,Puerto Rico,PR,Caguas
15655,Corporate,Puerto Rico,PR,Caguas
19144,Corporate,Puerto Rico,PR,Caguas
12940,Corporate,United States,FL,Orange Park
15770,Corporate,United States,MI,Mount Pleasant
17236,Corporate,United States,CA,Lancaster
15554,Corporate,United States,NC,Jacksonville
15505,Corporate,United States,CA,Elk Grove
20353,Corporate,United States,CA,Vista
17627,Corporate,United States,CA,Walnut
16388,Corporate,United States,AZ,Tucson
15470,Corporate,United States,AZ,Peoria
14477,Corporate,United States,MN,Saint Paul
17519,Corporate,United States,TX,San Antonio
20141,Corporate,United States,CA,Oxnard
10234,Consumer,United States,NM,Las Cruces
1722,Consumer,Puerto Rico,PR,Caguas
13401,Consumer,United States,AR,Jonesboro
13023,Consumer,United States,UT,Ogden
14257,Consumer,United States,OH,Columbus
14400,Consumer,United States,CA,Bakersfield
13358,Consumer,United States,OH,Lancaster
13302,Consumer,United States,IL,Quincy
13283,Consumer,United States,CA,San Diego
14132,Consumer,United States,CA,Los Angeles
14039,Consumer,United States,TX,Laredo
14714,Consumer,United States,OH,Reynoldsburg
13708,Consumer,United States,IL,Bolingbrook
14959,Consumer,United States,NY,Buffalo
14923,Consumer,United States,NM,Las Cruces
15042,Consumer,United States,IL,Chicago
14951,Consumer,United States,FL,Apopka
13890,Consumer,United States,CA,Palo Alto
13651,Consumer,United States,NV,Las Vegas
13953,Consumer,United States,PA,Philadelphia
14211,Corporate,United States,VA,Virginia Beach
14416,Corporate,United States,UT,Clearfield
13784,Corporate,United States,CA,Encinitas
13963,Corporate,United States,CA,Alameda
12484,Corporate,United States,OH,Strongsville
12623,Corporate,United States,CA,Antioch
12810,Corporate,United States,AZ,Mesa
12751,Corporate,United States,CA,Modesto
18462,Corporate,United States,NY,Rego Park
15417,Corporate,United States,CA,Moreno Valley
16204,Corporate,United States,FL,Miami
20018,Corporate,United States,NY,Bronx
17051,Corporate,United States,UT,West Jordan
15762,Corporate,United States,IL,Elmhurst
17938,Corporate,United States,WI,Beloit
15661,Corporate,United States,MI,Ann Arbor
19854,Corporate,United States,CA,Fullerton
18972,Corporate,United States,CA,Los Angeles
17632,Corporate,United States,CA,Long Beach
2054,Consumer,United States,CA,Palo Alto
11671,Consumer,United States,MI,Detroit
19951,Consumer,United States,NV,Las Vegas
18059,Consumer,United States,CA,Winnetka
19271,Consumer,United States,CA,Daly City
15719,Consumer,United States,WV,Martinsburg
18741,Consumer,United States,TX,Fort Worth
20716,Consumer,United States,OH,Elyria
18364,Consumer,United States,MI,Mount Pleasant
15957,Consumer,United States,NY,Troy
20350,Consumer,United States,AZ,Chandler
17817,Consumer,United States,IL,Chicago
19770,Consumer,United States,CA,La Puente
16377,Consumer,United States,AZ,Phoenix
20249,Consumer,United States,DC,Washington
20104,Consumer,United States,CA,Los Angeles
20192,Consumer,United States,DE,New Castle
14526,Corporate,Puerto Rico,PR,Caguas
14151,Corporate,Puerto Rico,PR,Caguas
12758,Corporate,Puerto Rico,PR,Caguas
13796,Corporate,Puerto Rico,PR,Caguas
12949,Corporate,Puerto Rico,PR,Caguas
18244,Corporate,Puerto Rico,PR,Caguas
15889,Corporate,Puerto Rico,PR,Caguas
17499,Corporate,Puerto Rico,PR,Caguas
15427,Corporate,Puerto Rico,PR,Caguas
15612,Corporate,Puerto Rico,PR,Caguas
18047,Consumer,United States,NJ,Edison
18116,Consumer,United States,FL,Tampa
18210,Consumer,United States,CA,Riverside
19088,Consumer,United States,CA,San Jose
18858,Consumer,United States,TX,El Paso
15748,Consumer,United States,NY,Forest Hills
16036,Consumer,United States,CA,Moreno Valley
17989,Consumer,United States,IL,Chicago
20420,Consumer,United States,NJ,Irvington
17333,Consumer,United States,IL,Chicago
1071,Consumer,United States,IL,Chicago
20412,Consumer,United States,TX,Houston
17221,Consumer,United States,CA,Watsonville
16357,Consumer,United States,MI,East Lansing
16211,Consumer,United States,OH,Mentor
17842,Consumer,United States,NC,Raleigh
17768,Consumer,United States,AZ,Phoenix
19938,Consumer,United States,TX,Richmond
17228,Consumer,United States,FL,Fort Lauderdale
18340,Consumer,United States,IL,Glenview
20643,Home Office,United States,AZ,Tucson
20485,Home Office,United States,NJ,Bridgeton
16365,Home Office,United States,MA,Methuen
130,Home Office,United States,IL,Aurora
17660,Home Office,United States,IL,Chicago
15876,Home Office,United States,CA,Salinas
16347,Home Office,United States,TX,El Paso
14358,Home Office,United States,IN,New Albany
14544,Home Office,United States,IL,Elgin
14542,Home Office,United States,CO,Aurora
13641,Home Office,United States,FL,Miami
4087,Home Office,United States,CA,Los Angeles
14834,Consumer,United States,MA,Dorchester Center
12770,Consumer,United States,CA,Tracy
13821,Consumer,United States,CO,Littleton
18642,Consumer,United States,CO,Aurora
16038,Consumer,United States,CT,Stamford
18872,Consumer,United States,IL,Palatine
15115,Consumer,United States,TX,Brownsville
12962,Consumer,United States,TX,Brownsville
13760,Consumer,United States,CA,Milpitas
14232,Consumer,United States,MD,Baltimore
14512,Consumer,United States,OH,Hamilton
13944,Consumer,United States,NY,Brooklyn
16087,Consumer,United States,TX,San Antonio
17191,Consumer,United States,CA,Bellflower
16503,Consumer,United States,OH,Massillon
18787,Consumer,United States,CA,Rosemead
20482,Consumer,United States,CA,Mission Viejo
16149,Consumer,United States,IL,Chicago
17375,Consumer,United States,NY,New York
14868,Consumer,United States,NM,Albuquerque
13460,Consumer,United States,NY,Bronx
14922,Consumer,United States,PA,Philadelphia
14865,Consumer,United States,NY,Newburgh
14955,Consumer,United States,MI,Hamtramck
13607,Corporate,Puerto Rico,PR,Caguas
18388,Corporate,Puerto Rico,PR,Caguas
17131,Corporate,Puerto Rico,PR,Caguas
20002,Corporate,Puerto Rico,PR,Caguas
15425,Corporate,Puerto Rico,PR,Caguas
4644,Corporate,Puerto Rico,PR,Caguas
1328,Home Office,United States,NJ,Wayne
6966,Corporate,Puerto Rico,PR,Caguas
11578,Corporate,Puerto Rico,PR,Caguas
5371,Corporate,Puerto Rico,PR,Caguas
2251,Corporate,Puerto Rico,PR,Caguas
5207,Corporate,Puerto Rico,PR,Caguas
8719,Corporate,Puerto Rico,PR,Caguas
7964,Corporate,Puerto Rico,PR,Caguas
1691,Corporate,Puerto Rico,PR,Caguas
11430,Corporate,Puerto Rico,PR,Caguas
8460,Corporate,Puerto Rico,PR,Aguadilla
10613,Corporate,Puerto Rico,PR,Caguas
1304,Corporate,Puerto Rico,PR,Caguas
3587,Corporate,Puerto Rico,PR,Caguas
1060,Corporate,Puerto Rico,PR,Caguas
1746,Corporate,Puerto Rico,PR,Caguas
6883,Corporate,Puerto Rico,PR,Caguas
1195,Corporate,Puerto Rico,PR,Caguas
11029,Corporate,Puerto Rico,PR,Caguas
4735,Corporate,Puerto Rico,PR,Caguas
14294,Corporate,Puerto Rico,PR,Caguas
1617,Corporate,Puerto Rico,PR,Caguas
14522,Corporate,Puerto Rico,PR,Caguas
2229,Corporate,Puerto Rico,PR,Caguas
8473,Corporate,Puerto Rico,PR,Caguas
10096,Corporate,Puerto Rico,PR,Caguas
711,Corporate,Puerto Rico,PR,Caguas
11156,Corporate,Puerto Rico,PR,Caguas
13674,Corporate,Puerto Rico,PR,Caguas
7596,Corporate,Puerto Rico,PR,Caguas
6327,Corporate,Puerto Rico,PR,Caguas
12329,Corporate,Puerto Rico,PR,Caguas
8539,Corporate,Puerto Rico,PR,Caguas
2074,Corporate,Puerto Rico,PR,Caguas
11386,Corporate,Puerto Rico,PR,Caguas
4831,Corporate,Puerto Rico,PR,Caguas
11449,Corporate,Puerto Rico,PR,Bayamon
2565,Corporate,Puerto Rico,PR,Caguas
8403,Corporate,Puerto Rico,PR,Caguas
8699,Corporate,Puerto Rico,PR,Caguas
225,Corporate,Puerto Rico,PR,Caguas
4348,Corporate,Puerto Rico,PR,Caguas
5921,Corporate,Puerto Rico,PR,Caguas
2072,Corporate,Puerto Rico,PR,Caguas
10331,Corporate,Puerto Rico,PR,Caguas
15861,Corporate,Puerto Rico,PR,Caguas
20391,Corporate,Puerto Rico,PR,Caguas
4685,Corporate,Puerto Rico,PR,Caguas
18940,Corporate,Puerto Rico,PR,Caguas
20415,Corporate,Puerto Rico,PR,Caguas
4585,Corporate,Puerto Rico,PR,Caguas
15603,Corporate,Puerto Rico,PR,Caguas
11203,Corporate,Puerto Rico,PR,Caguas
622,Corporate,Puerto Rico,PR,Caguas
1167,Corporate,Puerto Rico,PR,Caguas
1818,Corporate,Puerto Rico,PR,Caguas
6102,Corporate,Puerto Rico,PR,Caguas
1254,Corporate,Puerto Rico,PR,Caguas
875,Corporate,Puerto Rico,PR,Caguas
10951,Corporate,Puerto Rico,PR,Caguas
6133,Consumer,Puerto Rico,PR,Caguas
17129,Consumer,Puerto Rico,PR,Caguas
17863,Consumer,Puerto Rico,PR,Caguas
4448,Consumer,Puerto Rico,PR,Caguas
1510,Consumer,Puerto Rico,PR,Caguas
14514,Consumer,Puerto Rico,PR,San Juan
5286,Consumer,Puerto Rico,PR,Caguas
284,Consumer,Puerto Rico,PR,Caguas
3453,Consumer,Puerto Rico,PR,Caguas
6998,Consumer,Puerto Rico,PR,Caguas
4302,Consumer,Puerto Rico,PR,Caguas
3672,Consumer,Puerto Rico,PR,Caguas
10500,Consumer,Puerto Rico,PR,Caguas
12215,Consumer,Puerto Rico,PR,Caguas
8233,Consumer,Puerto Rico,PR,Caguas
3498,Consumer,Puerto Rico,PR,Caguas
1334,Consumer,Puerto Rico,PR,Caguas
17967,Consumer,Puerto Rico,PR,Caguas
6203,Consumer,Puerto Rico,PR,Caguas
8916,Consumer,Puerto Rico,PR,Bayamon
17581,Consumer,Puerto Rico,PR,Caguas
16277,Consumer,Puerto Rico,PR,Caguas
17840,Consumer,Puerto Rico,PR,Caguas
5605,Consumer,Puerto Rico,PR,Caguas
6018,Consumer,Puerto Rico,PR,Caguas
7944,Consumer,Puerto Rico,PR,Caguas
6471,Consumer,Puerto Rico,PR,Caguas
5830,Consumer,Puerto Rico,PR,Caguas
6210,Consumer,Puerto Rico,PR,Caguas
6893,Consumer,Puerto Rico,PR,Caguas
3715,Consumer,Puerto Rico,PR,Caguas
12090,Consumer,Puerto Rico,PR,Caguas
8426,Consumer,Puerto Rico,PR,Caguas
2115,Consumer,Puerto Rico,PR,Caguas
6738,Consumer,Puerto Rico,PR,Caguas
14799,Consumer,Puerto Rico,PR,Caguas
15079,Consumer,Puerto Rico,PR,Caguas
13259,Consumer,Puerto Rico,PR,Caguas
9643,Consumer,Puerto Rico,PR,Caguas
8468,Consumer,Puerto Rico,PR,Caguas
13904,Consumer,Puerto Rico,PR,Caguas
3115,Consumer,Puerto Rico,PR,Caguas
7202,Consumer,Puerto Rico,PR,Caguas
3859,Consumer,Puerto Rico,PR,Caguas
12560,Consumer,Puerto Rico,PR,Caguas
12565,Consumer,Puerto Rico,PR,Caguas
12933,Consumer,Puerto Rico,PR,Caguas
846,Consumer,Puerto Rico,PR,Caguas
1871,Consumer,Puerto Rico,PR,Caguas
8938,Consumer,Puerto Rico,PR,Caguas
3134,Consumer,Puerto Rico,PR,Caguas
2275,Consumer,Puerto Rico,PR,Caguas
7701,Consumer,Puerto Rico,PR,Caguas
8438,Consumer,Puerto Rico,PR,Caguas
9041,Consumer,Puerto Rico,PR,Caguas
2477,Consumer,Puerto Rico,PR,Caguas
6706,Consumer,Puerto Rico,PR,Caguas
7765,Consumer,Puerto Rico,PR,Caguas
20419,Consumer,Puerto Rico,PR,Caguas
5477,Consumer,Puerto Rico,PR,Caguas
5675,Consumer,Puerto Rico,PR,Caguas
2625,Consumer,Puerto Rico,PR,Caguas
20687,Consumer,Puerto Rico,PR,Caguas
18375,Consumer,Puerto Rico,PR,Caguas
3936,Consumer,Puerto Rico,PR,Caguas
15339,Consumer,Puerto Rico,PR,Caguas
8401,Consumer,Puerto Rico,PR,Caguas
5978,Consumer,United States,MA,Dorchester Center
3544,Consumer,United States,ND,Bismarck
4094,Consumer,United States,NJ,Clementon
8918,Consumer,United States,CA,Bakersfield
11486,Consumer,United States,IN,West Lafayette
2444,Consumer,United States,IL,Moline
818,Consumer,United States,CA,San Diego
1438,Consumer,United States,AZ,Mesa
1492,Consumer,United States,CA,Montebello
7979,Consumer,United States,TX,El Paso
11750,Consumer,United States,IL,Chicago
1708,Consumer,United States,TX,Arlington
10398,Consumer,United States,CT,Stamford
7248,Consumer,United States,TX,Houston
8396,Consumer,United States,CA,San Jose
11471,Consumer,United States,TX,Round Rock
8851,Consumer,United States,CA,Long Beach
11468,Consumer,United States,OH,Medina
3100,Consumer,United States,CA,Huntington Park
3071,Consumer,United States,CA,San Jose
8737,Consumer,United States,CA,Costa Mesa
10231,Consumer,United States,MN,Burnsville
12030,Consumer,United States,CA,Placentia
708,Consumer,United States,AZ,Phoenix
5567,Consumer,United States,NY,New York
9666,Consumer,United States,TX,College Station
10927,Consumer,United States,NJ,Perth Amboy
5272,Consumer,United States,NV,Las Vegas
4941,Consumer,United States,IL,Chicago
10821,Consumer,United States,NJ,Toms River
6859,Consumer,United States,CO,Littleton
11767,Consumer,United States,CT,West Haven
5609,Consumer,United States,NJ,Morristown
2172,Consumer,United States,CT,West Haven
3446,Consumer,United States,CA,Corona
11641,Consumer,United States,RI,Woonsocket
1705,Consumer,United States,FL,Orlando
2786,Consumer,United States,IL,Chicago
4205,Consumer,United States,NY,Brooklyn
9414,Consumer,United States,MO,Florissant
9076,Consumer,United States,GA,Stockbridge
868,Consumer,United States,NJ,Irvington
9897,Consumer,United States,CA,San Jose
5667,Consumer,United States,HI,Ewa Beach
9281,Consumer,United States,CA,Los Angeles
8384,Consumer,United States,FL,Opa Locka
1249,Consumer,United States,TX,San Antonio
442,Consumer,United States,PA,Allentown
4388,Consumer,United States,MI,Holland
12200,Consumer,United States,CA,San Diego
6399,Consumer,United States,IL,Chicago
7694,Consumer,United States,CA,Carlsbad
4091,Consumer,United States,NY,New York
3203,Consumer,United States,NY,Rego Park
3856,Consumer,United States,TX,Laredo
82,Consumer,United States,TX,San Antonio
6761,Consumer,United States,FL,Orange Park
1528,Consumer,United States,NV,Reno
9819,Consumer,United States,CA,Stockton
10424,Consumer,United States,PA,Philadelphia
3334,Consumer,United States,MI,Mount Pleasant
9246,Consumer,United States,NC,Greensboro
9470,Consumer,United States,CA,Hanford
4229,Consumer,United States,NY,Lockport
10357,Consumer,United States,WI,Milwaukee
2387,Consumer,United States,CA,Cypress
669,Consumer,United States,CA,San Jose
1472,Consumer,United States,NY,Brooklyn
2330,Consumer,United States,CA,Corona
11715,Consumer,United States,CA,San Jose
9622,Consumer,United States,TX,Mission
5146,Consumer,United States,CA,Santa Ana
4147,Consumer,United States,MA,Dorchester Center
10383,Consumer,United States,CO,Greeley
1467,Consumer,United States,AZ,Phoenix
3096,Consumer,United States,MA,Lynn
2235,Consumer,United States,NM,Albuquerque
10442,Consumer,United States,IL,Quincy
2687,Consumer,United States,NY,Brooklyn
5116,Consumer,United States,MA,Brockton
4922,Consumer,United States,NY,Bronx
10601,Consumer,United States,CA,Walnut
6865,Consumer,United States,IL,Moline
2762,Consumer,United States,OH,Cleveland
5117,Consumer,United States,HI,Honolulu
8633,Consumer,United States,NC,Greenville
10932,Consumer,United States,VA,Arlington
6209,Consumer,United States,TX,Houston
1906,Consumer,United States,FL,Lutz
7271,Consumer,United States,CT,Stamford
11700,Consumer,United States,SC,Goose Creek
851,Consumer,United States,CA,El Centro
4190,Consumer,United States,RI,Woonsocket
1519,Consumer,United States,CA,San Diego
8018,Consumer,United States,OH,Grove City
4879,Consumer,United States,OR,Beaverton
12402,Consumer,Puerto Rico,PR,Caguas
342,Home Office,Puerto Rico,PR,Caguas
3833,Consumer,United States,CO,Greeley
11985,Corporate,United States,NJ,Perth Amboy
9613,Corporate,United States,AZ,Phoenix
7528,Corporate,United States,NY,Brooklyn
5723,Consumer,United States,CT,Enfield
2137,Corporate,United States,CA,Moreno Valley
10833,Corporate,United States,MD,Dundalk
1651,Corporate,Puerto Rico,PR,Caguas
3114,Consumer,United States,MT,Billings
803,Consumer,United States,FL,Miami
11801,Corporate,United States,IL,Chicago
1779,Corporate,United States,NY,South Ozone Park
2061,Consumer,United States,TN,Memphis
10820,Home Office,Puerto Rico,PR,Caguas
2458,Consumer,United States,HI,Honolulu
1628,Consumer,United States,AZ,Phoenix
9490,Corporate,United States,CA,La Mesa
3720,Consumer,United States,CA,Los Angeles
427,Corporate,Puerto Rico,PR,Caguas
9656,Corporate,United States,NY,Rochester
10887,Corporate,United States,NY,Endicott
6404,Home Office,United States,CA,Buena Park
5951,Consumer,United States,AZ,Phoenix
655,Corporate,Puerto Rico,PR,Caguas
12059,Home Office,Puerto Rico,PR,Caguas
1432,Home Office,Puerto Rico,PR,Caguas
9607,Home Office,Puerto Rico,PR,Caguas
5795,Home Office,Puerto Rico,PR,Caguas
6633,Consumer,Puerto Rico,PR,Caguas
10604,Home Office,United States,NC,Fayetteville
2591,Consumer,United States,TX,Dallas
756,Corporate,United States,MA,Peabody
8461,Home Office,United States,FL,Fort Lauderdale
9394,Home Office,United States,CA,Fresno
2771,Consumer,Puerto Rico,PR,Caguas
6731,Corporate,United States,CA,Norwalk
6721,Corporate,United States,CA,North Hills
2162,Corporate,United States,GA,Decatur
2243,Consumer,United States,WA,Redmond
6347,Home Office,United States,NC,Greensboro
6968,Corporate,United States,OH,Elyria
5441,Consumer,Puerto Rico,PR,Caguas
10544,Home Office,Puerto Rico,PR,Caguas
6708,Corporate,United States,VA,Virginia Beach
8014,Consumer,United States,WA,Seattle
6512,Corporate,United States,TX,Mission
10201,Corporate,United States,LA,New Orleans
9526,Consumer,Puerto Rico,PR,Caguas
2927,Home Office,Puerto Rico,PR,Caguas
11208,Consumer,Puerto Rico,PR,Caguas
2439,Home Office,Puerto Rico,PR,Caguas
1762,Corporate,Puerto Rico,PR,Caguas
9996,Consumer,United States,CA,La Habra
332,Consumer,United States,CA,Placentia
4696,Corporate,United States,MO,Ballwin
6328,Corporate,United States,CA,Los Angeles
4084,Corporate,Puerto Rico,PR,Caguas
11510,Consumer,United States,CA,Encinitas
3296,Home Office,Puerto Rico,PR,Caguas
11311,Home Office,United States,IL,Chicago
1782,Corporate,United States,TX,Fort Worth
1581,Consumer,United States,MO,Saint Louis
1477,Home Office,Puerto Rico,PR,Caguas
10061,Corporate,United States,CA,South San Francisco
10374,Corporate,United States,NY,Rego Park
1827,Home Office,United States,NY,Buffalo
8106,Consumer,Puerto Rico,PR,Caguas
4018,Consumer,United States,ND,Bismarck
3253,Home Office,United States,CA,Laguna Niguel
3898,Consumer,United States,WV,Martinsburg
1821,Consumer,United States,OH,Columbus
6286,Consumer,Puerto Rico,PR,Caguas
7882,Corporate,United States,TX,Round Rock
6295,Consumer,United States,NY,Brooklyn
10700,Consumer,Puerto Rico,PR,Caguas
12115,Consumer,United States,TX,Mission
10691,Consumer,Puerto Rico,PR,Caguas
6780,Corporate,United States,SC,Lancaster
141,Consumer,United States,NY,Brooklyn
3884,Corporate,United States,NJ,North Bergen
11629,Consumer,Puerto Rico,PR,Caguas
3755,Corporate,United States,CA,Los Angeles
6591,Home Office,United States,PA,Philadelphia
8309,Corporate,Puerto Rico,PR,Caguas
3091,Home Office,Puerto Rico,PR,Caguas
4913,Corporate,United States,TX,Amarillo
4703,Consumer,Puerto Rico,PR,Caguas
7169,Consumer,Puerto Rico,PR,Caguas
6012,Corporate,United States,NY,Brooklyn
2284,Consumer,United States,PA,Philadelphia
7506,Consumer,Puerto Rico,PR,Caguas
6,Consumer,United States,NJ,Passaic
11638,Consumer,United States,NY,Brentwood
7095,Consumer,Puerto Rico,PR,Caguas
10594,Corporate,United States,CA,Oakland
2337,Consumer,United States,TX,El Paso
9378,Consumer,United States,UT,Provo
5403,Consumer,United States,OH,Columbus
11639,Consumer,United States,NC,Charlotte
3101,Consumer,United States,CA,Mission Viejo
4129,Consumer,United States,NY,Brooklyn
17691,Consumer,United States,OK,Lawton
6006,Consumer,United States,PA,Lancaster
18709,Consumer,United States,NY,New York
19233,Consumer,United States,OR,Portland
15821,Consumer,United States,CA,Placentia
18760,Consumer,United States,VA,Norfolk
11060,Consumer,United States,CA,Sacramento
1020,Consumer,United States,MA,Quincy
10450,Consumer,United States,AZ,Tucson
1381,Consumer,United States,CA,Campbell
15273,Consumer,United States,GA,Roswell
15215,Consumer,United States,OH,Mentor
19087,Consumer,United States,CO,Aurora
16583,Consumer,United States,MA,Dorchester Center
10509,Consumer,United States,OH,Columbus
17378,Consumer,United States,TX,El Paso
11963,Consumer,United States,IL,Lombard
17726,Consumer,United States,TN,Memphis
10881,Consumer,United States,NY,Elmhurst
17151,Consumer,United States,VA,Virginia Beach
15241,Consumer,United States,TX,Houston
17230,Consumer,United States,TX,Fort Worth
9196,Consumer,United States,IL,Crystal Lake
6291,Consumer,United States,NV,Las Vegas
6478,Consumer,United States,NY,New York
2805,Consumer,United States,TX,Houston
4799,Consumer,United States,HI,Honolulu
2149,Consumer,United States,AZ,Tucson
7055,Consumer,United States,FL,Pompano Beach
3876,Consumer,United States,IL,Normal
8813,Consumer,United States,NY,Brooklyn
3528,Consumer,United States,CA,Los Angeles
5494,Consumer,United States,CA,Oceanside
7050,Consumer,United States,CA,Porterville
1309,Consumer,United States,NM,Roswell
2688,Consumer,United States,TX,Irving
7625,Consumer,United States,MI,Detroit
11756,Consumer,United States,CO,Greeley
2495,Consumer,United States,NY,Webster
5923,Consumer,United States,CA,Highland
4640,Consumer,United States,NY,Bronx
771,Consumer,United States,RI,Pawtucket
46,Consumer,United States,NY,Freeport
638,Consumer,United States,NJ,Bridgeton
4996,Consumer,United States,KS,Olathe
8097,Consumer,United States,WI,Sheboygan
1466,Consumer,United States,NC,Lenoir
674,Consumer,United States,PA,Morrisville
1549,Corporate,United States,OR,Oregon City
9216,Consumer,United States,NY,Brooklyn
5841,Consumer,Puerto Rico,PR,Caguas
5983,Consumer,United States,NY,New York
7075,Home Office,United States,CA,San Jose
172,Home Office,United States,CA,Chino
10024,Home Office,Puerto Rico,PR,Caguas
10297,Consumer,United States,NV,Henderson
9218,Consumer,Puerto Rico,PR,Caguas
4281,Corporate,United States,TX,Garland
12244,Consumer,Puerto Rico,PR,Caguas
9434,Corporate,United States,CA,Merced
1406,Corporate,Puerto Rico,PR,Caguas
1740,Consumer,United States,VA,Virginia Beach
2266,Consumer,United States,CA,Chino
4849,Consumer,Puerto Rico,PR,Carolina
4823,Corporate,United States,CA,Compton
2780,Corporate,United States,FL,Tallahassee
861,Home Office,Puerto Rico,PR,Caguas
8675,Corporate,United States,CA,Chula Vista
4061,Consumer,Puerto Rico,PR,Caguas
10437,Corporate,United States,CA,San Francisco
6130,Home Office,United States,CA,Tulare
4475,Consumer,United States,AZ,Glendale
12373,Home Office,United States,IL,Chicago
213,Corporate,United States,CT,Enfield
112,Consumer,United States,OH,Middletown
10631,Corporate,United States,NJ,Union
11284,Consumer,Puerto Rico,PR,Manati
445,Corporate,United States,MD,Fort Washington
7118,Consumer,United States,PA,York
2219,Corporate,United States,CA,Gardena
4300,Corporate,United States,NY,Forest Hills
7877,Home Office,United States,IL,Chicago
4834,Corporate,United States,MI,Detroit
9952,Home Office,Puerto Rico,PR,Caguas
2623,Corporate,Puerto Rico,PR,Caguas
11611,Corporate,United States,LA,Metairie
554,Consumer,Puerto Rico,PR,Caguas
1736,Home Office,United States,AZ,Tempe
11437,Consumer,United States,TX,Dallas
1933,Consumer,United States,MA,Brighton
4651,Corporate,Puerto Rico,PR,Caguas
10976,Home Office,United States,CA,San Jose
2419,Home Office,Puerto Rico,PR,Caguas
11954,Corporate,United States,CA,Davis
2621,Consumer,United States,PA,Philadelphia
11711,Home Office,United States,IL,Chicago
10540,Corporate,United States,VA,Virginia Beach
6314,Home Office,Puerto Rico,PR,Vega Baja
11529,Home Office,United States,CA,West Covina
888,Home Office,United States,CA,Los Angeles
8372,Corporate,Puerto Rico,PR,Caguas
2740,Corporate,Puerto Rico,PR,Caguas
1674,Home Office,United States,CA,Bellflower
8612,Corporate,United States,PA,Hanover
5308,Home Office,Puerto Rico,PR,Caguas
9814,Consumer,United States,NY,Rome
6582,Consumer,Puerto Rico,PR,Caguas
2111,Home Office,Puerto Rico,PR,Caguas
1103,Corporate,United States,OH,Mentor
10790,Corporate,United States,KS,Salina
9028,Home Office,United States,FL,Orlando
3005,Corporate,United States,CA,San Diego
2217,Consumer,Puerto Rico,PR,Caguas
10082,Corporate,United States,TX,Brownsville
8292,Consumer,United States,CA,La Mirada
9899,Corporate,United States,CA,Elk Grove
11316,Home Office,Puerto Rico,PR,Caguas
8254,Consumer,United States,WV,Martinsburg
10826,Corporate,Puerto Rico,PR,Caguas
4270,Corporate,Puerto Rico,PR,Caguas
6104,Corporate,Puerto Rico,PR,Caguas
7994,Corporate,Puerto Rico,PR,Caguas
5510,Corporate,Puerto Rico,PR,Caguas
13148,Home Office,Puerto Rico,PR,Vega Baja
11180,Home Office,Puerto Rico,PR,Caguas
10372,Home Office,Puerto Rico,PR,Caguas
10626,Home Office,Puerto Rico,PR,Caguas
872,Home Office,Puerto Rico,PR,Caguas
8818,Home Office,Puerto Rico,PR,Caguas
352,Home Office,Puerto Rico,PR,Caguas
18365,Home Office,Puerto Rico,PR,Caguas
18378,Home Office,Puerto Rico,PR,Caguas
15460,Home Office,Puerto Rico,PR,Caguas
5594,Home Office,Puerto Rico,PR,Caguas
16206,Home Office,Puerto Rico,PR,San Sebastian
20199,Home Office,Puerto Rico,PR,Caguas
17104,Home Office,Puerto Rico,PR,Caguas
9504,Home Office,Puerto Rico,PR,Caguas
17935,Home Office,Puerto Rico,PR,Caguas
9184,Home Office,Puerto Rico,PR,Caguas
8000,Home Office,Puerto Rico,PR,Caguas
15466,Home Office,Puerto Rico,PR,Caguas
9562,Home Office,Puerto Rico,PR,Caguas
4985,Home Office,Puerto Rico,PR,Caguas
9047,Home Office,Puerto Rico,PR,Caguas
6119,Home Office,Puerto Rico,PR,Caguas
19775,Home Office,Puerto Rico,PR,Caguas
9834,Consumer,United States,CA,Huntington Park
10273,Consumer,United States,TN,Memphis
3471,Consumer,United States,MA,New Bedford
11586,Corporate,United States,LA,New Orleans
6452,Consumer,Puerto Rico,PR,Caguas
2468,Corporate,United States,CT,Enfield
3306,Corporate,United States,NY,New York
3548,Home Office,United States,CA,San Diego
203,Home Office,United States,AZ,Phoenix
9058,Home Office,United States,MI,Dearborn
12136,Corporate,United States,CA,Los Angeles
6035,Consumer,Puerto Rico,PR,Caguas
5879,Home Office,United States,NY,Brooklyn
11396,Consumer,United States,OH,Hamilton
7113,Corporate,United States,TX,North Richland Hills
68,Consumer,United States,AZ,Peoria
8380,Home Office,Puerto Rico,PR,Caguas
9416,Home Office,United States,VA,Virginia Beach
7294,Consumer,Puerto Rico,PR,Caguas
8270,Consumer,Puerto Rico,PR,Caguas
8046,Home Office,Puerto Rico,PR,Caguas
2992,Corporate,United States,OH,Newark
12127,Home Office,United States,MD,Cumberland
7459,Consumer,Puerto Rico,PR,Mayaguez
526,Home Office,United States,TX,Brownsville
858,Home Office,Puerto Rico,PR,Caguas
5020,Corporate,United States,IL,Chicago
1414,Home Office,United States,CA,Oxnard
2194,Consumer,Puerto Rico,PR,Caguas
1530,Consumer,United States,PA,West Chester
4182,Corporate,Puerto Rico,PR,Caguas
3019,Consumer,United States,NJ,Morristown
5271,Corporate,United States,CA,North Hills
5529,Consumer,United States,OH,Hilliard
3393,Consumer,Puerto Rico,PR,Caguas
10555,Corporate,United States,CA,Van Nuys
6794,Consumer,Puerto Rico,PR,Caguas
1686,Home Office,United States,CA,Los Angeles
10483,Corporate,United States,CA,Porterville
12123,Consumer,Puerto Rico,PR,Caguas
10851,Home Office,United States,MO,Saint Charles
12122,Corporate,United States,OH,Cleveland
8530,Consumer,United States,CA,Highland
10305,Home Office,United States,KY,Frankfort
5630,Corporate,Puerto Rico,PR,Caguas
1660,Corporate,United States,CA,Sun Valley
382,Consumer,Puerto Rico,PR,Caguas
8258,Corporate,United States,MI,Canton
1119,Corporate,United States,TX,North Richland Hills
7649,Consumer,United States,IL,Chicago
8274,Consumer,Puerto Rico,PR,Caguas
10705,Corporate,United States,FL,Orlando
7283,Corporate,United States,PA,West Chester
4638,Corporate,Puerto Rico,PR,Caguas
10670,Consumer,Puerto Rico,PR,Caguas
2935,Consumer,United States,TN,Knoxville
3350,Consumer,United States,OH,Loveland
3190,Corporate,United States,OH,Sandusky
1567,Consumer,United States,CA,San Diego
4057,Corporate,United States,CO,Aurora
4070,Corporate,United States,NJ,Bridgeton
2154,Corporate,United States,TX,Laredo
1159,Home Office,United States,GA,Stone Mountain
10863,Home Office,Puerto Rico,PR,Caguas
1654,Corporate,United States,CA,El Monte
11871,Corporate,United States,TN,Clarksville
12431,Corporate,United States,HI,Kaneohe
1975,Corporate,United States,GA,Smyrna
10891,Corporate,United States,MA,Pittsfield
169,Corporate,United States,NY,Bronx
6082,Corporate,United States,VA,Virginia Beach
10794,Consumer,United States,NC,Lenoir
4512,Consumer,United States,CA,San Diego
2483,Home Office,United States,NY,Brooklyn
5587,Consumer,Puerto Rico,PR,Bayamon
6242,Corporate,Puerto Rico,PR,Caguas
4933,Home Office,United States,TX,Laredo
8505,Consumer,United States,CA,Buena Park
9535,Consumer,Puerto Rico,PR,Caguas
6929,Home Office,United States,MA,Pittsfield
3702,Home Office,Puerto Rico,PR,Caguas
5333,Corporate,United States,NY,Brooklyn
1576,Consumer,United States,CA,San Diego
6114,Home Office,United States,CA,Fremont
12009,Corporate,United States,NY,Bronx
1557,Home Office,United States,GA,Douglasville
10291,Corporate,United States,CO,Aurora
10411,Corporate,Puerto Rico,PR,Caguas
4222,Home Office,United States,WI,Beloit
1614,Corporate,United States,CA,San Diego
2971,Consumer,Puerto Rico,PR,Caguas
5724,Consumer,Puerto Rico,PR,Caguas
5866,Consumer,United States,CA,Modesto
7661,Corporate,United States,TX,Dallas
4611,Consumer,Puerto Rico,PR,Caguas
5292,Consumer,Puerto Rico,PR,Caguas
2571,Corporate,United States,MI,Mount Pleasant
9542,Corporate,United States,IL,Chicago
11042,Corporate,United States,CA,Ontario
1922,Home Office,United States,IN,New Albany
9691,Consumer,United States,CA,Bakersfield
9999,Home Office,United States,NM,Albuquerque
264,Corporate,United States,CA,Goleta
11553,Consumer,Puerto Rico,PR,Caguas
10746,Corporate,United States,FL,Winter Park
6692,Home Office,Puerto Rico,PR,Caguas
10683,Home Office,Puerto Rico,PR,Caguas
13773,Home Office,Puerto Rico,PR,Caguas
11247,Home Office,Puerto Rico,PR,Caguas
8137,Home Office,Puerto Rico,PR,Caguas
7718,Home Office,Puerto Rico,PR,Caguas
18190,Home Office,Puerto Rico,PR,Caguas
17185,Home Office,Puerto Rico,PR,Caguas
16181,Home Office,Puerto Rico,PR,Caguas
16207,Home Office,Puerto Rico,PR,Caguas
9647,Home Office,Puerto Rico,PR,Caguas
2281,Home Office,Puerto Rico,PR,Caguas
3759,Home Office,Puerto Rico,PR,Caguas
18314,Home Office,Puerto Rico,PR,Caguas
18417,Home Office,Puerto Rico,PR,Caguas
17451,Home Office,Puerto Rico,PR,Caguas
4304,Consumer,Puerto Rico,PR,Caguas
12081,Home Office,United States,FL,Opa Locka
8061,Corporate,United States,UT,Salt Lake City
1716,Home Office,United States,TX,Houston
910,Consumer,United States,OH,Hilliard
11568,Consumer,United States,IL,Quincy
6789,Corporate,United States,FL,Pompano Beach
7404,Consumer,Puerto Rico,PR,Caguas
1278,Consumer,United States,TX,San Antonio
11380,Consumer,Puerto Rico,PR,Caguas
9103,Consumer,Puerto Rico,PR,Caguas
8830,Corporate,United States,PA,Bensalem
10993,Home Office,United States,CA,La Habra
2524,Consumer,Puerto Rico,PR,Caguas
7078,Home Office,United States,NV,Las Vegas
1646,Consumer,United States,FL,Miami
2386,Corporate,United States,CA,San Bernardino
4781,Consumer,Puerto Rico,PR,Caguas
3231,Home Office,United States,PA,Mechanicsburg
508,Consumer,United States,CA,Rancho Cordova
6624,Consumer,United States,NC,Raleigh
9835,Consumer,United States,CA,San Bernardino
3628,Corporate,United States,IL,Elgin
7446,Consumer,Puerto Rico,PR,Caguas
1280,Home Office,United States,CA,San Diego
1274,Corporate,United States,VA,Virginia Beach
1761,Corporate,United States,OR,Bend
4118,Corporate,Puerto Rico,PR,Caguas
6736,Corporate,United States,CA,San Diego
567,Corporate,United States,NV,Las Vegas
5962,Home Office,United States,CA,Fresno
11334,Consumer,United States,MA,Quincy
9795,Home Office,United States,NY,Brooklyn
1868,Corporate,United States,NY,Far Rockaway
3753,Home Office,United States,CA,Fresno
12240,Consumer,Puerto Rico,PR,Caguas
3193,Home Office,United States,MI,Westland
11024,Consumer,United States,CA,San Diego
4924,Corporate,Puerto Rico,PR,Caguas
4772,Corporate,United States,NY,Rochester
10715,Corporate,United States,PA,Philadelphia
8837,Home Office,United States,FL,Apopka
8029,Corporate,Puerto Rico,PR,Caguas
18621,Consumer,Puerto Rico,PR,Caguas
17162,Consumer,Puerto Rico,PR,Caguas
18546,Consumer,Puerto Rico,PR,Caguas
18990,Consumer,Puerto Rico,PR,Caguas
20266,Consumer,Puerto Rico,PR,Caguas
9342,Consumer,Puerto Rico,PR,Caguas
11193,Consumer,Puerto Rico,PR,Caguas
7317,Consumer,Puerto Rico,PR,Caguas
10688,Consumer,Puerto Rico,PR,Caguas
2063,Consumer,Puerto Rico,PR,San Juan
14035,Consumer,Puerto Rico,PR,Caguas
12918,Consumer,Puerto Rico,PR,Caguas
8022,Consumer,Puerto Rico,PR,Caguas
17959,Consumer,Puerto Rico,PR,Caguas
19164,Consumer,Puerto Rico,PR,Caguas
9926,Consumer,Puerto Rico,PR,Caguas
12352,Consumer,Puerto Rico,PR,Caguas
18226,Consumer,Puerto Rico,PR,Caguas
7786,Consumer,Puerto Rico,PR,Caguas
14723,Consumer,Puerto Rico,PR,Caguas
9404,Consumer,Puerto Rico,PR,Caguas
1231,Consumer,Puerto Rico,PR,Caguas
18983,Consumer,Puerto Rico,PR,Caguas
7263,Consumer,Puerto Rico,PR,Caguas
18359,Consumer,Puerto Rico,PR,Caguas
20386,Consumer,Puerto Rico,PR,Caguas
10743,Consumer,Puerto Rico,PR,Caguas
69,Consumer,Puerto Rico,PR,Caguas
13487,Consumer,Puerto Rico,PR,Caguas
15072,Consumer,Puerto Rico,PR,Caguas
250,Consumer,Puerto Rico,PR,Caguas
20290,Consumer,Puerto Rico,PR,Caguas
15691,Consumer,Puerto Rico,PR,Caguas
16076,Consumer,Puerto Rico,PR,Caguas
16090,Consumer,Puerto Rico,PR,Caguas
16270,Consumer,Puerto Rico,PR,Caguas
16195,Consumer,Puerto Rico,PR,Caguas
17088,Consumer,Puerto Rico,PR,Caguas
346,Consumer,Puerto Rico,PR,Caguas
17469,Consumer,Puerto Rico,PR,Caguas
18351,Consumer,Puerto Rico,PR,Caguas
16078,Consumer,Puerto Rico,PR,Caguas
15451,Consumer,Puerto Rico,PR,Rio Grande
11254,Consumer,Puerto Rico,PR,Caguas
11556,Consumer,Puerto Rico,PR,Humacao
5258,Consumer,Puerto Rico,PR,Caguas
12388,Consumer,Puerto Rico,PR,Caguas
7175,Consumer,Puerto Rico,PR,Caguas
4032,Home Office,United States,NY,Brooklyn
12925,Home Office,United States,OR,Portland
2286,Home Office,United States,MD,Baltimore
2280,Home Office,United States,OR,Portland
7592,Home Office,United States,MI,Detroit
11721,Home Office,United States,MO,Saint Louis
10704,Home Office,United States,CA,Westminster
18803,Home Office,United States,AZ,Tempe
15723,Home Office,United States,HI,Kailua
17363,Home Office,United States,MA,Malden
2432,Home Office,United States,NM,Albuquerque
1583,Home Office,United States,TX,Sugar Land
18661,Home Office,United States,TX,Laredo
15406,Home Office,United States,TX,Brownsville
18540,Home Office,United States,CA,San Jose
20203,Home Office,United States,NM,Santa Fe
19871,Home Office,United States,IL,Chicago
16140,Home Office,United States,AZ,Chandler
19923,Home Office,United States,TX,San Antonio
16227,Home Office,United States,NY,Levittown
18382,Home Office,United States,IL,Chicago
8763,Home Office,United States,CA,Santee
12220,Home Office,United States,IL,Chicago
8832,Home Office,United States,NY,Brooklyn
11894,Home Office,United States,CA,Canoga Park
9975,Home Office,United States,NY,Rochester
12462,Home Office,United States,IL,Glenview
15424,Home Office,United States,CA,Folsom
9299,Home Office,United States,NY,South Ozone Park
18690,Home Office,United States,TX,Del Rio
9078,Home Office,United States,MD,Glen Burnie
4198,Home Office,United States,CA,Los Angeles
1087,Home Office,United States,TX,Richardson
6315,Home Office,United States,CA,Carlsbad
12902,Home Office,United States,NY,Bronx
18187,Home Office,United States,UT,West Jordan
18624,Home Office,United States,CA,Pomona
692,Home Office,United States,AZ,Phoenix
3575,Home Office,United States,FL,Fort Lauderdale
12489,Home Office,United States,GA,Roswell
17488,Home Office,United States,HI,Honolulu
18505,Home Office,United States,GA,Augusta
16007,Home Office,United States,TX,Harlingen
20184,Home Office,United States,TX,Grand Prairie
15279,Home Office,United States,TX,Sugar Land
15920,Home Office,United States,NY,Bay Shore
19256,Home Office,United States,FL,Hialeah
10120,Home Office,United States,CA,Moreno Valley
20508,Home Office,United States,NY,Bronx
16471,Home Office,United States,TX,Dallas
7742,Home Office,United States,CA,Victorville
16585,Home Office,United States,NY,Ithaca
12435,Home Office,United States,SC,Summerville
13872,Home Office,United States,TX,Lewisville
12477,Home Office,United States,NY,Brooklyn
14207,Home Office,United States,NJ,Bridgeton
10347,Home Office,United States,FL,Hollywood
11168,Home Office,United States,NJ,Plainfield
15845,Home Office,United States,PA,Philadelphia
18098,Home Office,United States,PA,Lansdale
17545,Home Office,United States,FL,Apopka
19848,Home Office,United States,MI,Detroit
5341,Home Office,United States,NY,Brooklyn
9242,Home Office,United States,NC,Fayetteville
11123,Consumer,Puerto Rico,PR,Caguas
493,Consumer,Puerto Rico,PR,Caguas
14941,Consumer,Puerto Rico,PR,Caguas
15630,Consumer,Puerto Rico,PR,Caguas
20347,Consumer,Puerto Rico,PR,Caguas
10464,Consumer,Puerto Rico,PR,Caguas
20571,Consumer,Puerto Rico,PR,Caguas
17377,Consumer,Puerto Rico,PR,Caguas
15588,Consumer,Puerto Rico,PR,Caguas
5089,Consumer,Puerto Rico,PR,Caguas
14539,Consumer,Puerto Rico,PR,Caguas
11502,Consumer,Puerto Rico,PR,Caguas
19063,Consumer,Puerto Rico,PR,Caguas
20398,Consumer,Puerto Rico,PR,Caguas
18543,Consumer,Puerto Rico,PR,Caguas
9888,Consumer,Puerto Rico,PR,Caguas
3657,Consumer,Puerto Rico,PR,Caguas
16509,Consumer,Puerto Rico,PR,Caguas
19110,Consumer,Puerto Rico,PR,Caguas
18682,Consumer,Puerto Rico,PR,Caguas
18707,Consumer,Puerto Rico,PR,Caguas
20006,Consumer,Puerto Rico,PR,Caguas
855,Consumer,Puerto Rico,PR,Caguas
17675,Consumer,Puerto Rico,PR,Caguas
1609,Corporate,Puerto Rico,PR,Caguas
11869,Corporate,Puerto Rico,PR,Caguas
8026,Corporate,United States,OH,Middletown
4485,Corporate,Puerto Rico,PR,Caguas
5852,Corporate,United States,NV,Las Vegas
6515,Corporate,Puerto Rico,PR,Caguas
7211,Corporate,United States,CO,Littleton
14656,Home Office,Puerto Rico,PR,Caguas
6280,Home Office,Puerto Rico,PR,Caguas
16244,Home Office,Puerto Rico,PR,Caguas
1416,Corporate,United States,GA,Atlanta
9460,Corporate,United States,OH,Fairfield
6530,Consumer,United States,IL,Chicago
3121,Corporate,United States,CA,Los Angeles
5201,Corporate,Puerto Rico,PR,Caguas
19473,Corporate,United States,CA,Long Beach
19463,Consumer,Puerto Rico,PR,Caguas
13035,Consumer,Puerto Rico,PR,Caguas
14322,Consumer,Puerto Rico,PR,Caguas
12255,Consumer,United States,CA,Ontario
5295,Corporate,United States,UT,Bountiful
19435,Consumer,United States,MD,Gaithersburg
19381,Consumer,United States,TN,Antioch
19359,Corporate,United States,NY,Lindenhurst
19358,Corporate,United States,OH,Elyria
19354,Home Office,United States,CA,Carson
9163,Corporate,United States,MT,Billings
1293,Corporate,United States,MA,Methuen
3172,Corporate,United States,CO,Colorado Springs
4117,Corporate,United States,NC,Raleigh
19346,Corporate,United States,IN,Indianapolis
19323,Consumer,Puerto Rico,PR,Caguas
19319,Consumer,United States,NY,New York
19313,Consumer,Puerto Rico,PR,Caguas
16767,Consumer,Puerto Rico,PR,Humacao
16763,Corporate,Puerto Rico,PR,Caguas
16762,Consumer,United States,CA,Riverside
16741,Consumer,United States,CA,Gardena
16735,Consumer,Puerto Rico,PR,Caguas
16734,Corporate,United States,CA,Ontario
16730,Corporate,United States,TX,Brownsville
16716,Consumer,Puerto Rico,PR,Arecibo
16712,Home Office,United States,CA,Riverside
16704,Consumer,Puerto Rico,PR,Caguas
16694,Consumer,United States,CA,San Diego
16692,Corporate,United States,NY,Bronx
16659,Home Office,Puerto Rico,PR,Caguas
14531,Home Office,Puerto Rico,PR,Caguas
3226,Consumer,United States,TN,Memphis
18020,Corporate,United States,CA,Los Angeles
940,Corporate,United States,TX,El Paso
20699,Corporate,United States,NY,Brooklyn
15374,Corporate,United States,CA,Antioch
2456,Corporate,United States,PA,York
19266,Consumer,Puerto Rico,PR,Caguas
17680,Consumer,Puerto Rico,PR,Caguas
17710,Consumer,Puerto Rico,PR,Caguas
2856,Corporate,Puerto Rico,PR,Caguas
12231,Corporate,Puerto Rico,PR,Caguas
8998,Corporate,United States,IL,Chicago
15245,Corporate,United States,DE,Newark
16362,Corporate,United States,CA,Fullerton
16123,Corporate,United States,PA,Philadelphia
20138,Corporate,United States,TX,San Marcos
71,Corporate,United States,PA,Philadelphia
20617,Corporate,United States,CA,San Jose
17754,Corporate,United States,CA,Los Angeles
6583,Consumer,United States,IL,Moline
8770,Consumer,United States,PA,West Chester
4876,Consumer,United States,VA,Virginia Beach
8250,Consumer,United States,NV,Las Vegas
10100,Corporate,United States,TX,Sugar Land
3459,Corporate,United States,IL,Chicago
6922,Consumer,United States,KY,Frankfort
13576,Consumer,United States,CA,Highland
16625,Consumer,United States,CA,Los Angeles
15827,Consumer,United States,CA,Carson
683,Consumer,United States,TX,Harlingen
15436,Home Office,Puerto Rico,PR,Caguas
17610,Home Office,Puerto Rico,PR,Caguas
9393,Home Office,Puerto Rico,PR,Caguas
19811,Consumer,Puerto Rico,PR,Caguas
15227,Consumer,Puerto Rico,PR,Caguas
18588,Consumer,Puerto Rico,PR,Caguas
9506,Corporate,Puerto Rico,PR,Caguas
14653,Corporate,Puerto Rico,PR,Caguas
14855,Corporate,Puerto Rico,PR,Caguas
15090,Corporate,Puerto Rico,PR,Caguas
17939,Corporate,Puerto Rico,PR,Caguas
4684,Corporate,United States,CA,San Ramon
1140,Corporate,United States,CA,Highland
13356,Consumer,United States,TX,New Braunfels
14886,Consumer,United States,DE,Newark
1626,Consumer,United States,CA,Garden Grove
64,Corporate,United States,IL,Chicago
371,Corporate,United States,TX,San Antonio
9654,Corporate,United States,OH,Mentor
11695,Corporate,United States,IL,Chicago
13075,Home Office,Puerto Rico,PR,Caguas
14208,Consumer,Puerto Rico,PR,Caguas
13857,Consumer,Puerto Rico,PR,Caguas
13924,Consumer,Puerto Rico,PR,Caguas
12931,Consumer,Puerto Rico,PR,Caguas
6595,Corporate,United States,NY,New York
5356,Corporate,United States,OH,Reynoldsburg
11062,Corporate,United States,KS,Olathe
8888,Corporate,United States,GA,Alpharetta
1030,Corporate,United States,CO,Colorado Springs
12027,Consumer,United States,CA,Bell Gardens
13471,Consumer,United States,CT,Milford
13548,Consumer,United States,MN,Saint Paul
13612,Consumer,United States,CA,Chula Vista
15033,Consumer,United States,CA,Walnut
15002,Consumer,United States,CA,Merced
17505,Consumer,United States,MI,Detroit
15413,Consumer,United States,MD,Baltimore
14131,Consumer,United States,MN,Saint Paul
14161,Consumer,United States,NY,Brooklyn
13141,Consumer,United States,GA,Atlanta
14490,Corporate,United States,CA,Palo Alto
14847,Corporate,United States,KY,Richmond
13499,Corporate,United States,TX,Dallas
3210,Corporate,United States,CA,Escondido
11157,Corporate,United States,PA,York
20001,Corporate,United States,OH,Columbus
5892,Corporate,United States,DE,Newark
10750,Corporate,United States,CA,Tustin
12919,Consumer,United States,CA,Granada Hills
9084,Consumer,United States,AR,Jonesboro
12390,Consumer,United States,NV,Las Vegas
18903,Consumer,United States,NY,Bronx
20752,Consumer,United States,NY,Brooklyn
20540,Consumer,United States,MA,Pittsfield
15337,Consumer,United States,NY,Tonawanda
6142,Consumer,United States,PA,Greensburg
3803,Consumer,United States,CA,San Francisco
13501,Consumer,United States,CA,San Jose
14601,Consumer,United States,KY,Louisville
12603,Consumer,United States,OH,Columbus
19238,Consumer,United States,GA,Atlanta
18080,Consumer,Puerto Rico,PR,Caguas
16452,Consumer,Puerto Rico,PR,Caguas
18795,Consumer,Puerto Rico,PR,Caguas
17290,Consumer,Puerto Rico,PR,Caguas
18425,Consumer,Puerto Rico,PR,Caguas
18510,Consumer,Puerto Rico,PR,Caguas
17655,Consumer,Puerto Rico,PR,Caguas
20187,Consumer,Puerto Rico,PR,Caguas
17122,Consumer,Puerto Rico,PR,Caguas
17432,Consumer,Puerto Rico,PR,Caguas
17491,Consumer,Puerto Rico,PR,Caguas
17551,Consumer,Puerto Rico,PR,Caguas
17048,Consumer,Puerto Rico,PR,Caguas
4972,Corporate,United States,IL,Aurora
12776,Corporate,United States,TX,Denton
842,Corporate,United States,CT,New Haven
15866,Corporate,United States,TX,Houston
19841,Corporate,United States,NJ,Morristown
16318,Corporate,United States,PA,Greensburg
12312,Corporate,United States,MD,Gaithersburg
3637,Corporate,United States,NY,Bronx
18138,Corporate,United States,TX,Houston
16496,Corporate,United States,NC,Greenville
19790,Corporate,Puerto Rico,PR,Caguas
20284,Corporate,Puerto Rico,PR,Caguas
5985,Corporate,Puerto Rico,PR,Caguas
11474,Corporate,Puerto Rico,PR,Caguas
15100,Corporate,Puerto Rico,PR,Caguas
9075,Corporate,Puerto Rico,PR,Caguas
11870,Corporate,United States,CA,San Diego
9981,Corporate,United States,CA,Vista
12979,Corporate,United States,NC,Greenville
15560,Corporate,United States,NY,Freeport
1079,Corporate,United States,KY,Richmond
20329,Corporate,United States,CA,Los Angeles
15102,Corporate,United States,CA,Los Angeles
13331,Corporate,United States,IL,Chicago
17629,Corporate,United States,CA,Livermore
17484,Corporate,United States,CA,Santa Clara
850,Corporate,United States,NJ,North Bergen
16126,Corporate,United States,VA,Virginia Beach
17137,Home Office,Puerto Rico,PR,Caguas
15287,Home Office,Puerto Rico,PR,Caguas
11729,Consumer,United States,OH,Lakewood
13903,Consumer,United States,AZ,Phoenix
12828,Consumer,United States,PA,Doylestown
15114,Consumer,United States,CA,Simi Valley
15130,Consumer,United States,PA,Philadelphia
6668,Consumer,United States,CA,Los Angeles
11179,Consumer,United States,CA,Escondido
18156,Consumer,United States,CA,Fountain Valley
15712,Consumer,United States,PA,Lancaster
17271,Consumer,United States,IL,Bolingbrook
18294,Consumer,United States,NY,New York
17641,Consumer,United States,NY,South Richmond Hill
17276,Consumer,United States,CA,Ontario
15439,Consumer,United States,WI,Sheboygan
10712,Consumer,United States,NY,Brooklyn
20351,Consumer,United States,FL,Pompano Beach
17240,Consumer,United States,MO,Saint Charles
13345,Consumer,United States,WA,Kent
14068,Consumer,United States,CA,Citrus Heights
14264,Consumer,United States,MN,Saint Paul
13510,Consumer,United States,CA,San Pedro
14469,Consumer,United States,NJ,Union City
14919,Consumer,United States,NY,Brooklyn
12955,Consumer,United States,UT,Ogden
15036,Consumer,United States,CA,Hayward
763,Consumer,United States,IL,Chicago
10955,Consumer,United States,KS,Wichita
14573,Consumer,United States,CA,Moreno Valley
14803,Consumer,United States,OH,Columbus
12597,Consumer,United States,FL,Hialeah
19215,Consumer,United States,MN,Saint Paul
18480,Consumer,United States,CA,Diamond Bar
20709,Consumer,United States,OH,Hilliard
18303,Consumer,United States,CA,Sunnyvale
17541,Consumer,United States,NC,Apex
15283,Consumer,United States,NY,Tonawanda
4048,Consumer,United States,IL,Lockport
9766,Consumer,United States,OH,Elyria
14149,Consumer,United States,KY,Frankfort
14167,Consumer,United States,TX,Spring
13451,Consumer,United States,IL,Glenview
14462,Consumer,United States,CO,Colorado Springs
14677,Consumer,United States,IL,Bolingbrook
14675,Consumer,United States,MD,Silver Spring
14837,Consumer,United States,CA,Union City
7855,Consumer,United States,IL,Cicero
17777,Corporate,Puerto Rico,PR,Caguas
15119,Corporate,Puerto Rico,PR,Caguas
2479,Corporate,Puerto Rico,PR,Caguas
19154,Corporate,Puerto Rico,PR,Caguas
17579,Corporate,Puerto Rico,PR,Caguas
3640,Corporate,Puerto Rico,PR,Caguas
13089,Corporate,Puerto Rico,PR,Caguas
13859,Corporate,Puerto Rico,PR,Caguas
15014,Corporate,Puerto Rico,PR,Caguas
12947,Corporate,Puerto Rico,PR,Caguas
6596,Corporate,Puerto Rico,PR,Caguas
9016,Corporate,Puerto Rico,PR,Caguas
18127,Corporate,Puerto Rico,PR,Caguas
19184,Corporate,Puerto Rico,PR,Caguas
16489,Corporate,Puerto Rico,PR,Caguas
18800,Corporate,Puerto Rico,PR,San Sebastian
15688,Corporate,Puerto Rico,PR,Caguas
16072,Corporate,Puerto Rico,PR,Caguas
18672,Corporate,Puerto Rico,PR,Caguas
17118,Corporate,Puerto Rico,PR,Caguas
17135,Corporate,Puerto Rico,PR,Caguas
15240,Corporate,Puerto Rico,PR,Caguas
17857,Corporate,Puerto Rico,PR,Caguas
17686,Corporate,Puerto Rico,PR,Caguas
20629,Corporate,Puerto Rico,PR,Caguas
11445,Corporate,Puerto Rico,PR,Caguas
14743,Consumer,United States,GA,Atlanta
12589,Consumer,United States,FL,Hollywood
16493,Consumer,United States,CO,Aurora
19167,Consumer,United States,AZ,Tucson
16561,Consumer,United States,ID,Meridian
20461,Consumer,United States,WA,Kent
17365,Consumer,United States,CA,Riverside
18410,Consumer,United States,MI,Detroit
15445,Consumer,United States,NY,North Tonawanda
19259,Consumer,United States,NY,Lockport
17887,Consumer,United States,MO,Saint Peters
17458,Consumer,United States,CA,Carmichael
17296,Consumer,United States,CA,Chino
16249,Consumer,United States,NY,Brooklyn
14114,Corporate,United States,PA,West Chester
12815,Corporate,United States,MI,Wyandotte
10985,Corporate,United States,OH,Strongsville
12629,Corporate,United States,MD,Gaithersburg
12544,Corporate,United States,NY,Bronx
903,Corporate,United States,CA,San Jose
5512,Corporate,United States,NY,Endicott
16523,Corporate,United States,CA,Los Angeles
15860,Corporate,United States,NJ,Clementon
15888,Corporate,United States,FL,Hialeah
20626,Corporate,United States,CA,San Pedro
8449,Corporate,United States,FL,Pompano Beach
20238,Corporate,United States,CA,North Hollywood
16361,Corporate,United States,NY,Brooklyn
19998,Corporate,United States,CA,Mission Viejo
20016,Corporate,United States,PA,Morrisville
17858,Corporate,United States,CA,Fountain Valley
11854,Corporate,United States,NY,New York
13439,Corporate,United States,MI,Ann Arbor
17479,Corporate,United States,IL,Elgin
14622,Corporate,United States,CA,Los Angeles
15118,Corporate,United States,OR,Roseburg
15089,Corporate,United States,GA,Atlanta
16391,Corporate,United States,NY,Yonkers
20649,Corporate,United States,MD,Hagerstown
17966,Corporate,United States,CA,Visalia
15600,Corporate,United States,RI,Woonsocket
16324,Corporate,United States,FL,Miami
16136,Corporate,United States,NV,Las Vegas
20135,Corporate,United States,TX,San Marcos
3512,Corporate,United States,CA,Clovis
13041,Corporate,United States,NY,Brooklyn
13491,Corporate,United States,TX,Weslaco
14640,Corporate,United States,MI,Hamtramck
14248,Corporate,United States,IL,Elgin
13368,Corporate,United States,OH,Middletown
14651,Corporate,United States,CA,Hayward
14781,Corporate,United States,NY,New York
4442,Corporate,Puerto Rico,PR,Caguas
10991,Consumer,United States,TX,Houston
19750,Consumer,United States,PA,Lancaster
19731,Home Office,United States,CA,Los Angeles
19699,Consumer,United States,PA,Hanover
19684,Corporate,Puerto Rico,PR,Caguas
19682,Consumer,United States,IL,Aurora
19632,Corporate,Puerto Rico,PR,Caguas
19621,Home Office,Puerto Rico,PR,Caguas
19603,Consumer,Puerto Rico,PR,Caguas
19583,Consumer,United States,NM,Albuquerque
19580,Consumer,United States,WA,Longview
19568,Consumer,Puerto Rico,PR,Caguas
19558,Corporate,United States,NJ,Passaic
19556,Corporate,United States,CA,San Marcos
19520,Corporate,Puerto Rico,PR,Caguas
19500,Consumer,United States,NY,Brooklyn
16981,Consumer,United States,NV,Henderson
16976,Corporate,United States,KS,Wichita
16958,Consumer,United States,MI,Wyoming
16945,Corporate,Puerto Rico,PR,Caguas
16856,Consumer,Puerto Rico,PR,Caguas
16852,Corporate,United States,TX,Dallas
16845,Home Office,United States,CA,Garden Grove
16791,Home Office,United States,CA,Garden Grove
16784,Consumer,Puerto Rico,PR,Caguas
16779,Consumer,United States,FL,Tallahassee
2579,Consumer,United States,CA,Citrus Heights
6745,Corporate,United States,IL,Chicago
6555,Home Office,Puerto Rico,PR,Caguas
2558,Corporate,United States,CA,Modesto
20029,Consumer,Puerto Rico,PR,Caguas
13560,Corporate,United States,IL,Granite City
13919,Corporate,United States,GA,Marietta
15006,Corporate,United States,NY,Bronx
15091,Corporate,United States,CA,Lancaster
14874,Corporate,United States,NY,Brooklyn
15808,Corporate,United States,NJ,Princeton
2635,Consumer,United States,TX,Baytown
15467,Home Office,United States,NY,Brooklyn
16166,Home Office,United States,VA,Norfolk
14108,Consumer,United States,CA,San Bernardino
14560,Consumer,United States,NJ,Toms River
13825,Consumer,United States,CA,Modesto
13887,Consumer,United States,FL,Pompano Beach
15864,Consumer,United States,IL,Chicago
20678,Consumer,United States,NY,New York
20514,Consumer,United States,MO,Saint Peters
17679,Consumer,United States,OH,Sandusky
18456,Consumer,United States,FL,Fort Lauderdale
20457,Consumer,United States,CA,Walnut
17318,Consumer,United States,CA,Indio
15286,Consumer,United States,NY,New York
18553,Consumer,United States,FL,Fort Lauderdale
20374,Consumer,United States,CA,Rowland Heights
16137,Consumer,United States,FL,Hollywood
16173,Consumer,United States,NC,Chapel Hill
16280,Consumer,United States,VA,Hampton
19797,Consumer,United States,NY,Yonkers
1783,Corporate,Puerto Rico,PR,Caguas
4777,Corporate,Puerto Rico,PR,Caguas
14801,Corporate,Puerto Rico,PR,Caguas
15547,Corporate,Puerto Rico,PR,Caguas
14559,Corporate,Puerto Rico,PR,Caguas
20259,Corporate,Puerto Rico,PR,Caguas
13778,Corporate,United States,MO,Saint Peters
14201,Corporate,United States,NY,Brooklyn
12535,Corporate,United States,NV,Las Vegas
13537,Corporate,United States,CA,Rowland Heights
9734,Corporate,United States,NY,Rego Park
19267,Corporate,United States,OH,Strongsville
20590,Corporate,United States,CA,Highland
20070,Corporate,United States,CA,Cerritos
18027,Corporate,United States,NJ,West New York
18394,Corporate,United States,CA,Martinez
2191,Consumer,United States,CA,Watsonville
3427,Corporate,Puerto Rico,PR,Caguas
11533,Home Office,United States,IL,Mchenry
4835,Consumer,United States,TN,Memphis
13453,Consumer,United States,NY,Jackson Heights
14072,Consumer,United States,MD,Fort Washington
14226,Consumer,United States,NY,Freeport
13008,Consumer,United States,CA,Spring Valley
13697,Consumer,United States,CA,Fullerton
12807,Consumer,United States,TX,San Antonio
13598,Consumer,United States,CA,Winnetka
13578,Consumer,United States,SC,Columbia
14738,Consumer,United States,CA,Bakersfield
2566,Consumer,United States,CA,Merced
12830,Consumer,United States,OH,Lakewood
13195,Consumer,United States,OK,Lawton
14624,Corporate,United States,CA,Tulare
13348,Corporate,United States,NV,Las Vegas
14215,Corporate,United States,NY,South Ozone Park
13947,Corporate,United States,KS,Wichita
14863,Corporate,United States,NY,Brooklyn
12631,Corporate,United States,CA,Modesto
15060,Corporate,United States,IL,Harvey
18949,Corporate,United States,CA,Fontana
15520,Corporate,United States,IL,Chicago
19785,Corporate,United States,AZ,Glendale
15254,Corporate,United States,IN,Michigan City
18072,Corporate,United States,FL,Orange Park
18495,Corporate,United States,CA,Santa Clara
20558,Corporate,United States,TX,Laredo
16265,Corporate,United States,TX,El Paso
15050,Consumer,United States,GA,Lawrenceville
19074,Consumer,United States,TX,Plano
15897,Consumer,United States,FL,Miami
15895,Consumer,United States,IL,Chicago
15690,Consumer,United States,CA,Stockton
18779,Consumer,United States,CA,San Bernardino
18334,Consumer,United States,IL,Chicago
20527,Consumer,United States,MI,Saginaw
17987,Consumer,United States,WA,Lynnwood
15511,Consumer,United States,IL,Algonquin
18592,Consumer,United States,VA,Annandale
18542,Consumer,United States,CA,Clovis
18986,Consumer,United States,GA,Stockbridge
14382,Corporate,Puerto Rico,PR,Caguas
13125,Corporate,Puerto Rico,PR,Caguas
14541,Corporate,Puerto Rico,PR,Caguas
14873,Corporate,Puerto Rico,PR,Caguas
17467,Corporate,Puerto Rico,PR,Caguas
16124,Corporate,Puerto Rico,PR,Caguas
16229,Corporate,Puerto Rico,PR,Caguas
13245,Corporate,Puerto Rico,PR,Caguas
14489,Corporate,Puerto Rico,PR,Caguas
13927,Corporate,Puerto Rico,PR,Caguas
18637,Corporate,Puerto Rico,PR,Caguas
18150,Consumer,United States,CO,Denver
19118,Consumer,United States,UT,Salt Lake City
17332,Consumer,United States,CA,Bakersfield
16059,Consumer,United States,NJ,Bayonne
15392,Consumer,United States,NY,Brooklyn
15459,Consumer,United States,CA,Long Beach
18686,Consumer,United States,PA,Philadelphia
15667,Consumer,United States,PA,Mechanicsburg
18610,Consumer,United States,IL,Palatine
20133,Consumer,United States,NJ,West New York
15264,Consumer,United States,CA,Fountain Valley
19876,Consumer,United States,CA,Pico Rivera
16198,Consumer,United States,NJ,West New York
15199,Consumer,United States,AZ,Mesa
19886,Consumer,United States,CA,Tracy
17408,Consumer,United States,PA,Irwin
17729,Consumer,United States,OH,Fairfield
20430,Consumer,United States,CA,West Covina
17152,Consumer,United States,CA,Victorville
17932,Home Office,United States,OH,Loveland
12968,Home Office,United States,TX,Sugar Land
14625,Home Office,United States,IL,Elmhurst
18650,Home Office,United States,CO,Aurora
20242,Home Office,United States,UT,Salt Lake City
19801,Home Office,United States,OR,Portland
14877,Home Office,United States,NC,Jacksonville
14054,Home Office,United States,PA,Philadelphia
14050,Home Office,United States,CA,San Diego
12999,Consumer,United States,CA,Los Angeles
14940,Consumer,United States,PA,West Chester
13284,Consumer,United States,CA,Los Angeles
14197,Consumer,United States,OR,Bend
15301,Consumer,United States,KS,Wichita
16465,Consumer,United States,VA,Woodbridge
17882,Consumer,United States,NC,Lenoir
16559,Consumer,United States,NJ,Princeton
13364,Consumer,United States,NY,Brooklyn
13855,Consumer,United States,NY,Brooklyn
13025,Consumer,United States,CA,Oxnard
15948,Consumer,United States,CA,Clovis
17319,Consumer,United States,OH,Hilliard
17476,Consumer,United States,FL,Pompano Beach
16082,Consumer,United States,NY,New York
18643,Consumer,United States,NY,Brooklyn
18694,Consumer,United States,VA,Virginia Beach
19032,Consumer,United States,GA,Columbus
15346,Consumer,United States,IL,Mount Prospect
14903,Consumer,United States,TX,Houston
15126,Consumer,United States,PA,Philadelphia
13142,Consumer,United States,MA,Brighton
14655,Consumer,United States,CA,Gardena
13627,Consumer,United States,VA,Annandale
15111,Consumer,United States,CA,Anaheim
13398,Consumer,United States,MO,Saint Peters
15056,Corporate,Puerto Rico,PR,Caguas
19971,Corporate,Puerto Rico,PR,Caguas
16138,Corporate,Puerto Rico,PR,Caguas
11790,Corporate,Puerto Rico,PR,Caguas
11048,Corporate,Puerto Rico,PR,Caguas
5335,Corporate,Puerto Rico,PR,Caguas
5930,Corporate,Puerto Rico,PR,Caguas
11067,Corporate,Puerto Rico,PR,Caguas
8613,Corporate,Puerto Rico,PR,Caguas
7885,Corporate,Puerto Rico,PR,Caguas
9565,Corporate,Puerto Rico,PR,Caguas
2785,Corporate,Puerto Rico,PR,Caguas
9624,Corporate,Puerto Rico,PR,Caguas
9972,Corporate,Puerto Rico,PR,Caguas
2101,Corporate,Puerto Rico,PR,Caguas
9739,Corporate,Puerto Rico,PR,Caguas
599,Corporate,Puerto Rico,PR,Caguas
2025,Corporate,Puerto Rico,PR,Caguas
3000,Corporate,Puerto Rico,PR,Caguas
12121,Corporate,Puerto Rico,PR,Caguas
210,Corporate,Puerto Rico,PR,Caguas
6898,Corporate,Puerto Rico,PR,Caguas
3390,Corporate,Puerto Rico,PR,Caguas
7148,Corporate,Puerto Rico,PR,Caguas
2397,Corporate,Puerto Rico,PR,Caguas
15016,Corporate,Puerto Rico,PR,Caguas
14216,Corporate,Puerto Rico,PR,Caguas
8265,Corporate,Puerto Rico,PR,Caguas
13696,Corporate,Puerto Rico,PR,Caguas
10842,Corporate,Puerto Rico,PR,Caguas
1011,Corporate,Puerto Rico,PR,Caguas
1156,Corporate,Puerto Rico,PR,Caguas
614,Corporate,Puerto Rico,PR,Caguas
9722,Corporate,Puerto Rico,PR,Caguas
5053,Corporate,Puerto Rico,PR,Caguas
5047,Corporate,Puerto Rico,PR,Caguas
3504,Corporate,Puerto Rico,PR,Caguas
3083,Corporate,Puerto Rico,PR,Caguas
10649,Corporate,Puerto Rico,PR,Caguas
11958,Corporate,Puerto Rico,PR,Caguas
10260,Corporate,Puerto Rico,PR,Caguas
2764,Corporate,Puerto Rico,PR,Caguas
2731,Corporate,Puerto Rico,PR,Caguas
18097,Corporate,Puerto Rico,PR,Caguas
6270,Corporate,Puerto Rico,PR,Caguas
6728,Corporate,Puerto Rico,PR,Caguas
18348,Corporate,Puerto Rico,PR,Caguas
18401,Corporate,Puerto Rico,PR,Caguas
17511,Corporate,Puerto Rico,PR,Caguas
15363,Corporate,Puerto Rico,PR,Caguas
15894,Corporate,Puerto Rico,PR,Caguas
7471,Corporate,Puerto Rico,PR,Caguas
2830,Corporate,Puerto Rico,PR,Caguas
9327,Corporate,Puerto Rico,PR,Caguas
7730,Corporate,Puerto Rico,PR,Guaynabo
1032,Corporate,Puerto Rico,PR,Caguas
32,Corporate,Puerto Rico,PR,Caguas
83,Corporate,Puerto Rico,PR,Caguas
1190,Corporate,Puerto Rico,PR,Caguas
102,Corporate,Puerto Rico,PR,Caguas
7349,Corporate,Puerto Rico,PR,Caguas
564,Corporate,Puerto Rico,PR,Caguas
6413,Corporate,Puerto Rico,PR,Caguas
10875,Consumer,Puerto Rico,PR,Guayama
20407,Consumer,Puerto Rico,PR,Caguas
6152,Consumer,Puerto Rico,PR,Caguas
2968,Consumer,Puerto Rico,PR,Caguas
14913,Consumer,Puerto Rico,PR,Caguas
2586,Consumer,Puerto Rico,PR,Caguas
1807,Consumer,Puerto Rico,PR,Caguas
9310,Consumer,Puerto Rico,PR,Caguas
7835,Consumer,Puerto Rico,PR,Caguas
3493,Consumer,Puerto Rico,PR,Caguas
6905,Consumer,Puerto Rico,PR,Caguas
1668,Consumer,Puerto Rico,PR,Caguas
2869,Consumer,Puerto Rico,PR,Caguas
9515,Consumer,Puerto Rico,PR,Caguas
5990,Consumer,Puerto Rico,PR,Mayaguez
6673,Consumer,Puerto Rico,PR,Caguas
11836,Consumer,Puerto Rico,PR,Caguas
9572,Consumer,Puerto Rico,PR,Caguas
11834,Consumer,Puerto Rico,PR,Caguas
4557,Consumer,Puerto Rico,PR,Caguas
16290,Consumer,Puerto Rico,PR,Caguas
408,Consumer,Puerto Rico,PR,Caguas
5409,Consumer,Puerto Rico,PR,Caguas
58,Consumer,Puerto Rico,PR,Caguas
10975,Consumer,Puerto Rico,PR,Caguas
10969,Consumer,Puerto Rico,PR,Caguas
1473,Consumer,Puerto Rico,PR,Caguas
5011,Consumer,Puerto Rico,PR,Caguas
3857,Consumer,Puerto Rico,PR,Caguas
4669,Consumer,Puerto Rico,PR,Humacao
9665,Consumer,Puerto Rico,PR,Caguas
3462,Consumer,Puerto Rico,PR,Caguas
6432,Consumer,Puerto Rico,PR,Caguas
11927,Consumer,Puerto Rico,PR,Caguas
6484,Consumer,Puerto Rico,PR,Caguas
6198,Consumer,Puerto Rico,PR,Caguas
10277,Consumer,Puerto Rico,PR,Caguas
1369,Consumer,Puerto Rico,PR,Caguas
709,Consumer,Puerto Rico,PR,Caguas
4280,Consumer,Puerto Rico,PR,Arecibo
5610,Consumer,Puerto Rico,PR,Caguas
1785,Consumer,Puerto Rico,PR,Caguas
10938,Consumer,Puerto Rico,PR,Caguas
13406,Consumer,Puerto Rico,PR,Caguas
14280,Consumer,Puerto Rico,PR,Caguas
13789,Consumer,Puerto Rico,PR,Caguas
5464,Consumer,Puerto Rico,PR,Caguas
13587,Consumer,Puerto Rico,PR,Caguas
11420,Consumer,Puerto Rico,PR,Caguas
9245,Consumer,Puerto Rico,PR,Caguas
12806,Consumer,Puerto Rico,PR,Caguas
14049,Consumer,Puerto Rico,PR,Caguas
9150,Consumer,Puerto Rico,PR,Caguas
10003,Consumer,Puerto Rico,PR,Caguas
1455,Consumer,Puerto Rico,PR,Caguas
9590,Consumer,Puerto Rico,PR,Caguas
10487,Consumer,Puerto Rico,PR,Caguas
10244,Consumer,Puerto Rico,PR,Caguas
12633,Consumer,Puerto Rico,PR,Caguas
867,Consumer,Puerto Rico,PR,Caguas
12119,Consumer,Puerto Rico,PR,Caguas
7001,Consumer,Puerto Rico,PR,Caguas
7857,Consumer,Puerto Rico,PR,Caguas
8524,Consumer,Puerto Rico,PR,Caguas
10977,Consumer,Puerto Rico,PR,Caguas
12088,Consumer,Puerto Rico,PR,Caguas
8172,Consumer,Puerto Rico,PR,Caguas
734,Consumer,Puerto Rico,PR,Caguas
5620,Consumer,Puerto Rico,PR,Caguas
7292,Consumer,Puerto Rico,PR,Caguas
4513,Consumer,Puerto Rico,PR,Caguas
3913,Consumer,Puerto Rico,PR,Caguas
5927,Consumer,Puerto Rico,PR,Caguas
1995,Consumer,Puerto Rico,PR,Caguas
8351,Consumer,Puerto Rico,PR,Caguas
4121,Consumer,Puerto Rico,PR,Caguas
4322,Consumer,Puerto Rico,PR,Caguas
20715,Consumer,Puerto Rico,PR,Caguas
16074,Consumer,Puerto Rico,PR,Caguas
17716,Consumer,Puerto Rico,PR,Caguas
16070,Consumer,Puerto Rico,PR,Caguas
2388,Consumer,Puerto Rico,PR,Caguas
3889,Consumer,Puerto Rico,PR,Caguas
8721,Consumer,Puerto Rico,PR,Caguas
15386,Consumer,Puerto Rico,PR,Caguas
7499,Consumer,United States,WA,Seattle
5858,Consumer,United States,IL,Chicago
7434,Consumer,United States,TN,Cordova
1290,Consumer,United States,VA,Chesapeake
7623,Consumer,United States,TX,San Antonio
8913,Consumer,United States,FL,Fort Lauderdale
7762,Consumer,United States,NY,Brooklyn
2316,Consumer,United States,NJ,West Orange
2962,Consumer,United States,NY,Jackson Heights
11397,Consumer,United States,FL,Tallahassee
11037,Consumer,United States,CA,Davis
8271,Consumer,United States,CA,North Hollywood
7636,Consumer,United States,NY,New York
9646,Consumer,United States,TX,Laredo
12097,Consumer,United States,CA,San Jose
4015,Consumer,United States,CA,Rancho Cucamonga
7222,Consumer,United States,CA,Lompoc
7269,Consumer,United States,CA,San Jose
4652,Consumer,United States,CO,Aurora
4896,Consumer,United States,CA,La Puente
12330,Consumer,United States,CA,Modesto
9662,Consumer,United States,CA,San Pablo
4655,Consumer,United States,MO,Florissant
8775,Consumer,United States,LA,New Orleans
10862,Consumer,United States,CA,Stockton
3402,Consumer,United States,CA,Moreno Valley
5947,Consumer,United States,AZ,Phoenix
8674,Consumer,United States,CA,Baldwin Park
8480,Consumer,United States,NY,Rego Park
2698,Consumer,United States,CA,Pomona
9305,Consumer,United States,MO,Florissant
8105,Consumer,United States,AZ,Mesa
1592,Consumer,United States,MD,Silver Spring
9290,Consumer,United States,VA,Hampton
8703,Consumer,United States,PA,Carlisle
2949,Consumer,United States,PA,Philadelphia
323,Consumer,United States,NY,New York
6337,Consumer,United States,WI,Madison
8868,Consumer,United States,PA,Philadelphia
5179,Consumer,United States,PA,Irwin
3785,Consumer,United States,NV,Las Vegas
5671,Consumer,United States,PA,Philadelphia
4908,Consumer,United States,CA,Fontana
719,Consumer,United States,AZ,Tucson
11814,Consumer,United States,AZ,Phoenix
2351,Consumer,United States,TX,Houston
6441,Consumer,United States,LA,Metairie
11167,Consumer,United States,NY,New York
11692,Consumer,United States,OH,Dayton
590,Consumer,United States,ID,Meridian
7123,Consumer,United States,ID,Meridian
4672,Consumer,United States,MI,Detroit
3980,Consumer,United States,CA,Winnetka
3261,Consumer,United States,CA,Vacaville
9679,Consumer,United States,LA,New Orleans
2758,Consumer,United States,AZ,Phoenix
10573,Consumer,United States,NY,New York
10945,Consumer,United States,VA,Woodbridge
8448,Consumer,United States,NY,New York
7583,Consumer,United States,NC,Asheboro
6815,Consumer,United States,CA,Los Angeles
7331,Consumer,United States,IL,Lombard
3641,Consumer,United States,FL,Miami
10142,Consumer,United States,CA,Cerritos
6206,Consumer,United States,CA,Cerritos
4531,Consumer,United States,TX,Laredo
1578,Consumer,United States,FL,Fort Lauderdale
12161,Consumer,United States,AZ,Yuma
12089,Consumer,United States,MI,Troy
10647,Consumer,United States,IL,Chicago
8488,Consumer,United States,FL,Pompano Beach
4928,Consumer,United States,CA,Moreno Valley
11558,Consumer,United States,CA,Los Angeles
4524,Consumer,United States,MD,Potomac
9910,Consumer,United States,CA,Encinitas
9222,Consumer,United States,NC,Fayetteville
5926,Consumer,United States,CA,Granada Hills
1097,Consumer,United States,MD,Hagerstown
7954,Consumer,United States,PA,York
2522,Consumer,United States,PA,York
1859,Consumer,United States,WI,Milwaukee
871,Consumer,United States,TX,Amarillo
6356,Consumer,United States,MD,Annapolis
1124,Consumer,United States,IL,Granite City
11758,Consumer,United States,PA,Bensalem
545,Consumer,United States,CA,El Cajon
8879,Consumer,United States,GA,Stockbridge
7539,Consumer,United States,CA,Canyon Country
7363,Consumer,United States,NY,Tonawanda
2114,Consumer,United States,CA,Los Angeles
440,Consumer,United States,NY,Brooklyn
2959,Consumer,United States,IL,Chicago
4252,Consumer,United States,OH,Middletown
5378,Consumer,Puerto Rico,PR,Caguas
8183,Corporate,Puerto Rico,PR,Caguas
1727,Corporate,United States,NY,Jamaica
4454,Consumer,United States,CA,San Ramon
8187,Home Office,Puerto Rico,PR,Caguas
8096,Home Office,United States,IL,Chicago
1265,Corporate,United States,CA,San Francisco
9126,Consumer,United States,GA,Atlanta
239,Corporate,United States,TX,Mcallen
3912,Consumer,United States,NY,South Ozone Park
6407,Home Office,United States,NY,Rochester
6417,Consumer,United States,TX,Houston
6737,Consumer,United States,CA,Moreno Valley
5293,Consumer,United States,CA,Sacramento
5202,Corporate,United States,CA,Victorville
6990,Corporate,United States,NY,New York
4234,Consumer,United States,GA,Lilburn
1664,Corporate,United States,MI,Jackson
9586,Consumer,Puerto Rico,PR,Caguas
9430,Consumer,United States,NY,New York
8236,Consumer,United States,AZ,Tucson
4940,Consumer,United States,NY,Brooklyn
11820,Corporate,Puerto Rico,PR,Caguas
8156,Corporate,United States,CA,Los Angeles
12205,Corporate,United States,IL,Chicago
3161,Consumer,United States,AZ,Phoenix
8956,Corporate,United States,KS,Salina
5203,Corporate,United States,IL,Lockport
11429,Home Office,United States,HI,Honolulu
4349,Home Office,United States,UT,Salt Lake City
11493,Consumer,Puerto Rico,PR,Caguas
2196,Home Office,United States,FL,Pompano Beach
3516,Home Office,Puerto Rico,PR,Caguas
3930,Consumer,Puerto Rico,PR,Caguas
9348,Corporate,United States,MI,Wyoming
11224,Consumer,United States,MT,Billings
3389,Consumer,United States,MA,Pittsfield
6605,Consumer,United States,PA,Philadelphia
3118,Corporate,United States,NC,Jacksonville
1885,Home Office,United States,SC,Columbia
1886,Home Office,Puerto Rico,PR,Caguas
6362,Consumer,United States,TX,Plano
8221,Home Office,United States,TX,New Braunfels
3605,Home Office,Puerto Rico,PR,Caguas
11826,Consumer,Puerto Rico,PR,Caguas
7498,Corporate,United States,CA,Milpitas
4344,Consumer,Puerto Rico,PR,Caguas
8299,Home Office,Puerto Rico,PR,Caguas
9237,Corporate,United States,CA,Vista
8556,Corporate,United States,NY,Bronx
416,Consumer,Puerto Rico,PR,Caguas
1233,Consumer,United States,CA,Winnetka
5413,Home Office,United States,IL,Chicago
3329,Consumer,Puerto Rico,PR,Caguas
222,Corporate,United States,IL,Carol Stream
2597,Consumer,United States,CA,Walnut
4806,Corporate,United States,NY,Ridgewood
4144,Home Office,Puerto Rico,PR,Caguas
10818,Consumer,Puerto Rico,PR,Caguas
6024,Corporate,United States,NV,Las Vegas
6244,Home Office,United States,FL,Orlando
7021,Consumer,Puerto Rico,PR,Caguas
8279,Corporate,United States,TX,Fort Worth
10427,Corporate,United States,GA,Powder Springs
11898,Corporate,United States,NC,Sanford
3645,Corporate,United States,CA,Watsonville
987,Consumer,United States,NM,Albuquerque
5603,Corporate,United States,NC,Charlotte
5415,Home Office,United States,AZ,Yuma
2564,Corporate,United States,TX,Amarillo
7622,Home Office,Puerto Rico,PR,Caguas
4959,Home Office,United States,NY,Brooklyn
10225,Consumer,Puerto Rico,PR,Caguas
9491,Corporate,United States,CA,Los Angeles
5976,Home Office,United States,AZ,Glendale
5004,Home Office,United States,FL,Miami
2991,Consumer,Puerto Rico,PR,Caguas
12319,Consumer,Puerto Rico,PR,Caguas
4374,Home Office,Puerto Rico,PR,Caguas
5244,Corporate,United States,NY,Bronx
11795,Home Office,United States,PA,Philadelphia
6822,Home Office,Puerto Rico,PR,Caguas
7616,Consumer,Puerto Rico,PR,Caguas
2718,Consumer,Puerto Rico,PR,Caguas
11196,Corporate,United States,AZ,Tempe
5099,Corporate,United States,IL,Aurora
3139,Consumer,United States,NY,New York
12234,Corporate,Puerto Rico,PR,Caguas
4756,Corporate,United States,NY,Brooklyn
1162,Consumer,United States,CA,Winnetka
4137,Consumer,United States,AZ,Tucson
4721,Consumer,United States,IL,Chicago
2086,Home Office,Puerto Rico,PR,Caguas
1537,Corporate,United States,FL,Pompano Beach
2028,Consumer,Puerto Rico,PR,Caguas
4263,Home Office,Puerto Rico,PR,Caguas
5162,Home Office,Puerto Rico,PR,Caguas
6204,Consumer,United States,MA,Quincy
6001,Home Office,United States,CA,Gardena
11884,Consumer,Puerto Rico,PR,Caguas
9092,Home Office,United States,TN,Columbia
5071,Corporate,Puerto Rico,PR,Caguas
226,Consumer,United States,CA,Oxnard
9589,Consumer,United States,CA,Hacienda Heights
7610,Consumer,United States,CA,Sunnyvale
1014,Consumer,United States,NY,Jamaica
5287,Consumer,United States,NY,Bronx
7958,Consumer,United States,FL,Miami
6632,Consumer,United States,NC,Raleigh
472,Consumer,United States,CA,Bellflower
782,Consumer,United States,TX,Dallas
10770,Consumer,United States,WI,La Crosse
11868,Consumer,United States,CA,Canyon Country
18079,Consumer,United States,CA,Bakersfield
18211,Consumer,United States,TX,Del Rio
18781,Consumer,United States,NJ,Jersey City
8345,Consumer,United States,MA,Lynn
5279,Consumer,United States,NC,Fayetteville
11221,Consumer,United States,TN,Antioch
982,Consumer,United States,IN,New Albany
4745,Consumer,United States,TN,Antioch
17154,Consumer,United States,NJ,Toms River
18590,Consumer,United States,OH,Sandusky
20178,Consumer,United States,TX,Dallas
18601,Consumer,United States,TX,Harlingen
18107,Consumer,United States,CA,Santa Ana
15766,Consumer,United States,MD,Hagerstown
10039,Consumer,United States,AR,Conway
18663,Consumer,United States,TX,El Paso
7820,Consumer,United States,FL,Fort Lauderdale
17550,Consumer,United States,RI,Woonsocket
20368,Consumer,United States,FL,Miami
18575,Consumer,United States,NY,Rochester
17809,Consumer,United States,OH,Mentor
17879,Consumer,United States,TX,Houston
18967,Consumer,United States,CA,Santa Ana
15380,Consumer,United States,CA,Salinas
19844,Consumer,United States,OH,Columbus
6904,Consumer,United States,OH,Hamilton
6462,Consumer,United States,IN,Indianapolis
4324,Consumer,United States,CA,Carson
553,Consumer,United States,CA,Fremont
6483,Consumer,United States,MD,Baltimore
11018,Consumer,United States,HI,Ewa Beach
2129,Consumer,United States,CA,El Cajon
1322,Consumer,United States,TN,Memphis
7965,Consumer,United States,FL,Hialeah
9401,Consumer,United States,NY,Bronx
7997,Consumer,United States,MI,Howell
7666,Consumer,United States,TX,Pharr
3440,Consumer,United States,CA,Salinas
6049,Consumer,United States,MO,Florissant
12020,Consumer,United States,TX,Pharr
4456,Consumer,United States,FL,Miami
10545,Consumer,United States,PA,West Chester
9922,Consumer,United States,CT,Milford
4897,Consumer,United States,CA,Bellflower
999,Consumer,United States,MN,Saint Paul
7027,Consumer,United States,IL,Joliet
2725,Consumer,United States,GA,Stone Mountain
8663,Consumer,United States,IL,Chicago
337,Corporate,United States,CT,New Haven
295,Home Office,Puerto Rico,PR,Caguas
10774,Home Office,United States,GA,Columbus
6860,Consumer,United States,MD,Potomac
7387,Home Office,United States,AZ,Phoenix
9193,Consumer,United States,CA,Carlsbad
4146,Consumer,Puerto Rico,PR,Caguas
8950,Home Office,United States,NY,Bronx
11077,Consumer,United States,LA,New Orleans
9594,Home Office,United States,PA,Philadelphia
9599,Home Office,Puerto Rico,PR,Caguas
9731,Home Office,United States,TX,Baytown
1452,Home Office,United States,NJ,Plainfield
4415,Home Office,Puerto Rico,PR,Caguas
2763,Corporate,United States,AZ,Mesa
2056,Corporate,United States,IL,Chicago Heights
1221,Corporate,United States,CO,Aurora
40,Consumer,United States,CA,Long Beach
12420,Home Office,Puerto Rico,PR,Caguas
2100,Corporate,United States,TX,Austin
11508,Consumer,United States,DE,Newark
5802,Home Office,Puerto Rico,PR,Caguas
4847,Home Office,Puerto Rico,PR,Caguas
11882,Corporate,United States,CA,Moreno Valley
10879,Consumer,United States,FL,Jacksonville
9560,Consumer,Puerto Rico,PR,Caguas
4515,Consumer,Puerto Rico,PR,Caguas
10894,Home Office,United States,WA,Bellingham
10992,Home Office,Puerto Rico,PR,Caguas
11962,Home Office,Puerto Rico,PR,Caguas
11590,Consumer,United States,CA,Azusa
3202,Consumer,Puerto Rico,PR,Caguas
12116,Consumer,United States,IN,West Lafayette
6973,Home Office,United States,CA,Chula Vista
7720,Consumer,Puerto Rico,PR,Caguas
4523,Home Office,Puerto Rico,PR,Caguas
10854,Corporate,United States,CA,Diamond Bar
1742,Corporate,Puerto Rico,PR,Caguas
4551,Consumer,Puerto Rico,PR,Caguas
9036,Consumer,United States,NY,Brooklyn
10478,Consumer,United States,UT,Salt Lake City
1038,Corporate,United States,CA,Highland
8323,Corporate,Puerto Rico,PR,Caguas
5274,Consumer,Puerto Rico,PR,Caguas
10752,Consumer,United States,TX,Richardson
5186,Corporate,United States,CA,Alhambra
12268,Corporate,United States,CA,Fresno
11162,Home Office,United States,KY,Frankfort
2470,Consumer,United States,CA,Los Angeles
5252,Consumer,Puerto Rico,PR,Caguas
2430,Home Office,United States,TX,Dallas
7588,Home Office,United States,NY,Rochester
6750,Consumer,Puerto Rico,PR,Caguas
1422,Consumer,United States,CA,Compton
10482,Consumer,Puerto Rico,PR,Caguas
7657,Corporate,United States,CA,Goleta
749,Consumer,Puerto Rico,PR,Caguas
4741,Home Office,Puerto Rico,PR,Caguas
1385,Corporate,United States,CO,Littleton
9779,Home Office,United States,MD,Baltimore
3703,Corporate,United States,CA,Baldwin Park
103,Corporate,United States,CO,Broomfield
8549,Consumer,United States,FL,Hollywood
11069,Consumer,United States,NY,Bronx
1533,Home Office,Puerto Rico,PR,Caguas
8629,Home Office,Puerto Rico,PR,Caguas
4116,Home Office,United States,IL,Elgin
12379,Corporate,Puerto Rico,PR,Caguas
10692,Corporate,United States,TX,Mission
3043,Consumer,Puerto Rico,PR,Caguas
1638,Corporate,United States,IL,Crystal Lake
2250,Corporate,United States,NY,New York
12100,Corporate,United States,IL,Chicago
2306,Corporate,Puerto Rico,PR,Caguas
2987,Corporate,Puerto Rico,PR,Caguas
5086,Home Office,Puerto Rico,PR,San Sebastian
3958,Home Office,Puerto Rico,PR,Caguas
6491,Home Office,Puerto Rico,PR,Caguas
10346,Home Office,Puerto Rico,PR,Caguas
7267,Home Office,Puerto Rico,PR,Caguas
3576,Home Office,Puerto Rico,PR,Caguas
12324,Home Office,Puerto Rico,PR,Caguas
16412,Home Office,Puerto Rico,PR,Carolina
1934,Home Office,Puerto Rico,PR,Caguas
9870,Home Office,Puerto Rico,PR,Caguas
51,Home Office,Puerto Rico,PR,Caguas
7417,Home Office,Puerto Rico,PR,Caguas
17107,Home Office,Puerto Rico,PR,Caguas
15165,Home Office,Puerto Rico,PR,Caguas
17034,Home Office,Puerto Rico,PR,Guaynabo
7860,Home Office,Puerto Rico,PR,Caguas
7618,Home Office,Puerto Rico,PR,Caguas
18564,Home Office,Puerto Rico,PR,Caguas
4766,Home Office,Puerto Rico,PR,Caguas
199,Home Office,Puerto Rico,PR,Caguas
743,Home Office,Puerto Rico,PR,Caguas
18864,Home Office,Puerto Rico,PR,Caguas
7824,Home Office,Puerto Rico,PR,Caguas
7309,Home Office,Puerto Rico,PR,Caguas
11662,Home Office,Puerto Rico,PR,Caguas
9410,Home Office,Puerto Rico,PR,Caguas
10548,Consumer,Puerto Rico,PR,Caguas
11321,Corporate,United States,CA,San Diego
3869,Corporate,United States,CA,Los Angeles
7520,Home Office,United States,MD,Catonsville
4447,Corporate,Puerto Rico,PR,Canovanas
3085,Corporate,United States,OH,Cleveland
3514,Corporate,United States,CT,Danbury
6586,Consumer,Puerto Rico,PR,Caguas
12285,Consumer,Puerto Rico,PR,Caguas
12148,Corporate,United States,AZ,Tempe
1371,Consumer,Puerto Rico,PR,Caguas
1575,Home Office,Puerto Rico,PR,Caguas
8568,Corporate,United States,CA,Escondido
5988,Consumer,Puerto Rico,PR,Caguas
572,Corporate,United States,CA,Spring Valley
3525,Consumer,United States,OH,Cleveland
6538,Corporate,United States,HI,Mililani
729,Consumer,Puerto Rico,PR,Caguas
9264,Consumer,Puerto Rico,PR,Caguas
7109,Corporate,United States,IL,Chicago
11840,Consumer,United States,CA,Hayward
1635,Consumer,Puerto Rico,PR,Caguas
10159,Consumer,United States,FL,Hollywood
11197,Consumer,Puerto Rico,PR,Caguas
9738,Consumer,United States,MI,East Lansing
597,Corporate,Puerto Rico,PR,Caguas
2257,Home Office,United States,WI,Milwaukee
849,Consumer,Puerto Rico,PR,Caguas
7084,Home Office,United States,CA,Porterville
2031,Home Office,United States,CA,Los Angeles
7488,Corporate,United States,TN,Knoxville
7176,Corporate,United States,PA,Williamsport
9464,Home Office,United States,IL,Pekin
9260,Corporate,Puerto Rico,PR,Caguas
7795,Corporate,United States,HI,Honolulu
193,Corporate,United States,MD,Gaithersburg
3735,Corporate,United States,CA,El Centro
10867,Corporate,United States,CA,Laguna Niguel
1074,Consumer,United States,CA,San Pedro
7289,Consumer,United States,CA,Los Angeles
2125,Home Office,United States,OR,Bend
2772,Corporate,United States,CA,San Bernardino
2427,Home Office,United States,NY,Brooklyn
12084,Home Office,United States,KY,Frankfort
11270,Consumer,United States,NY,Brooklyn
10285,Corporate,United States,CA,Ontario
5829,Consumer,United States,TX,Houston
6988,Corporate,United States,TX,Denton
9186,Home Office,United States,CA,Long Beach
3048,Consumer,United States,CA,Chula Vista
10473,Consumer,Puerto Rico,PR,Caguas
1446,Consumer,United States,TN,Memphis
3841,Consumer,Puerto Rico,PR,Caguas
6838,Home Office,United States,NY,New York
9407,Consumer,Puerto Rico,PR,Caguas
8655,Corporate,United States,CA,San Bernardino
7149,Corporate,United States,OH,Cleveland
2042,Consumer,Puerto Rico,PR,Caguas
6930,Home Office,United States,HI,Honolulu
9863,Corporate,Puerto Rico,PR,Caguas
3361,Corporate,United States,CA,San Diego
10101,Consumer,United States,CA,El Centro
521,Home Office,United States,OR,Portland
11323,Corporate,United States,CA,Hanford
4853,Consumer,Puerto Rico,PR,Caguas
5054,Corporate,United States,NY,Brooklyn
9636,Corporate,United States,CA,San Francisco
11256,Corporate,Puerto Rico,PR,Caguas
8955,Corporate,Puerto Rico,PR,Caguas
6684,Home Office,United States,WA,Spokane
4272,Home Office,United States,CA,Los Angeles
4452,Consumer,United States,NY,Freeport
894,Consumer,Puerto Rico,PR,Caguas
1413,Home Office,United States,IL,Chicago
2222,Corporate,Puerto Rico,PR,Caguas
6996,Consumer,Puerto Rico,PR,Caguas
3455,Home Office,United States,AZ,Tucson
6264,Consumer,United States,IL,Elmhurst
6588,Consumer,Puerto Rico,PR,Caguas
6400,Consumer,United States,FL,Miami
198,Home Office,United States,PA,Lancaster
9573,Corporate,United States,IL,Quincy
2242,Consumer,Puerto Rico,PR,Caguas
6743,Consumer,United States,TX,Dallas
11166,Home Office,Puerto Rico,PR,Caguas
4310,Corporate,United States,CA,Modesto
81,Home Office,United States,NY,Ithaca
10359,Consumer,United States,AL,Birmingham
473,Corporate,United States,IL,Elmhurst
1340,Home Office,United States,PA,West Chester
11564,Corporate,Puerto Rico,PR,Caguas
9903,Corporate,Puerto Rico,PR,Caguas
6305,Corporate,United States,MI,Mount Pleasant
2422,Consumer,Puerto Rico,PR,San Juan
5744,Corporate,United States,NY,Corona
9810,Corporate,United States,UT,Ogden
5372,Home Office,United States,GA,Augusta
10090,Home Office,United States,DE,Newark
989,Corporate,Puerto Rico,PR,Caguas
10696,Corporate,United States,HI,Waipahu
3047,Consumer,Puerto Rico,PR,Caguas
5348,Corporate,United States,CA,Los Angeles
11005,Home Office,Puerto Rico,PR,Caguas
7479,Corporate,Puerto Rico,PR,Caguas
4533,Consumer,United States,CA,Oceanside
1717,Home Office,United States,CA,Porterville
3597,Consumer,United States,FL,Miami
677,Corporate,United States,IL,Waukegan
14596,Home Office,Puerto Rico,PR,Caguas
10289,Home Office,Puerto Rico,PR,Caguas
14797,Home Office,Puerto Rico,PR,Caguas
7987,Home Office,Puerto Rico,PR,Yauco
5486,Home Office,Puerto Rico,PR,Caguas
14637,Home Office,Puerto Rico,PR,Caguas
6390,Home Office,Puerto Rico,PR,Caguas
20503,Home Office,Puerto Rico,PR,Caguas
18321,Home Office,Puerto Rico,PR,Caguas
18970,Home Office,Puerto Rico,PR,Caguas
826,Home Office,Puerto Rico,PR,Caguas
6770,Home Office,Puerto Rico,PR,Caguas
1247,Home Office,Puerto Rico,PR,Caguas
4616,Home Office,Puerto Rico,PR,Caguas
6941,Home Office,Puerto Rico,PR,Caguas
9309,Consumer,United States,NJ,Princeton
2319,Corporate,United States,MI,Jackson
9138,Consumer,Puerto Rico,PR,Caguas
1339,Consumer,Puerto Rico,PR,Caguas
2357,Consumer,Puerto Rico,PR,Caguas
7141,Corporate,United States,CA,Sacramento
9639,Home Office,United States,MO,Florissant
7284,Consumer,United States,CO,Greeley
11680,Home Office,United States,CA,Fremont
9973,Corporate,United States,MD,Hyattsville
1281,Home Office,United States,CA,Modesto
6572,Consumer,Puerto Rico,PR,Caguas
5809,Home Office,Puerto Rico,PR,Caguas
10323,Consumer,Puerto Rico,PR,Caguas
11318,Consumer,Puerto Rico,PR,Caguas
1291,Home Office,United States,OH,Massillon
3,Consumer,Puerto Rico,PR,Caguas
11685,Consumer,Puerto Rico,PR,Caguas
12146,Corporate,United States,TX,Houston
6003,Consumer,United States,NC,Hickory
6425,Home Office,United States,FL,Orlando
7818,Consumer,Puerto Rico,PR,Caguas
2678,Home Office,United States,CA,Simi Valley
7064,Corporate,United States,CA,Fairfield
3586,Corporate,United States,NJ,Jersey City
1441,Corporate,United States,TX,Houston
9450,Home Office,United States,IL,Carol Stream
7418,Home Office,United States,TX,El Paso
1151,Consumer,Puerto Rico,PR,Caguas
3768,Home Office,United States,FL,Miami
3142,Consumer,Puerto Rico,PR,Caguas
9211,Corporate,United States,WA,Spokane
6576,Consumer,Puerto Rico,PR,Caguas
15284,Consumer,Puerto Rico,PR,Caguas
17254,Consumer,Puerto Rico,PR,Caguas
17085,Consumer,Puerto Rico,PR,Caguas
105,Consumer,Puerto Rico,PR,Caguas
11093,Consumer,Puerto Rico,PR,Caguas
8093,Consumer,Puerto Rico,PR,Caguas
1110,Consumer,Puerto Rico,PR,Caguas
12984,Consumer,Puerto Rico,PR,Caguas
13285,Consumer,Puerto Rico,PR,Caguas
7943,Consumer,Puerto Rico,PR,Juana Diaz
18999,Consumer,Puerto Rico,PR,Vega Baja
10099,Consumer,Puerto Rico,PR,Caguas
4325,Consumer,Puerto Rico,PR,Caguas
2932,Consumer,Puerto Rico,PR,Caguas
11732,Consumer,Puerto Rico,PR,Caguas
15442,Consumer,Puerto Rico,PR,Caguas
15098,Consumer,Puerto Rico,PR,Caguas
15096,Consumer,Puerto Rico,PR,Caguas
5703,Consumer,Puerto Rico,PR,Caguas
16550,Consumer,Puerto Rico,PR,Caguas
10660,Consumer,Puerto Rico,PR,Caguas
16043,Consumer,Puerto Rico,PR,Caguas
7221,Consumer,Puerto Rico,PR,Caguas
1907,Consumer,Puerto Rico,PR,Caguas
14425,Consumer,Puerto Rico,PR,Caguas
13861,Consumer,Puerto Rico,PR,Caguas
2493,Consumer,Puerto Rico,PR,Caguas
1566,Consumer,Puerto Rico,PR,Caguas
13322,Consumer,Puerto Rico,PR,Caguas
13303,Consumer,Puerto Rico,PR,Caguas
10973,Consumer,Puerto Rico,PR,Mayaguez
9072,Consumer,Puerto Rico,PR,Caguas
13952,Consumer,Puerto Rico,PR,Caguas
13375,Consumer,Puerto Rico,PR,Caguas
16308,Consumer,Puerto Rico,PR,Caguas
20015,Consumer,Puerto Rico,PR,Caguas
20745,Consumer,Puerto Rico,PR,Caguas
11213,Consumer,Puerto Rico,PR,Caguas
7614,Consumer,Puerto Rico,PR,Caguas
4845,Consumer,Puerto Rico,PR,Caguas
20268,Consumer,Puerto Rico,PR,Caguas
17690,Consumer,Puerto Rico,PR,Caguas
12130,Home Office,United States,SC,Rock Hill
6630,Home Office,United States,NJ,Plainfield
9422,Home Office,United States,MD,Gaithersburg
8373,Home Office,United States,CA,Lompoc
710,Home Office,United States,WA,Seattle
7264,Home Office,United States,CA,Fresno
3864,Home Office,United States,TX,Laredo
6091,Home Office,United States,OH,Massillon
8646,Home Office,United States,NJ,Piscataway
5343,Home Office,United States,IL,Oak Lawn
8223,Home Office,United States,MI,Warren
7872,Home Office,United States,CA,San Jose
9147,Home Office,United States,PA,Philadelphia
1683,Home Office,United States,TX,Dallas
15963,Home Office,United States,CA,Hesperia
8896,Home Office,United States,IL,Joliet
20437,Home Office,United States,VA,Chesapeake
17474,Home Office,United States,IL,Moline
20502,Home Office,United States,NV,Las Vegas
1887,Home Office,United States,IL,Mount Prospect
17217,Home Office,United States,CA,Westminster
18969,Home Office,United States,NV,North Las Vegas
5426,Home Office,United States,CA,Antioch
17873,Home Office,United States,TX,Sugar Land
17216,Home Office,United States,CA,Los Angeles
8823,Home Office,United States,CA,Van Nuys
2954,Home Office,United States,WV,Martinsburg
675,Home Office,United States,NC,Greensboro
2226,Home Office,United States,AZ,Phoenix
1286,Home Office,United States,NV,Las Vegas
13272,Home Office,United States,MI,Dearborn
20587,Home Office,United States,CT,Milford
5140,Home Office,United States,NJ,Morristown
11055,Home Office,United States,WA,Everett
701,Home Office,United States,CA,Hollister
17929,Home Office,United States,HI,Honolulu
16131,Home Office,United States,OR,Portland
14174,Home Office,United States,MI,Detroit
13923,Home Office,United States,VA,Virginia Beach
20521,Home Office,United States,CA,Bakersfield
18035,Home Office,United States,CA,San Diego
17065,Home Office,United States,NY,Lockport
18612,Home Office,United States,NY,New York
15231,Home Office,United States,CA,Salinas
16096,Home Office,United States,TX,Del Rio
13372,Home Office,United States,CA,Winnetka
17555,Home Office,United States,IL,Chicago
15769,Home Office,United States,MI,East Lansing
10737,Home Office,United States,OK,Broken Arrow
14567,Home Office,United States,VA,Annandale
17596,Home Office,United States,CA,Merced
19202,Home Office,United States,CO,Aurora
18681,Home Office,United States,TX,San Antonio
16139,Home Office,United States,CA,Baldwin Park
17142,Home Office,United States,VA,Virginia Beach
18151,Home Office,United States,CA,Los Angeles
15383,Home Office,United States,CA,Hayward
16037,Consumer,Puerto Rico,PR,Caguas
13340,Consumer,Puerto Rico,PR,Caguas
13027,Consumer,Puerto Rico,PR,Caguas
12497,Consumer,Puerto Rico,PR,Caguas
12850,Consumer,Puerto Rico,PR,Caguas
4802,Consumer,Puerto Rico,PR,Caguas
18024,Consumer,Puerto Rico,PR,Caguas
20042,Consumer,Puerto Rico,PR,Caguas
18617,Consumer,Puerto Rico,PR,Caguas
2864,Consumer,Puerto Rico,PR,Caguas
837,Consumer,Puerto Rico,PR,Caguas
628,Consumer,Puerto Rico,PR,Caguas
12693,Consumer,Puerto Rico,PR,Humacao
6647,Consumer,Puerto Rico,PR,Caguas
17178,Consumer,Puerto Rico,PR,Caguas
18808,Consumer,Puerto Rico,PR,Caguas
14537,Consumer,Puerto Rico,PR,Caguas
14615,Consumer,Puerto Rico,PR,Caguas
12786,Consumer,Puerto Rico,PR,Caguas
17657,Consumer,Puerto Rico,PR,Caguas
17315,Consumer,Puerto Rico,PR,Caguas
19913,Consumer,Puerto Rico,PR,Caguas
20008,Consumer,Puerto Rico,PR,Caguas
6651,Consumer,Puerto Rico,PR,Caguas
7598,Corporate,United States,TX,San Benito
7450,Corporate,United States,TX,Pharr
304,Home Office,United States,CT,New Haven
11268,Corporate,United States,CO,Colorado Springs
11293,Consumer,United States,PA,Chambersburg
37,Consumer,United States,VA,Norfolk
4890,Consumer,United States,IL,Chicago
4178,Corporate,United States,FL,Miami
74,Corporate,United States,NC,Jacksonville
10866,Consumer,Puerto Rico,PR,Caguas
10409,Corporate,Puerto Rico,PR,Caguas
2536,Consumer,United States,CA,Los Angeles
790,Corporate,United States,HI,Honolulu
5942,Corporate,United States,PA,Philadelphia
8934,Consumer,United States,PA,Lancaster
13071,Home Office,Puerto Rico,PR,Caguas
11216,Home Office,Puerto Rico,PR,Caguas
18586,Home Office,Puerto Rico,PR,Caguas
16322,Home Office,Puerto Rico,PR,Caguas
3896,Corporate,United States,FL,Orlando
7453,Corporate,Puerto Rico,PR,Caguas
19462,Consumer,United States,IL,Wheaton
19455,Consumer,Puerto Rico,PR,Caguas
9854,Home Office,Puerto Rico,PR,Caguas
14553,Consumer,Puerto Rico,PR,Caguas
2329,Corporate,United States,FL,Valrico
10860,Corporate,United States,CA,Ventura
19441,Corporate,United States,MA,Brighton
19418,Consumer,United States,MI,Holland
19417,Home Office,Puerto Rico,PR,Rio Grande
19399,Home Office,United States,CA,Cupertino
19379,Home Office,United States,UT,Salt Lake City
19364,Consumer,United States,NC,Lenoir
19350,Consumer,Puerto Rico,PR,Caguas
6875,Corporate,United States,NJ,Newark
2817,Corporate,United States,IL,Harvey
19342,Corporate,United States,CA,Los Angeles
19311,Consumer,United States,TX,Garland
19302,Consumer,United States,CA,Los Angeles
16761,Consumer,Puerto Rico,PR,Caguas
16758,Consumer,Puerto Rico,PR,Caguas
16700,Consumer,United States,IL,Chicago
16688,Consumer,United States,OH,Middletown
16677,Consumer,United States,CA,Daly City
16672,Consumer,Puerto Rico,PR,Caguas
16660,Home Office,United States,NY,Brooklyn
13236,Home Office,Puerto Rico,PR,Caguas
14717,Home Office,Puerto Rico,PR,Caguas
13702,Consumer,Puerto Rico,PR,Caguas
9210,Corporate,Puerto Rico,PR,Caguas
7437,Corporate,United States,CA,Corona
15675,Corporate,United States,KS,Olathe
16643,Corporate,Puerto Rico,PR,Caguas
10499,Corporate,United States,NJ,Princeton
20491,Home Office,Puerto Rico,PR,Caguas
17422,Consumer,Puerto Rico,PR,Caguas
20719,Consumer,Puerto Rico,PR,Caguas
12659,Corporate,Puerto Rico,PR,Caguas
15778,Corporate,Puerto Rico,PR,Rio Grande
14303,Corporate,Puerto Rico,PR,Caguas
5648,Corporate,United States,TN,Memphis
17575,Corporate,United States,TX,Richardson
16258,Corporate,United States,UT,West Jordan
20167,Corporate,United States,TX,El Paso
7663,Corporate,United States,CA,Anaheim
17172,Corporate,United States,MI,East Lansing
5523,Corporate,United States,NY,Brooklyn
2023,Corporate,United States,NY,Brooklyn
4645,Corporate,United States,CA,Los Angeles
1523,Corporate,United States,CA,Van Nuys
4314,Corporate,United States,CT,Enfield
2102,Corporate,United States,CA,Tustin
52,Corporate,United States,IL,Chicago
13374,Consumer,United States,WI,Madison
8273,Consumer,United States,LA,New Orleans
16285,Home Office,Puerto Rico,PR,Caguas
6533,Home Office,Puerto Rico,PR,Caguas
10202,Home Office,Puerto Rico,PR,Caguas
15347,Consumer,Puerto Rico,PR,Caguas
5799,Corporate,Puerto Rico,PR,Caguas
20297,Corporate,Puerto Rico,PR,Caguas
16325,Corporate,Puerto Rico,PR,Caguas
14609,Corporate,Puerto Rico,PR,Caguas
9635,Corporate,Puerto Rico,PR,Caguas
5414,Corporate,Puerto Rico,PR,Caguas
7249,Corporate,United States,NC,Apex
9838,Corporate,United States,CA,La Mirada
5133,Corporate,United States,NC,Jacksonville
5259,Corporate,United States,TX,Houston
2478,Corporate,United States,NV,Las Vegas
6027,Corporate,United States,CA,Hollister
932,Corporate,United States,OH,Middletown
7605,Corporate,United States,TX,San Marcos
5046,Consumer,United States,NY,Astoria
13248,Consumer,United States,NY,Bronx
13276,Consumer,United States,CA,Sylmar
6343,Corporate,United States,VA,Virginia Beach
6046,Corporate,United States,TX,Denton
2889,Corporate,United States,FL,Hialeah
7187,Corporate,United States,NC,Apex
13016,Home Office,Puerto Rico,PR,Caguas
20634,Home Office,Puerto Rico,PR,Caguas
17554,Home Office,Puerto Rico,PR,Caguas
15799,Home Office,Puerto Rico,PR,Caguas
15063,Home Office,Puerto Rico,PR,Caguas
17201,Home Office,Puerto Rico,PR,Caguas
14107,Consumer,Puerto Rico,PR,Caguas
13516,Consumer,Puerto Rico,PR,Caguas
14370,Consumer,Puerto Rico,PR,Caguas
13422,Consumer,Puerto Rico,PR,Caguas
13732,Consumer,Puerto Rico,PR,Caguas
14820,Consumer,Puerto Rico,PR,Caguas
12754,Consumer,Puerto Rico,PR,Caguas
12752,Consumer,Puerto Rico,PR,Caguas
12706,Consumer,Puerto Rico,PR,Caguas
12939,Consumer,Puerto Rico,PR,Caguas
7659,Corporate,United States,OH,Fairfield
324,Corporate,United States,CA,Pico Rivera
2624,Corporate,United States,IL,Harvey
8410,Corporate,United States,FL,Miami
4554,Consumer,United States,MI,Saginaw
8428,Consumer,United States,TX,Fort Worth
10584,Consumer,United States,CA,Los Angeles
17527,Consumer,United States,TX,Mesquite
14286,Consumer,United States,MI,Detroit
13157,Consumer,United States,SC,Lancaster
17923,Consumer,United States,CA,Los Angeles
17927,Consumer,United States,IL,Waukegan
16118,Consumer,United States,PA,Philadelphia
6321,Consumer,United States,NJ,West New York
13418,Consumer,United States,IN,New Albany
14282,Consumer,United States,MA,Pittsfield
4573,Corporate,United States,UT,Salt Lake City
20480,Corporate,United States,NY,Brooklyn
298,Corporate,United States,IL,Chicago
15597,Corporate,United States,AZ,Phoenix
19948,Corporate,United States,TX,Richmond
7486,Corporate,United States,CA,Azusa
12590,Consumer,United States,FL,Brandon
4050,Consumer,United States,NY,Brooklyn
9784,Consumer,United States,GA,Lawrenceville
16539,Consumer,United States,MA,Dorchester Center
15405,Consumer,United States,IL,Cicero
8049,Consumer,United States,CA,Long Beach
11867,Consumer,United States,CA,Chino
17054,Consumer,United States,CA,Poway
815,Consumer,Puerto Rico,PR,Caguas
19224,Consumer,Puerto Rico,PR,Caguas
17991,Consumer,Puerto Rico,PR,Caguas
20638,Consumer,Puerto Rico,PR,Caguas
17463,Consumer,Puerto Rico,PR,Caguas
15922,Consumer,Puerto Rico,PR,Caguas
20380,Consumer,Puerto Rico,PR,Caguas
20233,Consumer,Puerto Rico,PR,Caguas
18619,Consumer,Puerto Rico,PR,Caguas
19782,Consumer,Puerto Rico,PR,Caguas
20245,Consumer,Puerto Rico,PR,Caguas
17247,Consumer,Puerto Rico,PR,Caguas
13764,Corporate,United States,NJ,Wayne
319,Corporate,United States,IL,Chicago
19145,Corporate,United States,IL,Chicago
8405,Corporate,United States,MD,Fort Washington
15138,Corporate,United States,HI,Honolulu
17204,Corporate,United States,NY,Brooklyn
15191,Corporate,United States,CO,Longmont
15148,Corporate,United States,CA,Fremont
5432,Corporate,United States,MD,Baltimore
8489,Corporate,United States,CA,Gilroy
4027,Corporate,United States,CA,San Francisco
1122,Corporate,United States,CA,Pico Rivera
14077,Corporate,United States,CO,Aurora
11280,Corporate,United States,CA,North Hollywood
16438,Corporate,United States,GA,Columbus
9828,Corporate,United States,TX,North Richland Hills
20355,Corporate,United States,FL,Miami
20462,Corporate,United States,OH,Hilliard
9735,Corporate,Puerto Rico,PR,Caguas
16330,Corporate,Puerto Rico,PR,Caguas
1259,Corporate,United States,WA,Everett
1202,Corporate,United States,IL,Plainfield
13937,Corporate,United States,IL,Elmhurst
19065,Corporate,United States,TX,Dallas
12670,Corporate,United States,FL,Miami
16390,Corporate,United States,CA,Chula Vista
19280,Corporate,United States,TX,Dallas
19152,Corporate,United States,IL,Chicago
8349,Corporate,United States,CA,Westminster
7033,Corporate,United States,VA,Henrico
16054,Home Office,Puerto Rico,PR,Caguas
10267,Corporate,Puerto Rico,PR,Caguas
3495,Consumer,United States,FL,Winter Park
7255,Consumer,United States,MO,Saint Louis
3693,Consumer,United States,CA,Compton
14823,Consumer,United States,CA,Cypress
5031,Consumer,United States,TX,San Antonio
5608,Consumer,United States,NY,New York
15709,Consumer,United States,CA,Sunnyvale
16073,Consumer,United States,NY,Bronx
18725,Consumer,United States,OR,Portland
6326,Consumer,United States,OH,Cleveland
18557,Consumer,United States,CA,Hesperia
18964,Consumer,United States,IL,Algonquin
20288,Consumer,United States,WA,Longview
20370,Consumer,United States,CA,San Diego
897,Consumer,United States,IL,Aurora
14577,Consumer,United States,95758,CA
12792,Consumer,United States,MD,Catonsville
13739,Consumer,United States,TX,Dallas
13737,Consumer,United States,CA,Cerritos
14755,Consumer,United States,MI,Jackson
12642,Consumer,United States,FL,Pompano Beach
13997,Consumer,United States,TX,Lewisville
14593,Consumer,United States,CA,Tustin
14288,Consumer,United States,NY,Rome
14642,Consumer,United States,CA,Lancaster
20277,Consumer,United States,CA,San Bernardino
8937,Consumer,United States,CO,Aurora
5253,Consumer,United States,AZ,Chandler
14157,Consumer,United States,CA,Ventura
13312,Consumer,United States,CO,Aurora
1052,Consumer,United States,NJ,Lakewood
14759,Consumer,United States,NY,Webster
13628,Consumer,United States,PA,Washington
19241,Corporate,Puerto Rico,PR,Caguas
17030,Corporate,Puerto Rico,PR,Caguas
10900,Corporate,Puerto Rico,PR,Caguas
14440,Corporate,Puerto Rico,PR,Guaynabo
11581,Corporate,Puerto Rico,PR,Juana Diaz
11322,Corporate,Puerto Rico,PR,Caguas
18431,Corporate,Puerto Rico,PR,Caguas
4024,Corporate,Puerto Rico,PR,Caguas
14619,Corporate,Puerto Rico,PR,Caguas
14783,Corporate,Puerto Rico,PR,Caguas
12873,Corporate,Puerto Rico,PR,Caguas
13231,Corporate,Puerto Rico,PR,Caguas
15844,Corporate,Puerto Rico,PR,Caguas
18753,Corporate,Puerto Rico,PR,Humacao
18823,Corporate,Puerto Rico,PR,Caguas
20401,Corporate,Puerto Rico,PR,Caguas
17988,Corporate,Puerto Rico,PR,Caguas
18326,Corporate,Puerto Rico,PR,Caguas
15481,Corporate,Puerto Rico,PR,Caguas
18687,Corporate,Puerto Rico,PR,Caguas
19952,Corporate,Puerto Rico,PR,Caguas
20372,Corporate,Puerto Rico,PR,Caguas
18660,Corporate,Puerto Rico,PR,Caguas
20250,Corporate,Puerto Rico,PR,Caguas
19219,Consumer,United States,CA,Los Angeles
15828,Consumer,United States,CA,Los Angeles
17737,Consumer,United States,IL,Chicago
18312,Consumer,United States,TX,Dallas
20379,Consumer,United States,NY,New York
18882,Consumer,United States,FL,Orlando
15335,Consumer,United States,HI,Honolulu
17075,Consumer,United States,MA,Methuen
17828,Consumer,United States,AZ,Phoenix
15150,Consumer,United States,CA,Gilroy
18313,Consumer,United States,WV,Martinsburg
3967,Consumer,United States,MN,Saint Paul
10532,Consumer,United States,OH,Columbus
62,Consumer,United States,NY,Brooklyn
17053,Consumer,United States,NY,Brooklyn
13699,Corporate,United States,CA,Ontario
13558,Corporate,United States,CA,Pico Rivera
12554,Corporate,United States,UT,Ogden
12569,Corporate,United States,NY,Brooklyn
11351,Corporate,United States,AZ,Tempe
19053,Corporate,United States,TX,Round Rock
15862,Corporate,United States,FL,Fort Lauderdale
15716,Corporate,United States,RI,Pawtucket
20472,Corporate,United States,TX,New Braunfels
16010,Corporate,United States,UT,Salt Lake City
15395,Corporate,United States,IL,Chicago
15609,Corporate,United States,CA,Daly City
15562,Corporate,United States,CA,Fountain Valley
18723,Corporate,United States,CA,Compton
17853,Corporate,United States,IL,Chicago
20021,Corporate,United States,CA,South San Francisco
4577,Corporate,United States,VA,Arlington
11022,Corporate,United States,NY,Bronx
18110,Corporate,United States,OH,Lancaster
19240,Corporate,United States,AZ,Phoenix
17298,Corporate,United States,GA,Marietta
15268,Corporate,United States,HI,Honolulu
17478,Corporate,United States,NY,Corona
13817,Corporate,United States,CA,Campbell
12438,Corporate,United States,CO,Littleton
12608,Corporate,United States,CA,Chino
17238,Corporate,United States,NM,Albuquerque
20474,Corporate,United States,OH,Lancaster
14540,Corporate,United States,OH,Reynoldsburg
14217,Corporate,United States,CA,Napa
14144,Corporate,United States,TX,Arlington
14250,Corporate,United States,DE,Newark
14479,Corporate,United States,OH,Medina
14279,Corporate,United States,OK,Lawton
19765,Corporate,United States,CT,Enfield
19758,Home Office,United States,FL,Pompano Beach
19734,Home Office,Puerto Rico,PR,Caguas
19718,Consumer,United States,MO,Florissant
19696,Corporate,United States,NY,Bronx
19668,Corporate,Puerto Rico,PR,Caguas
19641,Consumer,United States,CA,Escondido
19635,Consumer,Puerto Rico,PR,Caguas
19613,Home Office,Puerto Rico,PR,Caguas
19607,Home Office,United States,AZ,Phoenix
19605,Home Office,United States,GA,Roswell
19598,Consumer,United States,NY,Freeport
19596,Consumer,United States,CA,Napa
19593,Consumer,United States,NY,Brooklyn
19563,Consumer,Puerto Rico,PR,Caguas
19549,Corporate,Puerto Rico,PR,Caguas
19510,Corporate,Puerto Rico,PR,Vega Baja
19505,Corporate,United States,AZ,Glendale
19502,Consumer,Puerto Rico,PR,Caguas
19497,Home Office,Puerto Rico,PR,Caguas
17017,Corporate,Puerto Rico,PR,Caguas
16997,Consumer,Puerto Rico,PR,Caguas
16988,Consumer,United States,FL,Jacksonville
16986,Consumer,United States,NY,Rome
16980,Corporate,Puerto Rico,PR,Caguas
16964,Home Office,Puerto Rico,PR,Caguas
16946,Corporate,United States,OH,Strongsville
16944,Corporate,United States,TX,Austin
16941,Consumer,United States,CA,San Diego
16940,Consumer,Puerto Rico,PR,Caguas
16890,Corporate,United States,CA,San Ramon
16869,Consumer,Puerto Rico,PR,Caguas
16833,Corporate,United States,CA,Long Beach
16827,Consumer,United States,CA,Stockton
16817,Corporate,United States,IL,Chicago
16812,Consumer,Puerto Rico,PR,Caguas
16801,Consumer,United States,CA,Mission Viejo
16785,Consumer,United States,UT,Salt Lake City
16780,Consumer,Puerto Rico,PR,Caguas
3494,Corporate,United States,CA,Montebello
220,Consumer,United States,CA,Salinas
29,Consumer,United States,TX,Fort Worth
18373,Consumer,Puerto Rico,PR,Caguas
18282,Consumer,Puerto Rico,PR,Caguas
14326,Consumer,Puerto Rico,PR,Caguas
12527,Corporate,United States,TX,Spring
15073,Corporate,United States,VA,Hampton
16535,Corporate,United States,NY,Flushing
13843,Home Office,United States,NY,Bronx
19774,Home Office,United States,IL,Carol Stream
14899,Home Office,United States,WI,Sheboygan
18258,Home Office,United States,NY,Corona
18649,Home Office,United States,CT,West Haven
15278,Home Office,United States,CA,Chino Hills
5915,Consumer,United States,GA,Lawrenceville
13133,Consumer,United States,DC,Washington
14839,Consumer,United States,PA,Philadelphia
13757,Consumer,United States,CA,Santa Clara
8980,Consumer,United States,LA,Opelousas
16543,Consumer,United States,UT,Clearfield
5144,Consumer,United States,FL,Miami
18930,Consumer,United States,IL,Moline
17208,Consumer,United States,OH,Grove City
20095,Consumer,United States,NC,Greenville
19985,Consumer,United States,NV,Las Vegas
18545,Consumer,United States,FL,Fort Lauderdale
3584,Corporate,Puerto Rico,PR,Caguas
15269,Corporate,Puerto Rico,PR,Caguas
13160,Corporate,Puerto Rico,PR,Caguas
15088,Corporate,Puerto Rico,PR,Caguas
18095,Corporate,Puerto Rico,PR,Caguas
15292,Corporate,Puerto Rico,PR,Caguas
20148,Corporate,United States,FL,Pompano Beach
20689,Corporate,United States,MI,Holland
14434,Corporate,United States,CO,Greeley
15270,Corporate,United States,GA,Duluth
14991,Corporate,United States,CA,Costa Mesa
1248,Corporate,United States,CA,Reseda
13979,Corporate,United States,NC,Fayetteville
12654,Corporate,United States,CA,La Puente
14426,Corporate,United States,AZ,Tempe
17580,Corporate,United States,IL,Elgin
18245,Corporate,United States,TX,El Paso
18765,Corporate,United States,CA,El Centro
19919,Corporate,United States,CA,San Francisco
11891,Corporate,United States,UT,Provo
14220,Consumer,United States,DC,Washington
13399,Consumer,United States,NJ,Toms River
14106,Consumer,United States,LA,Opelousas
14613,Consumer,United States,CA,Norwalk
13584,Consumer,United States,GA,Augusta
13754,Consumer,United States,NJ,Perth Amboy
13379,Consumer,United States,AZ,Tucson
14757,Consumer,United States,TX,Houston
13860,Corporate,United States,AZ,Mesa
6226,Corporate,United States,TX,Weslaco
12632,Corporate,United States,MI,Dearborn
15521,Corporate,United States,OH,Cleveland
20117,Corporate,United States,CA,San Francisco
16480,Corporate,United States,TX,Plano
15567,Corporate,United States,CA,Carlsbad
16316,Corporate,United States,CA,Bakersfield
18112,Corporate,United States,MO,Saint Charles
16060,Corporate,United States,FL,Lutz
12495,Consumer,United States,CA,Sunnyvale
15007,Consumer,United States,MI,Mount Pleasant
4247,Consumer,United States,CA,Chino Hills
15496,Consumer,United States,CA,Oxnard
18233,Consumer,United States,NY,Rego Park
15983,Consumer,United States,CA,South San Francisco
17370,Consumer,United States,CO,Greeley
15449,Consumer,United States,MI,Canton
15299,Consumer,United States,IN,Crown Point
12343,Consumer,United States,FL,Miami
15247,Consumer,United States,IL,Tinley Park
17112,Consumer,United States,GA,Norcross
20289,Consumer,United States,CA,Pomona
17844,Consumer,United States,IL,Chicago
20195,Consumer,United States,LA,New Orleans
13811,Corporate,Puerto Rico,PR,Caguas
13791,Corporate,Puerto Rico,PR,Caguas
18603,Corporate,Puerto Rico,PR,Caguas
13938,Corporate,Puerto Rico,PR,Caguas
12890,Corporate,Puerto Rico,PR,Caguas
16437,Corporate,Puerto Rico,PR,Caguas
18299,Corporate,Puerto Rico,PR,Caguas
19244,Corporate,Puerto Rico,PR,Caguas
16001,Corporate,Puerto Rico,PR,Caguas
15974,Corporate,Puerto Rico,PR,Caguas
15472,Corporate,Puerto Rico,PR,Caguas
17954,Corporate,Puerto Rico,PR,Caguas
18144,Consumer,United States,MT,Billings
18818,Consumer,United States,TN,Memphis
18815,Consumer,United States,NV,Las Vegas
17715,Consumer,United States,WI,La Crosse
20436,Consumer,United States,MO,Florissant
20433,Consumer,United States,TN,Memphis
15936,Consumer,United States,CA,Escondido
15314,Consumer,United States,NJ,Union
17835,Consumer,United States,TX,Houston
18573,Consumer,United States,CA,Reseda
15281,Consumer,United States,CO,Aurora
16271,Consumer,United States,CA,Fremont
17776,Consumer,United States,MI,Dearborn
20198,Consumer,United States,MI,Ann Arbor
19781,Consumer,United States,FL,Jacksonville
20213,Consumer,United States,MI,Detroit
19852,Consumer,United States,TX,Plano
18259,Consumer,United States,CA,Van Nuys
17621,Consumer,United States,TX,Dallas
18549,Consumer,United States,TX,San Antonio
20105,Consumer,United States,CA,Fremont
13213,Home Office,United States,CA,Los Angeles
3792,Home Office,United States,CA,Garden Grove
15504,Home Office,United States,PA,Lansdale
18862,Home Office,United States,IL,Aurora
12500,Home Office,United States,IL,Chicago
15057,Home Office,United States,PA,Philadelphia
14306,Home Office,United States,TX,Amarillo
17419,Home Office,United States,TN,Memphis
18928,Home Office,United States,WV,Martinsburg
14670,Home Office,United States,IL,Chicago
19891,Consumer,United States,CA,Long Beach
20359,Consumer,United States,CA,Elk Grove
18416,Consumer,United States,TX,Laredo
14614,Consumer,United States,OH,Grove City
14765,Consumer,United States,FL,Valrico
12583,Consumer,United States,PA,Hanover
19969,Consumer,United States,NY,New York
14094,Consumer,United States,CA,Los Angeles
14509,Consumer,United States,CA,Sunnyvale
12471,Consumer,United States,CA,Oceanside
12963,Consumer,United States,MA,Taunton
9595,Consumer,United States,NC,Sanford
14700,Consumer,United States,CA,Laguna Niguel
14964,Consumer,United States,MI,Mount Pleasant
18785,Consumer,United States,CA,Los Angeles
15951,Consumer,United States,FL,Fort Lauderdale
19963,Consumer,United States,DC,Washington
18547,Consumer,United States,NJ,Piscataway
13605,Consumer,United States,CA,Oxnard
14835,Consumer,United States,MD,Hyattsville
14020,Consumer,United States,FL,Miami
15124,Consumer,United States,TX,Irving
14976,Consumer,United States,IN,Indianapolis
3278,Consumer,United States,NY,Brooklyn
13440,Corporate,Puerto Rico,PR,Caguas
18265,Corporate,Puerto Rico,PR,Caguas
14093,Corporate,Puerto Rico,PR,Caguas
12764,Corporate,Puerto Rico,PR,Caguas
18766,Corporate,Puerto Rico,PR,Caguas
18068,Corporate,Puerto Rico,PR,Caguas
16389,Corporate,Puerto Rico,PR,Caguas
16602,Corporate,Puerto Rico,PR,Caguas
11802,Corporate,Puerto Rico,PR,Caguas
6092,Corporate,Puerto Rico,PR,Caguas
10861,Corporate,Puerto Rico,PR,Caguas
5058,Corporate,Puerto Rico,PR,Caguas
10550,Corporate,Puerto Rico,PR,Caguas
8849,Corporate,Puerto Rico,PR,Caguas
9836,Corporate,Puerto Rico,PR,Caguas
10227,Corporate,Puerto Rico,PR,Caguas
1257,Corporate,Puerto Rico,PR,Caguas
3303,Corporate,Puerto Rico,PR,Caguas
6494,Corporate,Puerto Rico,PR,Arecibo
140,Corporate,Puerto Rico,PR,Caguas
1393,Corporate,Puerto Rico,PR,Caguas
2896,Corporate,Puerto Rico,PR,Caguas
2390,Corporate,Puerto Rico,PR,Caguas
10080,Corporate,Puerto Rico,PR,Caguas
6656,Corporate,Puerto Rico,PR,Caguas
7527,Corporate,Puerto Rico,PR,Caguas
297,Corporate,Puerto Rico,PR,Caguas
11956,Corporate,Puerto Rico,PR,Caguas
531,Corporate,Puerto Rico,PR,Caguas
6833,Corporate,Puerto Rico,PR,Caguas
3634,Corporate,Puerto Rico,PR,Caguas
12532,Corporate,Puerto Rico,PR,Caguas
4380,Corporate,Puerto Rico,PR,Caguas
7883,Corporate,Puerto Rico,PR,Caguas
13782,Corporate,Puerto Rico,PR,Caguas
10134,Corporate,Puerto Rico,PR,Caguas
13724,Corporate,Puerto Rico,PR,Caguas
1351,Corporate,Puerto Rico,PR,Caguas
13540,Corporate,Puerto Rico,PR,Caguas
87,Corporate,Puerto Rico,PR,Caguas
4313,Corporate,Puerto Rico,PR,Caguas
3771,Corporate,Puerto Rico,PR,Caguas
10089,Corporate,Puerto Rico,PR,Caguas
8127,Corporate,Puerto Rico,PR,Caguas
11780,Corporate,Puerto Rico,PR,Caguas
2884,Corporate,Puerto Rico,PR,Caguas
5602,Corporate,Puerto Rico,PR,Caguas
698,Corporate,Puerto Rico,PR,Caguas
2185,Corporate,Puerto Rico,PR,Caguas
9909,Corporate,Puerto Rico,PR,Caguas
15848,Corporate,Puerto Rico,PR,Caguas
3513,Corporate,Puerto Rico,PR,Caguas
17227,Corporate,Puerto Rico,PR,Caguas
18631,Corporate,Puerto Rico,PR,Caguas
16481,Corporate,Puerto Rico,PR,Caguas
15859,Corporate,Puerto Rico,PR,Caguas
6560,Corporate,Puerto Rico,PR,Caguas
10724,Corporate,Puerto Rico,PR,Caguas
19842,Corporate,Puerto Rico,PR,Caguas
16225,Corporate,Puerto Rico,PR,Caguas
10074,Corporate,Puerto Rico,PR,Caguas
3006,Corporate,Puerto Rico,PR,Caguas
4299,Corporate,Puerto Rico,PR,Caguas
10430,Corporate,Puerto Rico,PR,Caguas
3877,Corporate,Puerto Rico,PR,Caguas
5817,Corporate,Puerto Rico,PR,Caguas
8263,Corporate,Puerto Rico,PR,Caguas
4812,Corporate,Puerto Rico,PR,Caguas
8619,Corporate,Puerto Rico,PR,Caguas
16,Corporate,Puerto Rico,PR,Caguas
9285,Consumer,Puerto Rico,PR,Caguas
11111,Consumer,Puerto Rico,PR,San Sebastian
9760,Consumer,Puerto Rico,PR,Caguas
19991,Consumer,Puerto Rico,PR,Caguas
10306,Consumer,Puerto Rico,PR,Caguas
4788,Consumer,Puerto Rico,PR,Caguas
10417,Consumer,Puerto Rico,PR,Caguas
8481,Consumer,Puerto Rico,PR,Caguas
10102,Consumer,Puerto Rico,PR,Caguas
7799,Consumer,Puerto Rico,PR,Caguas
5504,Consumer,Puerto Rico,PR,Caguas
9313,Consumer,Puerto Rico,PR,Caguas
14037,Consumer,Puerto Rico,PR,Caguas
13603,Consumer,Puerto Rico,PR,Caguas
182,Consumer,Puerto Rico,PR,Caguas
4975,Consumer,Puerto Rico,PR,Caguas
7972,Consumer,Puerto Rico,PR,Caguas
6625,Consumer,Puerto Rico,PR,Caguas
8789,Consumer,Puerto Rico,PR,Caguas
9790,Consumer,Puerto Rico,PR,Toa Alta
4105,Consumer,Puerto Rico,PR,Caguas
8174,Consumer,Puerto Rico,PR,Caguas
9395,Consumer,Puerto Rico,PR,Caguas
6396,Consumer,Puerto Rico,PR,Caguas
10538,Consumer,Puerto Rico,PR,Caguas
3976,Consumer,Puerto Rico,PR,Carolina
12413,Consumer,Puerto Rico,PR,Caguas
11672,Consumer,Puerto Rico,PR,Caguas
7867,Consumer,Puerto Rico,PR,Cayey
16327,Consumer,Puerto Rico,PR,Caguas
16544,Consumer,Puerto Rico,PR,Caguas
4474,Consumer,Puerto Rico,PR,Caguas
10603,Consumer,Puerto Rico,PR,Caguas
8517,Consumer,Puerto Rico,PR,Humacao
16343,Consumer,Puerto Rico,PR,Caguas
2533,Consumer,Puerto Rico,PR,Caguas
9125,Consumer,Puerto Rico,PR,Caguas
1760,Consumer,Puerto Rico,PR,Caguas
6255,Consumer,Puerto Rico,PR,Caguas
5906,Consumer,Puerto Rico,PR,Canovanas
11997,Consumer,Puerto Rico,PR,Caguas
11942,Consumer,Puerto Rico,PR,Caguas
10386,Consumer,Puerto Rico,PR,Caguas
5404,Consumer,Puerto Rico,PR,Caguas
630,Consumer,Puerto Rico,PR,Caguas
7560,Consumer,Puerto Rico,PR,Caguas
4253,Consumer,Puerto Rico,PR,Caguas
12622,Consumer,Puerto Rico,PR,Caguas
14307,Consumer,Puerto Rico,PR,Caguas
13385,Consumer,Puerto Rico,PR,Caguas
14078,Consumer,Puerto Rico,PR,Caguas
6040,Consumer,Puerto Rico,PR,Trujillo Alto
11763,Consumer,Puerto Rico,PR,Caguas
6250,Consumer,Puerto Rico,PR,Caguas
13654,Consumer,Puerto Rico,PR,Caguas
7334,Consumer,Puerto Rico,PR,Caguas
7047,Consumer,Puerto Rico,PR,Caguas
754,Consumer,Puerto Rico,PR,Caguas
9316,Consumer,Puerto Rico,PR,Caguas
12156,Consumer,Puerto Rico,PR,Caguas
12818,Consumer,Puerto Rico,PR,Caguas
1928,Consumer,Puerto Rico,PR,Caguas
3581,Consumer,Puerto Rico,PR,Caguas
9764,Consumer,Puerto Rico,PR,San Sebastian
12282,Consumer,Puerto Rico,PR,Caguas
10109,Consumer,Puerto Rico,PR,Caguas
12942,Consumer,Puerto Rico,PR,Caguas
6442,Consumer,Puerto Rico,PR,Caguas
2002,Consumer,Puerto Rico,PR,Caguas
3249,Consumer,Puerto Rico,PR,Caguas
3867,Consumer,Puerto Rico,PR,Caguas
11438,Consumer,Puerto Rico,PR,Caguas
1791,Consumer,Puerto Rico,PR,Caguas
2759,Consumer,Puerto Rico,PR,Caguas
6902,Consumer,Puerto Rico,PR,Caguas
4914,Consumer,Puerto Rico,PR,Caguas
10401,Consumer,Puerto Rico,PR,Caguas
11319,Consumer,Puerto Rico,PR,Arecibo
3975,Consumer,Puerto Rico,PR,Caguas
11539,Consumer,Puerto Rico,PR,Caguas
3920,Consumer,Puerto Rico,PR,Caguas
11352,Consumer,Puerto Rico,PR,Caguas
11174,Consumer,Puerto Rico,PR,Caguas
8360,Consumer,Puerto Rico,PR,Caguas
5782,Consumer,Puerto Rico,PR,Caguas
19135,Consumer,Puerto Rico,PR,Caguas
18780,Consumer,Puerto Rico,PR,Caguas
18797,Consumer,Puerto Rico,PR,Caguas
6759,Consumer,Puerto Rico,PR,Caguas
10598,Consumer,Puerto Rico,PR,Caguas
11517,Consumer,Puerto Rico,PR,Caguas
8584,Consumer,Puerto Rico,PR,Caguas
17700,Consumer,Puerto Rico,PR,Caguas
20442,Consumer,Puerto Rico,PR,Caguas
361,Consumer,Puerto Rico,PR,Caguas
6928,Consumer,Puerto Rico,PR,Caguas
15937,Consumer,Puerto Rico,PR,Caguas
10412,Consumer,Puerto Rico,PR,Vega Baja
11498,Consumer,Puerto Rico,PR,Caguas
4092,Consumer,Puerto Rico,PR,Caguas
4850,Consumer,United States,NJ,Wayne
1939,Consumer,United States,CA,Tracy
3971,Consumer,United States,AR,Jonesboro
91,Consumer,United States,TX,Spring
705,Consumer,United States,GA,Atlanta
1690,Consumer,United States,IL,Bolingbrook
10682,Consumer,United States,OR,Salem
2794,Consumer,United States,CA,Pittsburg
10849,Consumer,United States,CA,Mission Viejo
5195,Consumer,United States,NJ,Bayonne
8419,Consumer,United States,CO,Aurora
4039,Consumer,United States,HI,Honolulu
11296,Consumer,United States,CA,Fresno
6473,Consumer,United States,CA,Long Beach
1276,Consumer,United States,HI,Honolulu
10874,Consumer,United States,CA,San Diego
12229,Consumer,United States,IL,Chicago
8814,Consumer,United States,CA,Vallejo
10762,Consumer,United States,TN,Antioch
7537,Consumer,United States,TX,San Antonio
6281,Consumer,United States,SC,Lancaster
2626,Consumer,United States,CA,Oceanside
8628,Consumer,United States,FL,Apopka
5832,Consumer,United States,MD,Baltimore
5831,Consumer,United States,CA,Hesperia
3246,Consumer,United States,CA,San Jose
12316,Consumer,United States,IL,Chicago
700,Consumer,United States,CA,Chula Vista
2865,Consumer,United States,KS,Wichita
1325,Consumer,United States,CT,New Haven
3103,Consumer,United States,NY,Spring Valley
8638,Consumer,United States,CA,Los Angeles
10565,Consumer,United States,FL,Jacksonville
1408,Consumer,United States,IL,Chicago
3970,Consumer,United States,DC,Washington
10132,Consumer,United States,AZ,Glendale
9813,Consumer,United States,CO,Aurora
2589,Consumer,United States,NJ,Wayne
4596,Consumer,United States,WA,Federal Way
108,Consumer,United States,NY,Bronx
7619,Consumer,United States,MD,Silver Spring
5505,Consumer,United States,NY,North Tonawanda
1515,Consumer,United States,NY,Massapequa
3678,Consumer,United States,NY,Brooklyn
3887,Consumer,United States,TX,Garland
759,Consumer,United States,OK,Lawton
9771,Consumer,United States,VA,Virginia Beach
4215,Consumer,United States,FL,Miami
3947,Consumer,United States,KS,Wichita
5503,Consumer,United States,CA,Escondido
10587,Consumer,United States,CT,Milford
4407,Consumer,United States,ND,Bismarck
9371,Consumer,United States,ID,Meridian
11505,Consumer,United States,CA,Bakersfield
6500,Consumer,United States,TX,Mesquite
2487,Consumer,United States,NM,Las Cruces
7852,Consumer,United States,CA,San Francisco
4719,Consumer,United States,FL,Hollywood
5749,Consumer,United States,TX,Houston
10241,Consumer,United States,KY,Louisville
4481,Consumer,United States,PA,Doylestown
6948,Consumer,United States,TX,Round Rock
8294,Consumer,United States,NV,Las Vegas
5502,Consumer,United States,NY,Brooklyn
9127,Consumer,United States,TX,Dallas
3060,Consumer,United States,CA,Oxnard
1078,Consumer,United States,CA,Los Angeles
8701,Consumer,United States,MI,Troy
6009,Consumer,United States,UT,Salt Lake City
8285,Consumer,United States,NY,Brooklyn
8234,Consumer,United States,CA,Vacaville
6532,Consumer,United States,AZ,Phoenix
5987,Consumer,United States,TX,Houston
3016,Consumer,United States,CO,Denver
9748,Consumer,United States,FL,Tampa
7518,Consumer,United States,IL,Oak Lawn
11525,Consumer,United States,NY,Brooklyn
2515,Consumer,United States,FL,Apopka
4260,Consumer,United States,VA,Stafford
6834,Consumer,United States,CA,Fresno
12193,Consumer,United States,CA,Los Angeles
3682,Consumer,United States,PA,Philadelphia
4837,Consumer,United States,KY,Louisville
777,Consumer,United States,CA,Los Angeles
8278,Consumer,United States,NY,Staten Island
7102,Consumer,United States,NY,Staten Island
12256,Consumer,United States,SC,Summerville
2611,Consumer,United States,NY,South Richmond Hill
1436,Consumer,United States,TX,Lewisville
2788,Consumer,United States,NV,Las Vegas
8429,Consumer,United States,OH,Cleveland
455,Consumer,United States,CO,Colorado Springs
9383,Consumer,United States,FL,Miami
3523,Consumer,United States,FL,Fort Lauderdale
4373,Consumer,United States,NY,Lockport
3407,Consumer,United States,CA,Clovis
6465,Consumer,United States,NY,Massapequa
1091,Consumer,United States,AZ,Tucson
808,Consumer,United States,TX,San Benito
8241,Consumer,United States,KY,Louisville
8905,Consumer,United States,GA,Augusta
11126,Consumer,United States,OH,Cleveland
1625,Consumer,United States,IL,Chicago
9826,Consumer,United States,CA,Carmichael
9596,Consumer,United States,CA,Escondido
2467,Consumer,United States,TX,Houston
7864,Home Office,Puerto Rico,PR,Caguas
4286,Home Office,Puerto Rico,PR,Caguas
6873,Corporate,United States,NM,Albuquerque
8452,Home Office,United States,TN,Hendersonville
2915,Home Office,United States,CA,Mission Viejo
7536,Corporate,Puerto Rico,PR,Caguas
2180,Corporate,United States,GA,Stockbridge
11709,Consumer,Puerto Rico,PR,Caguas
7457,Consumer,United States,CA,El Monte
12351,Corporate,United States,KY,Bowling Green
6813,Corporate,Puerto Rico,PR,Caguas
10539,Consumer,United States,CA,Hollister
38,Consumer,United States,LA,Opelousas
3271,Consumer,United States,CA,Los Angeles
5368,Home Office,United States,NY,Brooklyn
1505,Corporate,United States,CA,Santa Ana
2238,Corporate,Puerto Rico,PR,Caguas
11252,Corporate,United States,OH,Cleveland
10559,Home Office,Puerto Rico,PR,Caguas
450,Home Office,Puerto Rico,PR,Caguas
8232,Consumer,United States,PA,Philadelphia
12223,Home Office,Puerto Rico,PR,Caguas
6196,Consumer,Puerto Rico,PR,Caguas
4025,Corporate,United States,CA,Oceanside
9286,Consumer,United States,NC,Chapel Hill
11046,Consumer,United States,FL,Hialeah
10926,Corporate,Puerto Rico,PR,Aguadilla
4265,Home Office,United States,CA,Anaheim
9243,Home Office,Puerto Rico,PR,Caguas
8964,Home Office,United States,KY,Louisville
9451,Home Office,Puerto Rico,PR,Caguas
85,Consumer,Puerto Rico,PR,Caguas
11830,Corporate,United States,CA,Pico Rivera
8694,Corporate,United States,FL,Winter Park
5043,Corporate,United States,NY,Bronx
5552,Consumer,United States,OH,Reynoldsburg
9576,Consumer,United States,CA,Cupertino
3684,Home Office,United States,TX,Dallas
5067,Corporate,United States,UT,Ogden
9962,Consumer,Puerto Rico,PR,Caguas
5476,Corporate,United States,CO,Aurora
8367,Corporate,United States,DE,Newark
10896,Corporate,United States,AZ,Glendale
3570,Home Office,Puerto Rico,PR,Caguas
9945,Home Office,Puerto Rico,PR,Caguas
5016,Corporate,United States,CA,Oceanside
10458,Consumer,United States,CA,Oceanside
12415,Consumer,Puerto Rico,PR,Caguas
10416,Consumer,United States,MD,Catonsville
2271,Consumer,United States,IL,Chicago
6116,Home Office,United States,PA,Philadelphia
11500,Home Office,Puerto Rico,PR,Caguas
2602,Home Office,United States,CA,Long Beach
8048,Consumer,Puerto Rico,PR,Caguas
9820,Consumer,United States,MD,Germantown
9071,Home Office,United States,CA,Victorville
11218,Consumer,United States,TN,Murfreesboro
8598,Corporate,United States,CA,San Diego
3224,Home Office,United States,NV,Las Vegas
6132,Consumer,United States,CA,Gardena
1843,Consumer,United States,OK,Lawton
8491,Corporate,United States,IL,Chicago
10045,Home Office,United States,CA,San Jose
10146,Consumer,United States,CA,Anaheim
11623,Corporate,Puerto Rico,PR,Yauco
381,Consumer,United States,OH,Fairfield
6729,Corporate,United States,NJ,Bridgeton
8013,Home Office,United States,WI,Fond Du Lac
6992,Corporate,United States,CA,Oxnard
10731,Consumer,United States,CA,Riverside
8181,Corporate,United States,CA,Livermore
4906,Home Office,United States,CA,San Jose
3046,Consumer,United States,MD,Hyattsville
10489,Corporate,United States,DC,Washington
9160,Consumer,Puerto Rico,PR,Caguas
4864,Consumer,United States,CA,Fresno
9133,Home Office,Puerto Rico,PR,Caguas
8358,Corporate,United States,CA,San Diego
2198,Corporate,United States,FL,Fort Lauderdale
6333,Consumer,United States,TN,Memphis
1958,Corporate,United States,PA,Lancaster
1613,Consumer,Puerto Rico,PR,Caguas
11295,Corporate,United States,CA,Chula Vista
8483,Consumer,Puerto Rico,PR,Caguas
685,Home Office,Puerto Rico,PR,Caguas
4511,Consumer,Puerto Rico,PR,Caguas
524,Corporate,United States,MA,New Bedford
10828,Consumer,United States,FL,Tallahassee
6660,Home Office,United States,CA,Spring Valley
1172,Home Office,United States,IL,Waukegan
8125,Corporate,Puerto Rico,PR,Caguas
2988,Corporate,United States,CA,Folsom
9833,Consumer,Puerto Rico,PR,Caguas
2514,Consumer,Puerto Rico,PR,Caguas
6187,Corporate,United States,CA,West Covina
7993,Corporate,United States,TX,San Antonio
10072,Home Office,United States,CO,Denver
8999,Corporate,United States,OR,Oregon City
6285,Consumer,United States,NY,Brooklyn
3109,Consumer,United States,TX,Fort Worth
9650,Consumer,United States,VA,Hampton
8563,Consumer,United States,GA,Atlanta
6307,Consumer,United States,NY,Brooklyn
11832,Consumer,United States,TN,Hendersonville
10741,Consumer,United States,MO,Saint Louis
18734,Consumer,United States,AZ,Chandler
19090,Consumer,United States,NC,Greenville
15789,Consumer,United States,MA,Lynn
18793,Consumer,United States,MI,Warren
17917,Consumer,United States,CA,Madera
8206,Consumer,United States,CA,Hayward
7501,Consumer,United States,NV,Las Vegas
15431,Consumer,United States,MN,Saint Paul
5854,Consumer,United States,CA,Fullerton
17150,Consumer,United States,NY,Brooklyn
17410,Consumer,United States,MO,Springfield
3762,Consumer,United States,NJ,West New York
5719,Consumer,United States,VA,Virginia Beach
20523,Consumer,United States,GA,Douglasville
18464,Consumer,United States,NC,Greensboro
5584,Consumer,United States,NY,New York
15502,Consumer,United States,MD,Baltimore
15390,Consumer,United States,WV,Martinsburg
4437,Consumer,United States,PA,Wilkes Barre
17589,Consumer,United States,FL,Orlando
20126,Consumer,United States,IL,Joliet
20230,Consumer,United States,TX,Amarillo
18142,Consumer,United States,WI,Milwaukee
6938,Consumer,United States,NM,Albuquerque
3518,Consumer,United States,CA,Clovis
6098,Consumer,United States,MI,Westland
4332,Consumer,United States,OR,Albany
3954,Consumer,United States,CA,Chula Vista
5588,Consumer,United States,CA,Santa Ana
2303,Consumer,United States,IL,Chicago
2728,Consumer,United States,FL,Miami
8811,Consumer,United States,TX,Houston
7029,Consumer,United States,CA,North Hollywood
6123,Consumer,United States,PA,York
2553,Consumer,United States,CA,Ontario
11996,Consumer,United States,MI,Westland
11227,Consumer,United States,FL,Orlando
2122,Consumer,United States,CA,Victorville
10728,Consumer,United States,NJ,West Orange
11739,Consumer,United States,CA,La Puente
4918,Consumer,United States,NC,Hickory
9230,Consumer,United States,OH,Columbus
8055,Consumer,United States,TX,Katy
5492,Consumer,United States,NY,Bronx
8359,Consumer,United States,CA,Sacramento
5006,Consumer,United States,OH,Painesville
11605,Consumer,United States,CA,Sylmar
4399,Consumer,United States,VA,Virginia Beach
11943,Consumer,United States,MI,Detroit
9667,Consumer,United States,CA,Garden Grove
5242,Consumer,United States,PA,Philadelphia
5998,Corporate,Puerto Rico,PR,Caguas
8495,Consumer,United States,CA,Upland
8080,Home Office,Puerto Rico,PR,Caguas
8700,Home Office,United States,WI,Milwaukee
2541,Corporate,Puerto Rico,PR,Caguas
7555,Home Office,Puerto Rico,PR,Caguas
6412,Home Office,United States,NV,Las Vegas
177,Consumer,Puerto Rico,PR,Caguas
5890,Home Office,Puerto Rico,PR,Caguas
12154,Consumer,Puerto Rico,PR,Caguas
3035,Consumer,United States,IL,Glenview
5720,Consumer,Puerto Rico,PR,Caguas
10423,Consumer,Puerto Rico,PR,Caguas
9591,Consumer,United States,CA,Sunnyvale
5717,Consumer,United States,CA,Bakersfield
9385,Consumer,United States,PA,Washington
9304,Consumer,Puerto Rico,PR,Caguas
2956,Consumer,United States,NY,Brooklyn
6683,Home Office,Puerto Rico,PR,Caguas
8617,Consumer,Puerto Rico,PR,Caguas
7584,Consumer,United States,IL,Elgin
12056,Home Office,Puerto Rico,PR,Caguas
5000,Consumer,Puerto Rico,PR,San Juan
2085,Consumer,United States,CA,Los Angeles
286,Corporate,United States,CA,Santa Cruz
434,Consumer,Puerto Rico,PR,Caguas
10461,Consumer,Puerto Rico,PR,Caguas
992,Home Office,United States,NY,New York
11469,Corporate,United States,OH,Grove City
8412,Home Office,United States,CA,Carson
11617,Consumer,United States,VA,Virginia Beach
6392,Corporate,United States,DC,Washington
4631,Home Office,Puerto Rico,PR,Caguas
6444,Consumer,Puerto Rico,PR,Caguas
3713,Corporate,United States,IL,Chicago
5063,Home Office,Puerto Rico,PR,Caguas
3113,Consumer,Puerto Rico,PR,Caguas
5511,Corporate,United States,MI,Detroit
3910,Consumer,Puerto Rico,PR,Caguas
10087,Corporate,United States,CA,Fullerton
12432,Home Office,Puerto Rico,PR,Caguas
3182,Home Office,Puerto Rico,PR,Caguas
8557,Corporate,United States,PA,Lansdale
11283,Consumer,Puerto Rico,PR,Caguas
4097,Consumer,United States,CO,Aurora
7837,Consumer,United States,OR,Eugene
4563,Consumer,United States,TX,Dallas
1131,Corporate,United States,MO,Saint Louis
3611,Corporate,Puerto Rico,PR,Caguas
5515,Home Office,United States,OH,Cincinnati
10619,Corporate,United States,NY,North Tonawanda
2249,Corporate,United States,CA,Los Angeles
5718,Consumer,Puerto Rico,PR,Caguas
7139,Home Office,United States,CA,Baldwin Park
1375,Corporate,Puerto Rico,PR,Caguas
3343,Consumer,Puerto Rico,PR,Caguas
11993,Corporate,United States,MD,Dundalk
2174,Consumer,United States,NY,Brooklyn
9228,Corporate,Puerto Rico,PR,Caguas
1366,Consumer,United States,CA,Costa Mesa
10266,Corporate,United States,OH,Cleveland
6395,Home Office,United States,MD,Hyattsville
8004,Consumer,Puerto Rico,PR,Caguas
12099,Consumer,Puerto Rico,PR,Caguas
6962,Corporate,United States,IL,Elgin
9969,Consumer,United States,OH,Columbus
2247,Home Office,United States,TX,Laredo
11681,Consumer,Puerto Rico,PR,Caguas
3781,Home Office,United States,MI,Hamtramck
10485,Home Office,Puerto Rico,PR,Caguas
645,Consumer,United States,CA,Cupertino
6222,Corporate,United States,NY,New York
6791,Consumer,United States,FL,Orlando
3769,Corporate,Puerto Rico,PR,Caguas
4708,Corporate,United States,OR,Roseburg
10618,Corporate,United States,TX,Dallas
6125,Corporate,Puerto Rico,PR,Caguas
852,Corporate,Puerto Rico,PR,Caguas
8838,Corporate,Puerto Rico,PR,Caguas
8686,Corporate,Puerto Rico,PR,Caguas
4376,Home Office,Puerto Rico,PR,Caguas
5197,Home Office,Puerto Rico,PR,Caguas
9461,Home Office,Puerto Rico,PR,Caguas
8662,Home Office,Puerto Rico,PR,Caguas
4354,Home Office,Puerto Rico,PR,Caguas
8912,Home Office,Puerto Rico,PR,Caguas
54,Home Office,Puerto Rico,PR,Caguas
13631,Home Office,Puerto Rico,PR,Caguas
4934,Home Office,Puerto Rico,PR,Caguas
6607,Home Office,Puerto Rico,PR,Caguas
8780,Home Office,Puerto Rico,PR,Caguas
1279,Home Office,Puerto Rico,PR,Caguas
15794,Home Office,Puerto Rico,PR,Caguas
15940,Home Office,Puerto Rico,PR,Caguas
18655,Home Office,Puerto Rico,PR,Caguas
986,Home Office,Puerto Rico,PR,Caguas
10067,Home Office,Puerto Rico,PR,Caguas
13842,Home Office,Puerto Rico,PR,Caguas
4675,Home Office,Puerto Rico,PR,Caguas
2580,Home Office,Puerto Rico,PR,Caguas
8883,Home Office,Puerto Rico,PR,Caguas
6358,Home Office,Puerto Rico,PR,Caguas
7245,Home Office,Puerto Rico,PR,Caguas
5868,Home Office,Puerto Rico,PR,Caguas
9772,Home Office,Puerto Rico,PR,Caguas
20241,Home Office,Puerto Rico,PR,Caguas
9437,Consumer,United States,WA,Kent
10784,Corporate,United States,OH,Loveland
11393,Corporate,United States,NY,Bronx
5290,Consumer,Puerto Rico,PR,Caguas
12419,Consumer,United States,PA,Greensburg
12380,Corporate,United States,VA,Henrico
11263,Corporate,United States,WA,Federal Way
6803,Home Office,United States,KY,Louisville
4110,Home Office,United States,MD,Hyattsville
5536,Corporate,United States,CA,Alhambra
12222,Home Office,United States,MI,Wyandotte
1950,Home Office,United States,MA,New Bedford
12292,Consumer,United States,CA,Spring Valley
9080,Home Office,United States,IL,Chicago
10434,Consumer,Puerto Rico,PR,Caguas
4216,Corporate,United States,TX,Dallas
9109,Consumer,Puerto Rico,PR,Caguas
7026,Corporate,Puerto Rico,PR,Caguas
4078,Consumer,Puerto Rico,PR,Caguas
9382,Consumer,Puerto Rico,PR,Caguas
6240,Corporate,Puerto Rico,PR,Caguas
1898,Consumer,United States,VA,Virginia Beach
1595,Consumer,United States,MI,Troy
4421,Corporate,United States,GA,Atlanta
6544,Consumer,United States,IL,Pekin
6810,Consumer,United States,PA,Philadelphia
4364,Consumer,United States,CA,Los Angeles
8385,Consumer,United States,MA,Methuen
4944,Consumer,Puerto Rico,PR,Trujillo Alto
11577,Corporate,United States,MI,Ypsilanti
4026,Corporate,Puerto Rico,PR,Caguas
742,Corporate,United States,CA,Santa Maria
2797,Consumer,United States,CO,Denver
4021,Consumer,United States,OH,Lakewood
8240,Consumer,United States,DE,New Castle
1326,Consumer,Puerto Rico,PR,Caguas
463,Corporate,Puerto Rico,PR,Caguas
1267,Home Office,United States,MO,Florissant
541,Corporate,United States,CA,Lynwood
535,Consumer,United States,NY,Bronx
2936,Corporate,United States,CA,Visalia
11562,Corporate,United States,CO,Colorado Springs
5397,Home Office,United States,MD,Baltimore
6710,Corporate,United States,NM,Santa Fe
5593,Home Office,United States,DC,Washington
2181,Corporate,Puerto Rico,PR,Caguas
6932,Home Office,United States,NY,Brooklyn
101,Corporate,United States,MA,Dorchester Center
12172,Home Office,United States,CO,Aurora
11864,Consumer,United States,CA,Panorama City
8941,Home Office,United States,VA,Richmond
6455,Consumer,Puerto Rico,PR,Caguas
3921,Consumer,United States,MI,East Lansing
11955,Consumer,United States,MI,Dearborn
10362,Corporate,Puerto Rico,PR,Caguas
6670,Corporate,United States,PA,West Chester
7802,Consumer,Puerto Rico,PR,Caguas
5052,Home Office,United States,OR,Oregon City
8826,Home Office,United States,NC,Greensboro
10047,Corporate,United States,OR,Eugene
5313,Home Office,United States,NV,Las Vegas
1985,Corporate,United States,TX,San Antonio
892,Home Office,United States,TX,Mesquite
691,Consumer,United States,VA,Stafford
8876,Corporate,Puerto Rico,PR,Caguas
4276,Consumer,United States,CA,Riverside
2672,Consumer,Puerto Rico,PR,Caguas
11922,Corporate,United States,MD,Hyattsville
11266,Corporate,Puerto Rico,PR,Caguas
3351,Consumer,Puerto Rico,PR,Caguas
1361,Home Office,United States,CA,San Francisco
11115,Corporate,United States,PA,Williamsport
10546,Corporate,Puerto Rico,PR,Caguas
12288,Consumer,United States,IL,Algonquin
7535,Corporate,United States,HI,Honolulu
1437,Consumer,Puerto Rico,PR,Caguas
1977,Corporate,United States,CA,Los Angeles
1303,Corporate,United States,TX,Dallas
2457,Consumer,Puerto Rico,PR,Caguas
9696,Home Office,Puerto Rico,PR,Caguas
3927,Home Office,Puerto Rico,PR,Caguas
14203,Home Office,Puerto Rico,PR,Caguas
14412,Home Office,Puerto Rico,PR,Caguas
13658,Home Office,Puerto Rico,PR,Caguas
7083,Home Office,Puerto Rico,PR,Caguas
6497,Home Office,Puerto Rico,PR,Aguadilla
11555,Home Office,Puerto Rico,PR,Caguas
20384,Home Office,Puerto Rico,PR,Caguas
16237,Home Office,Puerto Rico,PR,Caguas
19077,Home Office,Puerto Rico,PR,Caguas
17066,Home Office,Puerto Rico,PR,Caguas
6496,Home Office,Puerto Rico,PR,Caguas
348,Home Office,Puerto Rico,PR,Caguas
18889,Home Office,Puerto Rico,PR,Caguas
13058,Home Office,Puerto Rico,PR,Caguas
3232,Corporate,United States,CA,Rancho Cucamonga
7475,Corporate,United States,NJ,Bridgeton
6256,Home Office,United States,NJ,North Bergen
3216,Home Office,United States,NJ,Newark
4796,Consumer,Puerto Rico,PR,Caguas
4820,Corporate,United States,MD,Annapolis
5184,Corporate,Puerto Rico,PR,Caguas
4681,Corporate,United States,GA,Marietta
11317,Corporate,United States,RI,Pawtucket
1033,Corporate,United States,FL,Miami
2065,Consumer,Puerto Rico,PR,Caguas
640,Corporate,United States,DE,New Castle
10542,Consumer,United States,CA,Los Angeles
1676,Home Office,United States,NC,Charlotte
8059,Consumer,Puerto Rico,PR,Caguas
6019,Home Office,United States,TX,Laredo
3485,Corporate,United States,CA,San Bernardino
8621,Corporate,United States,OR,Salem
549,Home Office,United States,TX,Sugar Land
5734,Corporate,United States,FL,Fort Lauderdale
7581,Consumer,United States,NV,Reno
3691,Consumer,Puerto Rico,PR,Caguas
7880,Corporate,Puerto Rico,PR,Caguas
3478,Consumer,Puerto Rico,PR,Caguas
3879,Consumer,Puerto Rico,PR,Caguas
10206,Consumer,Puerto Rico,PR,Caguas
4680,Corporate,United States,PA,Carlisle
2966,Consumer,United States,TX,Lewisville
3578,Corporate,United States,FL,Fort Lauderdale
3029,Corporate,United States,CA,Winnetka
7032,Consumer,United States,TN,Memphis
4218,Consumer,Puerto Rico,PR,Caguas
11231,Home Office,United States,WI,Fond Du Lac
4088,Home Office,United States,UT,Salt Lake City
15213,Consumer,Puerto Rico,PR,Caguas
20013,Consumer,Puerto Rico,PR,Caguas
16155,Consumer,Puerto Rico,PR,Caguas
20065,Consumer,Puerto Rico,PR,Caguas
9574,Consumer,Puerto Rico,PR,Caguas
7325,Consumer,Puerto Rico,PR,Caguas
11938,Consumer,Puerto Rico,PR,Caguas
2961,Consumer,Puerto Rico,PR,Caguas
9568,Consumer,Puerto Rico,PR,Caguas
522,Consumer,Puerto Rico,PR,Caguas
2846,Consumer,Puerto Rico,PR,Caguas
4641,Consumer,Puerto Rico,PR,Caguas
8634,Consumer,Puerto Rico,PR,Caguas
4895,Consumer,Puerto Rico,PR,Caguas
13463,Consumer,Puerto Rico,PR,Caguas
12276,Consumer,Puerto Rico,PR,Caguas
13738,Consumer,Puerto Rico,PR,Caguas
10449,Consumer,Puerto Rico,PR,Caguas
18166,Consumer,Puerto Rico,PR,Caguas
18502,Consumer,Puerto Rico,PR,Caguas
18853,Consumer,Puerto Rico,PR,Caguas
11991,Consumer,Puerto Rico,PR,Caguas
8209,Consumer,Puerto Rico,PR,Caguas
1198,Consumer,Puerto Rico,PR,Caguas
13823,Consumer,Puerto Rico,PR,Caguas
7243,Consumer,Puerto Rico,PR,Caguas
2775,Consumer,Puerto Rico,PR,Caguas
7433,Consumer,Puerto Rico,PR,Caguas
2488,Consumer,Puerto Rico,PR,Caguas
19950,Consumer,Puerto Rico,PR,Caguas
17361,Consumer,Puerto Rico,PR,San Sebastian
9194,Consumer,Puerto Rico,PR,Caguas
19945,Consumer,Puerto Rico,PR,Caguas
15739,Consumer,Puerto Rico,PR,Caguas
15551,Consumer,Puerto Rico,PR,Caguas
7463,Consumer,Puerto Rico,PR,Caguas
7652,Consumer,Puerto Rico,PR,Caguas
10571,Consumer,Puerto Rico,PR,Caguas
13152,Consumer,Puerto Rico,PR,Caguas
13803,Consumer,Puerto Rico,PR,Caguas
12644,Consumer,Puerto Rico,PR,Bayamon
13452,Consumer,Puerto Rico,PR,Caguas
14454,Consumer,Puerto Rico,PR,Caguas
3823,Consumer,Puerto Rico,PR,Caguas
12802,Consumer,Puerto Rico,PR,Caguas
13417,Consumer,Puerto Rico,PR,Caguas
14120,Consumer,Puerto Rico,PR,Caguas
5232,Consumer,Puerto Rico,PR,Caguas
15356,Consumer,Puerto Rico,PR,Caguas
18909,Consumer,Puerto Rico,PR,Caguas
11664,Consumer,Puerto Rico,PR,Caguas
15376,Consumer,Puerto Rico,PR,Caguas
18735,Consumer,Puerto Rico,PR,Caguas
19227,Consumer,Puerto Rico,PR,Caguas
15647,Consumer,Puerto Rico,PR,Caguas
15632,Consumer,Puerto Rico,PR,Caguas
17540,Consumer,Puerto Rico,PR,Caguas
19005,Consumer,Puerto Rico,PR,Caguas
18232,Consumer,Puerto Rico,PR,Caguas
9484,Consumer,Puerto Rico,PR,Caguas
12506,Home Office,United States,CA,Los Angeles
15049,Home Office,United States,IL,Chicago
9132,Home Office,United States,OR,Eugene
7394,Home Office,United States,WA,Bellingham
11165,Home Office,United States,PA,Philadelphia
1068,Home Office,United States,CT,Bristol
6267,Home Office,United States,CT,Enfield
5164,Home Office,United States,LA,Metairie
9462,Home Office,United States,CA,Bell Gardens
11096,Home Office,United States,IL,Lockport
18975,Home Office,United States,OR,Portland
17140,Home Office,United States,CA,Fullerton
19907,Home Office,United States,CA,Carmichael
6475,Home Office,United States,IL,Chicago
10341,Home Office,United States,CA,Long Beach
873,Home Office,United States,NY,Bay Shore
2482,Home Office,United States,CA,Riverside
9183,Home Office,United States,IL,Pekin
12202,Home Office,United States,PA,Philadelphia
6943,Home Office,United States,LA,Opelousas
191,Home Office,United States,OR,Portland
5708,Home Office,United States,CA,Los Angeles
10493,Home Office,United States,IL,Chicago
11400,Home Office,United States,TX,Fort Worth
7834,Home Office,United States,UT,Salt Lake City
19905,Home Office,United States,TX,San Antonio
18863,Home Office,United States,CO,Greeley
216,Home Office,United States,CA,Visalia
12612,Home Office,United States,MD,Dundalk
19819,Home Office,United States,OH,Columbus
16527,Home Office,United States,NY,New York
17739,Home Office,United States,NY,New York
19821,Home Office,United States,IL,Chicago
20251,Home Office,United States,TX,Houston
17161,Home Office,United States,VA,Annandale
4115,Home Office,United States,IL,Chicago
12260,Home Office,United States,MI,Muskegon
12734,Home Office,United States,IL,Chicago
2878,Home Office,United States,NJ,Union
18099,Home Office,United States,CA,Elk Grove
16586,Home Office,United States,CA,Madera
20585,Home Office,United States,FL,Miami
20598,Home Office,United States,TX,San Antonio
18658,Home Office,United States,IL,Elgin
16305,Home Office,United States,CA,Los Angeles
17785,Home Office,United States,CO,Longmont
378,Home Office,United States,GA,Roswell
13545,Home Office,United States,LA,Marrero
6981,Home Office,United States,CA,Long Beach
17955,Home Office,United States,TX,Houston
16232,Home Office,United States,FL,Pompano Beach
12602,Home Office,United States,MO,Florissant
17397,Home Office,United States,OH,Columbus
17934,Home Office,United States,AZ,Mesa
7368,Home Office,United States,OR,Portland
13914,Home Office,United States,NY,Rome
12675,Home Office,United States,TX,Mcallen
14360,Home Office,United States,AZ,Tucson
12150,Home Office,United States,TX,Dallas
12627,Home Office,United States,OR,Portland
15013,Home Office,United States,TX,Katy
9503,Home Office,United States,FL,Orlando
18922,Home Office,United States,IL,Waukegan
12275,Home Office,United States,CA,Modesto
11528,Home Office,United States,MD,Glen Burnie
9251,Consumer,Puerto Rico,PR,Caguas
14101,Consumer,Puerto Rico,PR,Caguas
13637,Consumer,Puerto Rico,PR,Caguas
2900,Consumer,Puerto Rico,PR,Caguas
12447,Consumer,Puerto Rico,PR,Caguas
12870,Consumer,Puerto Rico,PR,Caguas
1047,Consumer,Puerto Rico,PR,Caguas
18103,Consumer,Puerto Rico,PR,Caguas
17941,Consumer,Puerto Rico,PR,Caguas
16145,Consumer,Puerto Rico,PR,Caguas
11228,Consumer,Puerto Rico,PR,Caguas
18164,Consumer,Puerto Rico,PR,Caguas
19276,Consumer,Puerto Rico,PR,Caguas
20094,Consumer,Puerto Rico,PR,Caguas
9564,Consumer,United States,TX,Dallas
4988,Corporate,United States,DC,Washington
7477,Corporate,Puerto Rico,PR,Caguas
1714,Corporate,United States,IL,Crystal Lake
6965,Corporate,United States,FL,Hialeah
11559,Consumer,United States,CA,Long Beach
2295,Consumer,United States,TN,Clarksville
3809,Consumer,United States,NJ,Lakewood
2587,Consumer,United States,PA,Bensalem
12183,Corporate,Puerto Rico,PR,Caguas
1271,Corporate,United States,CA,Simi Valley
6636,Home Office,Puerto Rico,PR,Caguas
4357,Corporate,United States,AZ,Peoria
12466,Home Office,Puerto Rico,PR,Caguas
14626,Home Office,Puerto Rico,PR,Caguas
13078,Home Office,Puerto Rico,PR,Caguas
12355,Consumer,United States,IL,Lombard
11531,Corporate,United States,CA,Los Angeles
11733,Corporate,Puerto Rico,PR,Yauco
19489,Corporate,Puerto Rico,PR,Caguas
14633,Consumer,Puerto Rico,PR,Caguas
19426,Consumer,United States,NY,Bronx
19408,Consumer,Puerto Rico,PR,Caguas
19404,Consumer,Puerto Rico,PR,Caguas
19401,Corporate,United States,MO,Saint Charles
19392,Home Office,United States,GA,Roswell
19388,Corporate,Puerto Rico,PR,Caguas
19387,Corporate,United States,AZ,Peoria
19386,Corporate,Puerto Rico,PR,Caguas
19382,Corporate,United States,TN,Memphis
10614,Consumer,United States,NJ,Union City
6763,Corporate,United States,CA,Los Angeles
5920,Corporate,United States,AZ,Chandler
19345,Consumer,Puerto Rico,PR,Caguas
19340,Corporate,United States,CA,Modesto
19320,Consumer,Puerto Rico,PR,Caguas
19312,Consumer,United States,PA,Lancaster
19307,Consumer,Puerto Rico,PR,Caguas
19294,Consumer,United States,IL,Chicago
19288,Corporate,United States,CA,San Diego
16769,Consumer,United States,OH,Columbus
16764,Consumer,United States,OH,Elyria
16729,Consumer,Puerto Rico,PR,Caguas
16719,Consumer,Puerto Rico,PR,Caguas
16693,Consumer,Puerto Rico,PR,Caguas
16684,Consumer,United States,OR,Eugene
16671,Corporate,United States,GA,Powder Springs
16670,Corporate,United States,GA,Lilburn
13238,Home Office,Puerto Rico,PR,Caguas
12723,Consumer,Puerto Rico,PR,Caguas
15024,Consumer,Puerto Rico,PR,Caguas
14768,Consumer,Puerto Rico,PR,Caguas
10042,Consumer,United States,CA,Canyon Country
18002,Corporate,United States,TN,Memphis
167,Corporate,United States,OH,Columbus
8927,Corporate,United States,CA,North Hollywood
2919,Corporate,United States,NC,Raleigh
15539,Corporate,United States,NY,Spring Valley
8772,Corporate,United States,VA,Norfolk
5819,Corporate,United States,NJ,New Brunswick
5543,Corporate,United States,NY,Far Rockaway
11075,Consumer,United States,MI,Ann Arbor
18077,Home Office,Puerto Rico,PR,Caguas
15779,Home Office,Puerto Rico,PR,Caguas
18089,Consumer,Puerto Rico,PR,Caguas
19270,Consumer,Puerto Rico,PR,Caguas
17911,Consumer,Puerto Rico,PR,Caguas
12907,Corporate,Puerto Rico,PR,Caguas
14496,Corporate,Puerto Rico,PR,Caguas
3355,Corporate,United States,LA,New Orleans
17117,Corporate,United States,TX,San Benito
18955,Corporate,United States,NY,Brooklyn
20282,Corporate,United States,NY,Bronx
17174,Corporate,United States,LA,Kenner
9224,Corporate,United States,CA,Riverside
20471,Corporate,United States,CA,Cypress
15396,Corporate,United States,CT,Manchester
15257,Corporate,United States,CA,Santa Ana
5210,Corporate,United States,CA,San Jose
7379,Consumer,United States,LA,Marrero
2778,Corporate,United States,IL,Chicago
11405,Corporate,United States,NY,Brooklyn
11409,Corporate,United States,GA,Stone Mountain
11236,Corporate,United States,ND,Bismarck
5601,Corporate,United States,CA,Sacramento
2161,Corporate,United States,CA,Bellflower
12998,Consumer,United States,CA,Tracy
3454,Consumer,United States,NY,Brooklyn
17717,Consumer,United States,NY,Brooklyn
17944,Home Office,Puerto Rico,PR,Caguas
19033,Home Office,Puerto Rico,PR,Caguas
16281,Home Office,Puerto Rico,PR,Caguas
17366,Consumer,Puerto Rico,PR,Caguas
158,Corporate,Puerto Rico,PR,Caguas
5317,Corporate,Puerto Rico,PR,Caguas
18106,Corporate,Puerto Rico,PR,Caguas
15809,Corporate,Puerto Rico,PR,Caguas
15624,Corporate,Puerto Rico,PR,Caguas
4156,Corporate,United States,CA,Fairfield
779,Corporate,United States,CT,New Haven
5997,Corporate,United States,MA,Lynn
5528,Corporate,United States,CA,Fresno
8793,Consumer,United States,WA,Bellingham
6164,Consumer,United States,CA,Los Angeles
11684,Consumer,United States,NY,Rego Park
998,Consumer,United States,CA,Anaheim
7794,Corporate,United States,IL,Chicago
11992,Corporate,United States,OH,Mentor
6354,Corporate,United States,CA,Visalia
12557,Home Office,Puerto Rico,PR,Caguas
12915,Home Office,Puerto Rico,PR,Caguas
6629,Home Office,Puerto Rico,PR,Caguas
13670,Home Office,Puerto Rico,PR,Caguas
14905,Home Office,Puerto Rico,PR,Caguas
16599,Home Office,Puerto Rico,PR,Caguas
8856,Home Office,Puerto Rico,PR,Caguas
14364,Home Office,Puerto Rico,PR,Caguas
13165,Consumer,Puerto Rico,PR,Caguas
14319,Consumer,Puerto Rico,PR,Caguas
13299,Consumer,Puerto Rico,PR,Caguas
15045,Consumer,Puerto Rico,PR,Caguas
13115,Consumer,Puerto Rico,PR,Caguas
12427,Corporate,United States,TX,Plano
11737,Corporate,United States,FL,Miami
6436,Corporate,United States,TX,Dallas
6677,Corporate,United States,CA,Los Angeles
7933,Corporate,United States,IL,Chicago
9357,Corporate,United States,CA,Encinitas
12371,Consumer,United States,CA,San Diego
14944,Consumer,United States,MI,Ann Arbor
15571,Consumer,United States,TX,Houston
4780,Consumer,United States,HI,Honolulu
14272,Corporate,United States,TX,Dallas
13119,Corporate,United States,TX,Harlingen
15548,Corporate,United States,WI,Milwaukee
20303,Corporate,United States,CA,Los Angeles
7348,Corporate,United States,TX,Brownsville
8361,Corporate,United States,CA,Ontario
13187,Corporate,United States,CA,Los Angeles
6369,Corporate,United States,NC,Greensboro
18994,Corporate,United States,NY,Brooklyn
14671,Corporate,United States,NM,Albuquerque
18214,Consumer,United States,OK,Broken Arrow
17267,Consumer,United States,NJ,West New York
7220,Consumer,United States,PA,Lansdale
9151,Consumer,United States,MD,Potomac
17677,Consumer,United States,CA,Lancaster
15184,Consumer,United States,VA,Henrico
727,Consumer,Puerto Rico,PR,Caguas
17890,Consumer,Puerto Rico,PR,Caguas
16516,Consumer,Puerto Rico,PR,Caguas
16622,Consumer,Puerto Rico,PR,Caguas
16492,Consumer,Puerto Rico,PR,Caguas
19221,Consumer,Puerto Rico,PR,Caguas
15717,Consumer,Puerto Rico,PR,Caguas
15811,Consumer,Puerto Rico,PR,Caguas
18463,Consumer,Puerto Rico,PR,Caguas
15999,Consumer,Puerto Rico,PR,Caguas
17369,Consumer,Puerto Rico,PR,Caguas
16025,Consumer,Puerto Rico,PR,Caguas
18705,Consumer,Puerto Rico,PR,Caguas
15345,Consumer,Puerto Rico,PR,Caguas
17110,Consumer,Puerto Rico,PR,Caguas
19176,Consumer,Puerto Rico,PR,Caguas
1084,Consumer,Puerto Rico,PR,Caguas
10709,Consumer,Puerto Rico,PR,Caguas
12551,Corporate,United States,CA,West Covina
12891,Corporate,United States,CO,Colorado Springs
383,Corporate,United States,CA,Huntington Beach
19232,Corporate,United States,MD,Catonsville
11253,Corporate,United States,CA,San Ramon
15564,Corporate,United States,NJ,Edison
19791,Corporate,United States,TX,Mcallen
5544,Corporate,United States,CA,Tustin
905,Corporate,United States,CA,Walnut
1841,Corporate,United States,OH,Cleveland
2570,Corporate,United States,NY,Bronx
12993,Corporate,United States,HI,Waipahu
13734,Corporate,United States,CA,San Jose
13554,Corporate,United States,CA,Paramount
13686,Corporate,United States,MA,New Bedford
14773,Corporate,United States,TX,El Paso
12440,Corporate,United States,CA,San Marcos
18449,Corporate,United States,NY,Flushing
19019,Corporate,Puerto Rico,PR,Caguas
19966,Corporate,Puerto Rico,PR,Caguas
20281,Corporate,Puerto Rico,PR,Caguas
9979,Corporate,Puerto Rico,PR,Mayaguez
13352,Corporate,Puerto Rico,PR,Caguas
16596,Corporate,Puerto Rico,PR,Caguas
4805,Corporate,Puerto Rico,PR,Caguas
12861,Corporate,Puerto Rico,PR,Caguas
2782,Corporate,United States,CA,Los Angeles
17383,Corporate,United States,TX,Dallas
10568,Corporate,United States,CT,Stamford
2828,Corporate,United States,CA,Fountain Valley
13945,Corporate,United States,NY,Freeport
13920,Corporate,United States,VA,Woodbridge
4978,Corporate,United States,TX,Houston
16589,Corporate,United States,TX,Sugar Land
17302,Corporate,United States,SC,Goose Creek
16310,Corporate,United States,CA,Moreno Valley
20142,Corporate,United States,ID,Meridian
2176,Home Office,Puerto Rico,PR,Caguas
20584,Home Office,Puerto Rico,PR,Caguas
20438,Home Office,Puerto Rico,PR,Caguas
19839,Home Office,Puerto Rico,PR,Caguas
8947,Home Office,United States,CT,Milford
9481,Consumer,United States,WA,Lynnwood
5163,Consumer,United States,IL,Palatine
3694,Consumer,United States,MI,Dearborn
9441,Corporate,United States,CO,Colorado Springs
13836,Consumer,United States,FL,Pompano Beach
14850,Consumer,United States,AZ,Mesa
12564,Consumer,United States,GA,Augusta
15109,Consumer,United States,IL,Granite City
9781,Consumer,United States,CA,Los Angeles
10158,Consumer,United States,NM,Albuquerque
16571,Consumer,United States,GA,Augusta
19078,Consumer,United States,IL,Lockport
19183,Consumer,United States,TX,Sugar Land
18762,Consumer,United States,GA,Norcross
17448,Consumer,United States,CT,Enfield
18291,Consumer,United States,CA,Vacaville
20593,Consumer,United States,CA,Los Angeles
15180,Consumer,United States,IL,Algonquin
7969,Consumer,United States,GA,Duluth
12696,Consumer,United States,CA,North Hollywood
14556,Consumer,United States,NY,Brooklyn
14163,Consumer,United States,NY,Jamaica
14323,Consumer,United States,IL,Mount Prospect
13479,Consumer,United States,MO,Florissant
16546,Consumer,United States,MD,Hyattsville
18627,Consumer,United States,FL,Miami
3937,Consumer,United States,CA,Santa Ana
12446,Consumer,United States,VA,Stafford
14681,Consumer,United States,NV,Las Vegas
14062,Consumer,United States,CA,Garden Grove
12668,Corporate,Puerto Rico,PR,Caguas
15031,Corporate,Puerto Rico,PR,Caguas
16340,Corporate,Puerto Rico,PR,Caguas
14091,Corporate,Puerto Rico,PR,Caguas
13117,Corporate,Puerto Rico,PR,Caguas
13742,Corporate,Puerto Rico,PR,Caguas
15104,Corporate,Puerto Rico,PR,Caguas
18239,Corporate,Puerto Rico,PR,Caguas
16387,Corporate,Puerto Rico,PR,Caguas
18752,Corporate,Puerto Rico,PR,Caguas
15833,Corporate,Puerto Rico,PR,Caguas
16057,Corporate,Puerto Rico,PR,Caguas
17666,Corporate,Puerto Rico,PR,Caguas
20424,Corporate,Puerto Rico,PR,Caguas
18494,Corporate,Puerto Rico,PR,Caguas
20023,Corporate,Puerto Rico,PR,Caguas
17229,Corporate,Puerto Rico,PR,Caguas
18855,Consumer,United States,MD,Silver Spring
17376,Consumer,United States,TX,Mesquite
15508,Consumer,United States,VA,Hampton
18131,Consumer,United States,CA,Mission Viejo
7516,Consumer,United States,WA,Lynnwood
448,Consumer,United States,CA,Modesto
14809,Consumer,United States,SC,Goose Creek
19967,Consumer,United States,CA,San Diego
3386,Consumer,United States,TX,Laredo
10463,Corporate,United States,PA,Lancaster
14534,Corporate,United States,NC,Raleigh
13388,Corporate,United States,CA,Hesperia
13539,Corporate,United States,OH,Mentor
18269,Corporate,United States,KS,Olathe
15998,Corporate,United States,VA,Annandale
18899,Corporate,United States,CA,Los Angeles
273,Corporate,United States,NY,Jamaica
4271,Corporate,United States,CA,Carmichael
7131,Corporate,United States,CA,San Diego
9566,Corporate,United States,CA,Pacoima
18807,Corporate,United States,CA,Los Angeles
11051,Corporate,United States,CA,San Jose
2599,Corporate,United States,CA,Livermore
14355,Corporate,United States,TX,Fort Worth
16392,Corporate,United States,GA,Stockbridge
17485,Corporate,United States,IL,Carol Stream
17119,Corporate,United States,GA,Atlanta
13293,Corporate,United States,TX,Houston
14521,Corporate,United States,CA,Los Angeles
14606,Corporate,United States,MI,Troy
13688,Corporate,United States,NY,New York
19766,Consumer,Puerto Rico,PR,Caguas
19747,Home Office,United States,CA,Modesto
19745,Corporate,United States,MD,Gaithersburg
19717,Corporate,United States,CA,Antioch
19692,Consumer,Puerto Rico,PR,Caguas
19681,Consumer,Puerto Rico,PR,Caguas
19674,Home Office,United States,OH,Cincinnati
19670,Home Office,United States,UT,Ogden
19646,Home Office,Puerto Rico,PR,Caguas
19639,Corporate,Puerto Rico,PR,Caguas
19637,Consumer,Puerto Rico,PR,Caguas
19636,Consumer,United States,FL,Tampa
19634,Corporate,United States,TX,San Antonio
19597,Consumer,United States,CO,Denver
19576,Home Office,Puerto Rico,PR,Caguas
19547,Corporate,Puerto Rico,PR,Caguas
19531,Consumer,United States,CA,Watsonville
19516,Consumer,United States,CA,San Pedro
19511,Consumer,United States,PA,Doylestown
19506,Home Office,United States,NY,Brooklyn
17010,Consumer,United States,UT,Clearfield
16992,Consumer,United States,MI,Detroit
16974,Corporate,United States,OH,Zanesville
16965,Home Office,United States,NY,Bronx
16939,Consumer,United States,MN,Saint Paul
16927,Consumer,United States,NY,Elmhurst
16921,Home Office,Puerto Rico,PR,Caguas
16907,Consumer,United States,CA,Sacramento
16892,Corporate,United States,FL,Miami
16889,Consumer,Puerto Rico,PR,Caguas
16880,Home Office,United States,IL,Mount Prospect
16879,Home Office,United States,CA,Long Beach
16875,Home Office,United States,MT,Billings
16849,Consumer,United States,TX,Sugar Land
16848,Consumer,Puerto Rico,PR,Caguas
16829,Consumer,United States,TN,Columbia
16824,Consumer,United States,MI,Holland
16808,Consumer,Puerto Rico,PR,Caguas
16788,Corporate,United States,TN,Memphis
16778,Consumer,Puerto Rico,PR,Caguas
15581,Consumer,Puerto Rico,PR,Caguas
12803,Corporate,United States,CA,San Francisco
12515,Corporate,United States,TN,Knoxville
15080,Corporate,United States,NY,Brooklyn
19124,Corporate,United States,NJ,Clementon
15678,Corporate,United States,CA,El Cajon
8494,Corporate,United States,AZ,Chandler
13017,Home Office,United States,NJ,West New York
8466,Home Office,United States,IL,Bartlett
20254,Home Office,United States,OR,Bend
11649,Home Office,United States,CO,Aurora
20225,Home Office,United States,CA,Chula Vista
20239,Home Office,United States,CA,Garden Grove
20255,Home Office,United States,FL,Miami
14557,Consumer,United States,VA,Virginia Beach
4966,Consumer,United States,OH,Columbus
12763,Consumer,United States,TX,Carrollton
15094,Consumer,United States,TX,Weslaco
14511,Consumer,United States,PA,Lansdale
33,Consumer,United States,VA,Norfolk
5953,Consumer,United States,PA,Irwin
15907,Consumer,United States,MA,New Bedford
18830,Consumer,United States,MD,Germantown
20396,Consumer,United States,NV,Las Vegas
17928,Consumer,United States,CA,Victorville
15285,Consumer,United States,TX,Houston
20114,Consumer,United States,CA,Tracy
17097,Consumer,United States,MO,Columbia
16344,Consumer,United States,NJ,Lakewood
19863,Consumer,United States,TX,Austin
17184,Consumer,United States,TX,Laredo
17798,Corporate,Puerto Rico,PR,Caguas
13175,Corporate,United States,CA,Los Angeles
15830,Corporate,United States,IL,Chicago
18487,Corporate,United States,CA,Pomona
20702,Corporate,United States,UT,Clearfield
19016,Corporate,United States,HI,Ewa Beach
14961,Corporate,United States,IL,Chicago
18563,Corporate,United States,NY,Lindenhurst
14994,Corporate,United States,CA,Modesto
18246,Corporate,United States,NJ,Newark
3846,Home Office,United States,CA,Ontario
10388,Consumer,United States,FL,Fort Lauderdale
13235,Consumer,United States,FL,Pompano Beach
13395,Consumer,United States,AZ,Tempe
13295,Consumer,United States,PA,Greensburg
13569,Consumer,United States,CA,Oxnard
13727,Consumer,United States,OH,Massillon
14761,Consumer,United States,CA,Antioch
14031,Consumer,United States,MI,Troy
14048,Consumer,United States,HI,Kailua
13918,Consumer,United States,CA,Los Angeles
14792,Consumer,United States,PA,Irwin
12912,Consumer,United States,OR,Eugene
3183,Consumer,United States,NY,Buffalo
7959,Consumer,United States,OH,Strongsville
13424,Corporate,United States,MA,Pittsfield
14707,Corporate,United States,IL,Chicago
12593,Corporate,United States,CA,Citrus Heights
14301,Corporate,United States,MI,Detroit
18081,Corporate,United States,TX,Sugar Land
20506,Corporate,United States,TX,Richmond
15160,Corporate,United States,CA,Los Angeles
15806,Corporate,United States,FL,Hialeah
18320,Corporate,United States,CA,San Jose
20447,Corporate,United States,IL,Chicago
18942,Corporate,United States,NY,South Ozone Park
14995,Consumer,United States,FL,Orlando
18471,Consumer,United States,NY,Lockport
18169,Consumer,United States,NY,New York
18256,Consumer,United States,TN,Memphis
15718,Consumer,United States,TX,Dallas
17973,Consumer,United States,UT,Salt Lake City
17390,Consumer,United States,TX,San Antonio
16048,Consumer,United States,CO,Aurora
20578,Consumer,United States,CA,Ontario
18430,Consumer,United States,CA,Moreno Valley
15524,Consumer,United States,WI,Milwaukee
15487,Consumer,United States,TX,Sugar Land
17167,Consumer,United States,CA,Moreno Valley
20011,Consumer,United States,NC,Sanford
13185,Corporate,Puerto Rico,PR,Caguas
14156,Corporate,Puerto Rico,PR,Caguas
14115,Corporate,Puerto Rico,PR,Caguas
13913,Corporate,Puerto Rico,PR,Caguas
18125,Corporate,Puerto Rico,PR,Caguas
17350,Corporate,Puerto Rico,PR,Caguas
1769,Corporate,Puerto Rico,PR,Caguas
7159,Consumer,United States,CA,Hawthorne
18074,Consumer,United States,CO,Colorado Springs
19179,Consumer,United States,NY,Ithaca
16466,Consumer,United States,CO,Aurora
19229,Consumer,United States,CA,Hayward
19204,Consumer,United States,CA,San Francisco
16468,Consumer,United States,NY,Brooklyn
15700,Consumer,United States,NY,New York
15801,Consumer,United States,SC,Rock Hill
15687,Consumer,United States,CA,Los Angeles
20552,Consumer,United States,NY,Freeport
20418,Consumer,United States,IL,Quincy
20490,Consumer,United States,WI,Madison
17423,Consumer,United States,CA,Hesperia
20394,Consumer,United States,CT,New Haven
15933,Consumer,United States,NY,New York
18717,Consumer,United States,PA,Philadelphia
15517,Consumer,United States,OH,Columbus
20170,Consumer,United States,NY,Jackson Heights
17872,Consumer,United States,CA,Chino Hills
19917,Consumer,United States,CA,Garden Grove
17096,Consumer,United States,NY,Brooklyn
19823,Consumer,United States,CA,Fremont
20216,Consumer,United States,MI,Holland
17127,Consumer,United States,GA,Atlanta
20287,Consumer,United States,MO,Saint Peters
20173,Consumer,United States,CA,Anaheim
19085,Consumer,United States,NY,Levittown
17644,Consumer,United States,GA,Lawrenceville
16294,Consumer,United States,OH,Newark
14202,Home Office,United States,CO,Denver
18286,Home Office,United States,DE,Newark
1884,Home Office,United States,CA,Pacoima
13955,Home Office,United States,CA,San Diego
12671,Home Office,United States,NJ,Piscataway
17450,Home Office,United States,TX,Weslaco
4441,Home Office,United States,CA,Rancho Cordova
15064,Home Office,United States,CA,Rancho Cordova
8248,Home Office,United States,MI,Wyandotte
17286,Home Office,United States,CA,San Jose
18652,Home Office,United States,NY,Brooklyn
4634,Home Office,United States,CA,San Diego
14549,Home Office,United States,IL,Harvey
13505,Consumer,United States,GA,Stockbridge
13334,Consumer,United States,FL,Tampa
13504,Consumer,United States,CT,Bristol
16476,Consumer,United States,MI,Roseville
18792,Consumer,United States,NJ,West New York
16191,Consumer,United States,CA,Los Angeles
18764,Consumer,United States,CA,Modesto
13253,Consumer,United States,GA,Stockbridge
17830,Consumer,United States,MI,Detroit
13003,Consumer,United States,NV,Las Vegas
13482,Consumer,United States,TX,San Antonio
14058,Consumer,United States,CA,Alhambra
13428,Consumer,United States,NY,New York
18352,Consumer,United States,TX,Del Rio
17248,Consumer,United States,CA,Escondido
18354,Consumer,United States,CO,Aurora
13692,Consumer,United States,CA,West Covina
13846,Consumer,United States,CA,Santa Ana
12965,Consumer,United States,IL,Chicago
14079,Consumer,United States,NY,Staten Island
14074,Consumer,United States,IL,Crystal Lake
12755,Consumer,United States,IL,Chicago
13815,Corporate,Puerto Rico,PR,Caguas
11724,Corporate,Puerto Rico,PR,Caguas
7004,Consumer,United States,MD,Hagerstown
